"country","variable","percentile","year","value","data_quality"
"US","shweal992f","p0p50",1962,0.0137,4
"US","shweal992f","p0p50",1963,0.0127,4
"US","shweal992f","p0p50",1964,0.0118,4
"US","shweal992f","p0p50",1965,0.0121,4
"US","shweal992f","p0p50",1966,0.0125,4
"US","shweal992f","p0p50",1967,0.0093,4
"US","shweal992f","p0p50",1968,0.0096,4
"US","shweal992f","p0p50",1969,0.0104,4
"US","shweal992f","p0p50",1970,0.0107,4
"US","shweal992f","p0p50",1971,0.0108,4
"US","shweal992f","p0p50",1972,0.0115,4
"US","shweal992f","p0p50",1973,0.0098,4
"US","shweal992f","p0p50",1974,0.0073,4
"US","shweal992f","p0p50",1975,0.0094,4
"US","shweal992f","p0p50",1976,0.0099,4
"US","shweal992f","p0p50",1977,0.0096,4
"US","shweal992f","p0p50",1978,0.0091,4
"US","shweal992f","p0p50",1979,0.0098,4
"US","shweal992f","p0p50",1980,0.0104,4
"US","shweal992f","p0p50",1981,0.0123,4
"US","shweal992f","p0p50",1982,0.0156,4
"US","shweal992f","p0p50",1983,0.0169,4
"US","shweal992f","p0p50",1984,0.0142,4
"US","shweal992f","p0p50",1985,0.0149,4
"US","shweal992f","p0p50",1986,0.0155,4
"US","shweal992f","p0p50",1987,0.0189,4
"US","shweal992f","p0p50",1988,0.0178,4
"US","shweal992f","p0p50",1989,0.0183,4
"US","shweal992f","p0p50",1990,0.0166,4
"US","shweal992f","p0p50",1991,0.0163,4
"US","shweal992f","p0p50",1992,0.0133,4
"US","shweal992f","p0p50",1993,0.0124,4
"US","shweal992f","p0p50",1994,0.0106,4
"US","shweal992f","p0p50",1995,0.0083,4
"US","shweal992f","p0p50",1996,0.0072,4
"US","shweal992f","p0p50",1997,0.004,4
"US","shweal992f","p0p50",1998,0.0035,4
"US","shweal992f","p0p50",1999,0.0049,4
"US","shweal992f","p0p50",2000,0.005,4
"US","shweal992f","p0p50",2001,0.0049,4
"US","shweal992f","p0p50",2002,0.0051,4
"US","shweal992f","p0p50",2003,0.0033,4
"US","shweal992f","p0p50",2004,0.0027,4
"US","shweal992f","p0p50",2005,0.0037,4
"US","shweal992f","p0p50",2006,0.0014,4
"US","shweal992f","p0p50",2007,-0.0041,4
"US","shweal992f","p0p50",2008,-0.0122,4
"US","shweal992f","p0p50",2009,-0.0186,4
"US","shweal992f","p0p50",2010,-0.0179,4
"US","shweal992f","p0p50",2011,-0.0175,4
"US","shweal992f","p0p50",2012,-0.0162,4
"US","shweal992f","p0p50",2013,-0.0121,4
"US","shweal992f","p0p50",2014,-0.0081,4
"US","shweal992f","p0p50",2015,-0.0062,4
"US","shweal992f","p0p50",2016,-0.0045,4
"US","shweal992f","p0p50",2017,-4e-04,4
"US","shweal992f","p0p50",2018,6e-04,4
"US","shweal992f","p0p50",2019,0.0021,4
"US","shweal992f","p50p90",1962,0.3937,4
"US","shweal992f","p50p90",1963,0.3958,4
"US","shweal992f","p50p90",1964,0.3977,4
"US","shweal992f","p50p90",1965,0.4047,4
"US","shweal992f","p50p90",1966,0.4113,4
"US","shweal992f","p50p90",1967,0.426,4
"US","shweal992f","p50p90",1968,0.4234,4
"US","shweal992f","p50p90",1969,0.4385,4
"US","shweal992f","p50p90",1970,0.4346,4
"US","shweal992f","p50p90",1971,0.4357,4
"US","shweal992f","p50p90",1972,0.4212,4
"US","shweal992f","p50p90",1973,0.4396,4
"US","shweal992f","p50p90",1974,0.4516,4
"US","shweal992f","p50p90",1975,0.4487,4
"US","shweal992f","p50p90",1976,0.4594,4
"US","shweal992f","p50p90",1977,0.4605,4
"US","shweal992f","p50p90",1978,0.4699,4
"US","shweal992f","p50p90",1979,0.4558,4
"US","shweal992f","p50p90",1980,0.454,4
"US","shweal992f","p50p90",1981,0.4563,4
"US","shweal992f","p50p90",1982,0.4679,4
"US","shweal992f","p50p90",1983,0.4724,4
"US","shweal992f","p50p90",1984,0.4648,4
"US","shweal992f","p50p90",1985,0.4696,4
"US","shweal992f","p50p90",1986,0.4658,4
"US","shweal992f","p50p90",1987,0.457,4
"US","shweal992f","p50p90",1988,0.4417,4
"US","shweal992f","p50p90",1989,0.4345,4
"US","shweal992f","p50p90",1990,0.4361,4
"US","shweal992f","p50p90",1991,0.4348,4
"US","shweal992f","p50p90",1992,0.4179,4
"US","shweal992f","p50p90",1993,0.414,4
"US","shweal992f","p50p90",1994,0.4131,4
"US","shweal992f","p50p90",1995,0.412,4
"US","shweal992f","p50p90",1996,0.4004,4
"US","shweal992f","p50p90",1997,0.3983,4
"US","shweal992f","p50p90",1998,0.3884,4
"US","shweal992f","p50p90",1999,0.3865,4
"US","shweal992f","p50p90",2000,0.3827,4
"US","shweal992f","p50p90",2001,0.3971,4
"US","shweal992f","p50p90",2002,0.3943,4
"US","shweal992f","p50p90",2003,0.3943,4
"US","shweal992f","p50p90",2004,0.3887,4
"US","shweal992f","p50p90",2005,0.3843,4
"US","shweal992f","p50p90",2006,0.3866,4
"US","shweal992f","p50p90",2007,0.379,4
"US","shweal992f","p50p90",2008,0.3642,4
"US","shweal992f","p50p90",2009,0.3641,4
"US","shweal992f","p50p90",2010,0.3416,4
"US","shweal992f","p50p90",2011,0.3376,4
"US","shweal992f","p50p90",2012,0.3206,4
"US","shweal992f","p50p90",2013,0.3218,4
"US","shweal992f","p50p90",2014,0.3186,4
"US","shweal992f","p50p90",2015,0.3223,4
"US","shweal992f","p50p90",2016,0.3232,4
"US","shweal992f","p50p90",2017,0.3362,4
"US","shweal992f","p50p90",2018,0.3372,4
"US","shweal992f","p50p90",2019,0.3412,4
"US","shweal992f","p90p100",1962,0.7202,4
"US","shweal992f","p90p100",1963,0.7188,4
"US","shweal992f","p90p100",1964,0.7173,4
"US","shweal992f","p90p100",1965,0.7129,4
"US","shweal992f","p90p100",1966,0.7086,4
"US","shweal992f","p90p100",1967,0.7068,4
"US","shweal992f","p90p100",1968,0.7057,4
"US","shweal992f","p90p100",1969,0.6955,4
"US","shweal992f","p90p100",1970,0.6955,4
"US","shweal992f","p90p100",1971,0.6918,4
"US","shweal992f","p90p100",1972,0.6938,4
"US","shweal992f","p90p100",1973,0.6847,4
"US","shweal992f","p90p100",1974,0.6733,4
"US","shweal992f","p90p100",1975,0.6686,4
"US","shweal992f","p90p100",1976,0.6617,4
"US","shweal992f","p90p100",1977,0.6576,4
"US","shweal992f","p90p100",1978,0.6492,4
"US","shweal992f","p90p100",1979,0.6537,4
"US","shweal992f","p90p100",1980,0.651,4
"US","shweal992f","p90p100",1981,0.6457,4
"US","shweal992f","p90p100",1982,0.6366,4
"US","shweal992f","p90p100",1983,0.631,4
"US","shweal992f","p90p100",1984,0.632,4
"US","shweal992f","p90p100",1985,0.6323,4
"US","shweal992f","p90p100",1986,0.6308,4
"US","shweal992f","p90p100",1987,0.6325,4
"US","shweal992f","p90p100",1988,0.6429,4
"US","shweal992f","p90p100",1989,0.6446,4
"US","shweal992f","p90p100",1990,0.6439,4
"US","shweal992f","p90p100",1991,0.6449,4
"US","shweal992f","p90p100",1992,0.6582,4
"US","shweal992f","p90p100",1993,0.6641,4
"US","shweal992f","p90p100",1994,0.6654,4
"US","shweal992f","p90p100",1995,0.6685,4
"US","shweal992f","p90p100",1996,0.6714,4
"US","shweal992f","p90p100",1997,0.6796,4
"US","shweal992f","p90p100",1998,0.6859,4
"US","shweal992f","p90p100",1999,0.6844,4
"US","shweal992f","p90p100",2000,0.686,4
"US","shweal992f","p90p100",2001,0.6776,4
"US","shweal992f","p90p100",2002,0.6793,4
"US","shweal992f","p90p100",2003,0.6794,4
"US","shweal992f","p90p100",2004,0.6842,4
"US","shweal992f","p90p100",2005,0.6845,4
"US","shweal992f","p90p100",2006,0.6816,4
"US","shweal992f","p90p100",2007,0.6909,4
"US","shweal992f","p90p100",2008,0.7054,4
"US","shweal992f","p90p100",2009,0.712,4
"US","shweal992f","p90p100",2010,0.7241,4
"US","shweal992f","p90p100",2011,0.7279,4
"US","shweal992f","p90p100",2012,0.7371,4
"US","shweal992f","p90p100",2013,0.7354,4
"US","shweal992f","p90p100",2014,0.7336,4
"US","shweal992f","p90p100",2015,0.7282,4
"US","shweal992f","p90p100",2016,0.7245,4
"US","shweal992f","p90p100",2017,0.7124,4
"US","shweal992f","p90p100",2018,0.7104,4
"US","shweal992f","p90p100",2019,0.7085,4
"US","shweal992f","p99p100",1962,0.2919,4
"US","shweal992f","p99p100",1963,0.2862,4
"US","shweal992f","p99p100",1964,0.2809,4
"US","shweal992f","p99p100",1965,0.2795,4
"US","shweal992f","p99p100",1966,0.2783,4
"US","shweal992f","p99p100",1967,0.2835,4
"US","shweal992f","p99p100",1968,0.2865,4
"US","shweal992f","p99p100",1969,0.2763,4
"US","shweal992f","p99p100",1970,0.2702,4
"US","shweal992f","p99p100",1971,0.2677,4
"US","shweal992f","p99p100",1972,0.2628,4
"US","shweal992f","p99p100",1973,0.2522,4
"US","shweal992f","p99p100",1974,0.2405,4
"US","shweal992f","p99p100",1975,0.2343,4
"US","shweal992f","p99p100",1976,0.2279,4
"US","shweal992f","p99p100",1977,0.2249,4
"US","shweal992f","p99p100",1978,0.2235,4
"US","shweal992f","p99p100",1979,0.2311,4
"US","shweal992f","p99p100",1980,0.2322,4
"US","shweal992f","p99p100",1981,0.2372,4
"US","shweal992f","p99p100",1982,0.2441,4
"US","shweal992f","p99p100",1983,0.2373,4
"US","shweal992f","p99p100",1984,0.2395,4
"US","shweal992f","p99p100",1985,0.2496,4
"US","shweal992f","p99p100",1986,0.2499,4
"US","shweal992f","p99p100",1987,0.2624,4
"US","shweal992f","p99p100",1988,0.279,4
"US","shweal992f","p99p100",1989,0.2796,4
"US","shweal992f","p99p100",1990,0.2781,4
"US","shweal992f","p99p100",1991,0.2726,4
"US","shweal992f","p99p100",1992,0.281,4
"US","shweal992f","p99p100",1993,0.2852,4
"US","shweal992f","p99p100",1994,0.2837,4
"US","shweal992f","p99p100",1995,0.2818,4
"US","shweal992f","p99p100",1996,0.287,4
"US","shweal992f","p99p100",1997,0.2981,4
"US","shweal992f","p99p100",1998,0.3054,4
"US","shweal992f","p99p100",1999,0.3066,4
"US","shweal992f","p99p100",2000,0.3151,4
"US","shweal992f","p99p100",2001,0.3087,4
"US","shweal992f","p99p100",2002,0.3055,4
"US","shweal992f","p99p100",2003,0.3022,4
"US","shweal992f","p99p100",2004,0.3063,4
"US","shweal992f","p99p100",2005,0.3138,4
"US","shweal992f","p99p100",2006,0.3145,4
"US","shweal992f","p99p100",2007,0.3235,4
"US","shweal992f","p99p100",2008,0.3274,4
"US","shweal992f","p99p100",2009,0.3198,4
"US","shweal992f","p99p100",2010,0.3343,4
"US","shweal992f","p99p100",2011,0.3398,4
"US","shweal992f","p99p100",2012,0.3546,4
"US","shweal992f","p99p100",2013,0.3467,4
"US","shweal992f","p99p100",2014,0.35,4
"US","shweal992f","p99p100",2015,0.3478,4
"US","shweal992f","p99p100",2016,0.3451,4
"US","shweal992f","p99p100",2017,0.3444,4
"US","shweal992f","p99p100",2018,0.3419,4
"US","shweal992f","p99p100",2019,0.3389,4
"US","shweal992i","p90p100",1913,0.7936,3
"US","shweal992i","p90p100",1914,0.7924,3
"US","shweal992i","p90p100",1915,0.7888,3
"US","shweal992i","p90p100",1916,0.7887,3
"US","shweal992i","p90p100",1917,0.7902,3
"US","shweal992i","p90p100",1918,0.7933,3
"US","shweal992i","p90p100",1919,0.8083,3
"US","shweal992i","p90p100",1920,0.7895,3
"US","shweal992i","p90p100",1921,0.789,3
"US","shweal992i","p90p100",1922,0.7995,3
"US","shweal992i","p90p100",1923,0.8046,3
"US","shweal992i","p90p100",1924,0.8171,3
"US","shweal992i","p90p100",1925,0.8268,3
"US","shweal992i","p90p100",1926,0.8365,3
"US","shweal992i","p90p100",1927,0.8471,3
"US","shweal992i","p90p100",1928,0.8491,3
"US","shweal992i","p90p100",1929,0.8486,3
"US","shweal992i","p90p100",1930,0.8532,3
"US","shweal992i","p90p100",1931,0.8511,3
"US","shweal992i","p90p100",1932,0.8559,3
"US","shweal992i","p90p100",1933,0.8527,3
"US","shweal992i","p90p100",1934,0.8368,3
"US","shweal992i","p90p100",1935,0.8233,3
"US","shweal992i","p90p100",1936,0.8271,3
"US","shweal992i","p90p100",1937,0.8099,3
"US","shweal992i","p90p100",1938,0.8066,3
"US","shweal992i","p90p100",1939,0.8098,3
"US","shweal992i","p90p100",1940,0.7806,3
"US","shweal992i","p90p100",1941,0.7554,3
"US","shweal992i","p90p100",1942,0.7373,3
"US","shweal992i","p90p100",1943,0.7408,3
"US","shweal992i","p90p100",1944,0.7178,3
"US","shweal992i","p90p100",1945,0.7237,3
"US","shweal992i","p90p100",1946,0.7212,3
"US","shweal992i","p90p100",1947,0.708,3
"US","shweal992i","p90p100",1948,0.6946,3
"US","shweal992i","p90p100",1949,0.6868,3
"US","shweal992i","p90p100",1950,0.6903,3
"US","shweal992i","p90p100",1951,0.6901,3
"US","shweal992i","p90p100",1952,0.6873,3
"US","shweal992i","p90p100",1953,0.681,3
"US","shweal992i","p90p100",1954,0.685,3
"US","shweal992i","p90p100",1955,0.6888,3
"US","shweal992i","p90p100",1956,0.6922,3
"US","shweal992i","p90p100",1957,0.6964,3
"US","shweal992i","p90p100",1958,0.6952,3
"US","shweal992i","p90p100",1959,0.7024,3
"US","shweal992i","p90p100",1960,0.705,3
"US","shweal992i","p90p100",1961,0.7071,3
"US","shweal992i","p90p100",1962,0.7122,4
"US","shweal992i","p90p100",1963,0.7117,4
"US","shweal992i","p90p100",1964,0.7112,4
"US","shweal992i","p90p100",1965,0.7071,4
"US","shweal992i","p90p100",1966,0.703,4
"US","shweal992i","p90p100",1967,0.6995,4
"US","shweal992i","p90p100",1968,0.6999,4
"US","shweal992i","p90p100",1969,0.6902,4
"US","shweal992i","p90p100",1970,0.6907,4
"US","shweal992i","p90p100",1971,0.687,4
"US","shweal992i","p90p100",1972,0.6891,4
"US","shweal992i","p90p100",1973,0.6802,4
"US","shweal992i","p90p100",1974,0.6709,4
"US","shweal992i","p90p100",1975,0.6662,4
"US","shweal992i","p90p100",1976,0.6581,4
"US","shweal992i","p90p100",1977,0.654,4
"US","shweal992i","p90p100",1978,0.6465,4
"US","shweal992i","p90p100",1979,0.6537,4
"US","shweal992i","p90p100",1980,0.6499,4
"US","shweal992i","p90p100",1981,0.6459,4
"US","shweal992i","p90p100",1982,0.6354,4
"US","shweal992i","p90p100",1983,0.6302,4
"US","shweal992i","p90p100",1984,0.6325,4
"US","shweal992i","p90p100",1985,0.6298,4
"US","shweal992i","p90p100",1986,0.6294,4
"US","shweal992i","p90p100",1987,0.6335,4
"US","shweal992i","p90p100",1988,0.6461,4
"US","shweal992i","p90p100",1989,0.6469,4
"US","shweal992i","p90p100",1990,0.6488,4
"US","shweal992i","p90p100",1991,0.6494,4
"US","shweal992i","p90p100",1992,0.6634,4
"US","shweal992i","p90p100",1993,0.6656,4
"US","shweal992i","p90p100",1994,0.6663,4
"US","shweal992i","p90p100",1995,0.6695,4
"US","shweal992i","p90p100",1996,0.6731,4
"US","shweal992i","p90p100",1997,0.6801,4
"US","shweal992i","p90p100",1998,0.6865,4
"US","shweal992i","p90p100",1999,0.6863,4
"US","shweal992i","p90p100",2000,0.6865,4
"US","shweal992i","p90p100",2001,0.6808,4
"US","shweal992i","p90p100",2002,0.6806,4
"US","shweal992i","p90p100",2003,0.6817,4
"US","shweal992i","p90p100",2004,0.686,4
"US","shweal992i","p90p100",2005,0.686,4
"US","shweal992i","p90p100",2006,0.6874,4
"US","shweal992i","p90p100",2007,0.6963,4
"US","shweal992i","p90p100",2008,0.7114,4
"US","shweal992i","p90p100",2009,0.7168,4
"US","shweal992i","p90p100",2010,0.7297,4
"US","shweal992i","p90p100",2011,0.735,4
"US","shweal992i","p90p100",2012,0.7435,4
"US","shweal992i","p90p100",2013,0.7392,4
"US","shweal992i","p90p100",2014,0.7364,4
"US","shweal992i","p99p100",1913,0.4662,3
"US","shweal992i","p99p100",1914,0.461,3
"US","shweal992i","p99p100",1915,0.4613,3
"US","shweal992i","p99p100",1916,0.4445,3
"US","shweal992i","p99p100",1917,0.42,3
"US","shweal992i","p99p100",1918,0.3842,3
"US","shweal992i","p99p100",1919,0.4127,3
"US","shweal992i","p99p100",1920,0.3696,3
"US","shweal992i","p99p100",1921,0.3812,3
"US","shweal992i","p99p100",1922,0.4111,3
"US","shweal992i","p99p100",1923,0.3656,3
"US","shweal992i","p99p100",1924,0.3861,3
"US","shweal992i","p99p100",1925,0.4188,3
"US","shweal992i","p99p100",1926,0.4349,3
"US","shweal992i","p99p100",1927,0.4586,3
"US","shweal992i","p99p100",1928,0.4855,3
"US","shweal992i","p99p100",1929,0.4867,3
"US","shweal992i","p99p100",1930,0.4417,3
"US","shweal992i","p99p100",1931,0.396,3
"US","shweal992i","p99p100",1932,0.3937,3
"US","shweal992i","p99p100",1933,0.4148,3
"US","shweal992i","p99p100",1934,0.4211,3
"US","shweal992i","p99p100",1935,0.4152,3
"US","shweal992i","p99p100",1936,0.4395,3
"US","shweal992i","p99p100",1937,0.4472,3
"US","shweal992i","p99p100",1938,0.4084,3
"US","shweal992i","p99p100",1939,0.4189,3
"US","shweal992i","p99p100",1940,0.3897,3
"US","shweal992i","p99p100",1941,0.3587,3
"US","shweal992i","p99p100",1942,0.3537,3
"US","shweal992i","p99p100",1943,0.3553,3
"US","shweal992i","p99p100",1944,0.3284,3
"US","shweal992i","p99p100",1945,0.33,3
"US","shweal992i","p99p100",1946,0.3088,3
"US","shweal992i","p99p100",1947,0.2975,3
"US","shweal992i","p99p100",1948,0.292,3
"US","shweal992i","p99p100",1949,0.2835,3
"US","shweal992i","p99p100",1950,0.2959,3
"US","shweal992i","p99p100",1951,0.2913,3
"US","shweal992i","p99p100",1952,0.2881,3
"US","shweal992i","p99p100",1953,0.2762,3
"US","shweal992i","p99p100",1954,0.2822,3
"US","shweal992i","p99p100",1955,0.2847,3
"US","shweal992i","p99p100",1956,0.2878,3
"US","shweal992i","p99p100",1957,0.2841,3
"US","shweal992i","p99p100",1958,0.2796,3
"US","shweal992i","p99p100",1959,0.2853,3
"US","shweal992i","p99p100",1960,0.2852,3
"US","shweal992i","p99p100",1961,0.2869,3
"US","shweal992i","p99p100",1962,0.2874,4
"US","shweal992i","p99p100",1963,0.2839,4
"US","shweal992i","p99p100",1964,0.2804,4
"US","shweal992i","p99p100",1965,0.2791,4
"US","shweal992i","p99p100",1966,0.2778,4
"US","shweal992i","p99p100",1967,0.2809,4
"US","shweal992i","p99p100",1968,0.2848,4
"US","shweal992i","p99p100",1969,0.2748,4
"US","shweal992i","p99p100",1970,0.2687,4
"US","shweal992i","p99p100",1971,0.2665,4
"US","shweal992i","p99p100",1972,0.2623,4
"US","shweal992i","p99p100",1973,0.2525,4
"US","shweal992i","p99p100",1974,0.2427,4
"US","shweal992i","p99p100",1975,0.2357,4
"US","shweal992i","p99p100",1976,0.2287,4
"US","shweal992i","p99p100",1977,0.2251,4
"US","shweal992i","p99p100",1978,0.2233,4
"US","shweal992i","p99p100",1979,0.2324,4
"US","shweal992i","p99p100",1980,0.2324,4
"US","shweal992i","p99p100",1981,0.239,4
"US","shweal992i","p99p100",1982,0.2451,4
"US","shweal992i","p99p100",1983,0.2397,4
"US","shweal992i","p99p100",1984,0.2419,4
"US","shweal992i","p99p100",1985,0.2474,4
"US","shweal992i","p99p100",1986,0.2497,4
"US","shweal992i","p99p100",1987,0.2658,4
"US","shweal992i","p99p100",1988,0.2845,4
"US","shweal992i","p99p100",1989,0.2859,4
"US","shweal992i","p99p100",1990,0.2862,4
"US","shweal992i","p99p100",1991,0.281,4
"US","shweal992i","p99p100",1992,0.2919,4
"US","shweal992i","p99p100",1993,0.2906,4
"US","shweal992i","p99p100",1994,0.2897,4
"US","shweal992i","p99p100",1995,0.2893,4
"US","shweal992i","p99p100",1996,0.2962,4
"US","shweal992i","p99p100",1997,0.305,4
"US","shweal992i","p99p100",1998,0.315,4
"US","shweal992i","p99p100",1999,0.3182,4
"US","shweal992i","p99p100",2000,0.3234,4
"US","shweal992i","p99p100",2001,0.319,4
"US","shweal992i","p99p100",2002,0.3127,4
"US","shweal992i","p99p100",2003,0.311,4
"US","shweal992i","p99p100",2004,0.3154,4
"US","shweal992i","p99p100",2005,0.3225,4
"US","shweal992i","p99p100",2006,0.3265,4
"US","shweal992i","p99p100",2007,0.3332,4
"US","shweal992i","p99p100",2008,0.339,4
"US","shweal992i","p99p100",2009,0.3312,4
"US","shweal992i","p99p100",2010,0.3459,4
"US","shweal992i","p99p100",2011,0.352,4
"US","shweal992i","p99p100",2012,0.3666,4
"US","shweal992i","p99p100",2013,0.3566,4
"US","shweal992i","p99p100",2014,0.3586,4
"US","shweal992j","p0p50",1820,0.013,0
"US","shweal992j","p0p50",1850,0.0071,0
"US","shweal992j","p0p50",1880,0.0126,0
"US","shweal992j","p0p50",1900,0.0108,0
"US","shweal992j","p0p50",1910,0.0106,0
"US","shweal992j","p0p50",1913,0.0194,3
"US","shweal992j","p0p50",1914,0.0198,3
"US","shweal992j","p0p50",1915,0.0205,3
"US","shweal992j","p0p50",1916,0.0324,3
"US","shweal992j","p0p50",1917,0.0319,3
"US","shweal992j","p0p50",1918,0.0124,3
"US","shweal992j","p0p50",1919,0.0171,3
"US","shweal992j","p0p50",1920,0.0081,3
"US","shweal992j","p0p50",1921,0.0132,3
"US","shweal992j","p0p50",1922,0.0122,3
"US","shweal992j","p0p50",1923,0.0335,3
"US","shweal992j","p0p50",1924,0.0311,3
"US","shweal992j","p0p50",1925,0.0295,3
"US","shweal992j","p0p50",1926,0.0278,3
"US","shweal992j","p0p50",1927,0.0259,3
"US","shweal992j","p0p50",1928,0.0256,3
"US","shweal992j","p0p50",1929,0.0258,3
"US","shweal992j","p0p50",1930,0.0247,3
"US","shweal992j","p0p50",1931,0.0251,3
"US","shweal992j","p0p50",1932,0.013,3
"US","shweal992j","p0p50",1933,0.0158,3
"US","shweal992j","p0p50",1934,0.037,3
"US","shweal992j","p0p50",1935,0.0257,3
"US","shweal992j","p0p50",1936,0.02,3
"US","shweal992j","p0p50",1937,0.0328,3
"US","shweal992j","p0p50",1938,0.033,3
"US","shweal992j","p0p50",1939,0.0327,3
"US","shweal992j","p0p50",1940,0.0105,3
"US","shweal992j","p0p50",1941,0.0214,3
"US","shweal992j","p0p50",1942,0.0222,3
"US","shweal992j","p0p50",1943,0.0251,3
"US","shweal992j","p0p50",1944,0.031,3
"US","shweal992j","p0p50",1945,0.0343,3
"US","shweal992j","p0p50",1946,0.0349,3
"US","shweal992j","p0p50",1947,0.0385,3
"US","shweal992j","p0p50",1948,0.0372,3
"US","shweal992j","p0p50",1949,0.0326,3
"US","shweal992j","p0p50",1950,0.0311,3
"US","shweal992j","p0p50",1951,0.0348,3
"US","shweal992j","p0p50",1952,0.0318,3
"US","shweal992j","p0p50",1953,0.0339,3
"US","shweal992j","p0p50",1954,0.0252,3
"US","shweal992j","p0p50",1955,0.016,3
"US","shweal992j","p0p50",1956,0.0252,3
"US","shweal992j","p0p50",1957,0.0358,3
"US","shweal992j","p0p50",1958,0.0353,3
"US","shweal992j","p0p50",1959,0.038,3
"US","shweal992j","p0p50",1960,0.0361,3
"US","shweal992j","p0p50",1961,0.0279,3
"US","shweal992j","p0p50",1962,0.0132,4
"US","shweal992j","p0p50",1963,0.0121,4
"US","shweal992j","p0p50",1964,0.0109,4
"US","shweal992j","p0p50",1965,0.0113,4
"US","shweal992j","p0p50",1966,0.0117,4
"US","shweal992j","p0p50",1967,0.0075,4
"US","shweal992j","p0p50",1968,0.0085,4
"US","shweal992j","p0p50",1969,0.0098,4
"US","shweal992j","p0p50",1970,0.0102,4
"US","shweal992j","p0p50",1971,0.0099,4
"US","shweal992j","p0p50",1972,0.0115,4
"US","shweal992j","p0p50",1973,0.0115,4
"US","shweal992j","p0p50",1974,0.0037,4
"US","shweal992j","p0p50",1975,0.0094,4
"US","shweal992j","p0p50",1976,0.0098,4
"US","shweal992j","p0p50",1977,0.0102,4
"US","shweal992j","p0p50",1978,0.0078,4
"US","shweal992j","p0p50",1979,0.0089,4
"US","shweal992j","p0p50",1980,0.0099,4
"US","shweal992j","p0p50",1981,0.0118,4
"US","shweal992j","p0p50",1982,0.016,4
"US","shweal992j","p0p50",1983,0.0175,4
"US","shweal992j","p0p50",1984,0.014,4
"US","shweal992j","p0p50",1985,0.0156,4
"US","shweal992j","p0p50",1986,0.016,4
"US","shweal992j","p0p50",1987,0.0191,4
"US","shweal992j","p0p50",1988,0.0181,4
"US","shweal992j","p0p50",1989,0.0184,4
"US","shweal992j","p0p50",1990,0.0169,4
"US","shweal992j","p0p50",1991,0.0165,4
"US","shweal992j","p0p50",1992,0.0138,4
"US","shweal992j","p0p50",1993,0.0134,4
"US","shweal992j","p0p50",1994,0.0115,4
"US","shweal992j","p0p50",1995,0.0094,4
"US","shweal992j","p0p50",1996,0.0079,4
"US","shweal992j","p0p50",1997,0.0055,4
"US","shweal992j","p0p50",1998,0.0051,4
"US","shweal992j","p0p50",1999,0.0064,4
"US","shweal992j","p0p50",2000,0.0061,4
"US","shweal992j","p0p50",2001,0.0062,4
"US","shweal992j","p0p50",2002,0.0062,4
"US","shweal992j","p0p50",2003,0.0042,4
"US","shweal992j","p0p50",2004,0.0039,4
"US","shweal992j","p0p50",2005,0.0047,4
"US","shweal992j","p0p50",2006,0.0018,4
"US","shweal992j","p0p50",2007,-0.0039,4
"US","shweal992j","p0p50",2008,-0.0123,4
"US","shweal992j","p0p50",2009,-0.0183,4
"US","shweal992j","p0p50",2010,-0.0182,4
"US","shweal992j","p0p50",2011,-0.0178,4
"US","shweal992j","p0p50",2012,-0.0164,4
"US","shweal992j","p0p50",2013,-0.0119,4
"US","shweal992j","p0p50",2014,-0.0078,4
"US","shweal992j","p0p50",2015,-0.0056,4
"US","shweal992j","p0p50",2016,-0.004,4
"US","shweal992j","p0p50",2017,-3e-04,4
"US","shweal992j","p0p50",2018,6e-04,4
"US","shweal992j","p0p50",2019,0.0022,4
"US","shweal992j","p0p50",2020,0.0036,4
"US","shweal992j","p0p50",2021,0.0078,4
"US","shweal992j","p0p50",2022,0.0094,4
"US","shweal992j","p0p50",2023,0.0095,0
"US","shweal992j","p0p50",2024,0.0096,0
"US","shweal992j","p50p90",1820,0.2237,0
"US","shweal992j","p50p90",1850,0.1981,0
"US","shweal992j","p50p90",1880,0.2222,0
"US","shweal992j","p50p90",1900,0.2142,0
"US","shweal992j","p50p90",1910,0.2134,0
"US","shweal992j","p50p90",1913,0.1871,3
"US","shweal992j","p50p90",1914,0.188,3
"US","shweal992j","p50p90",1915,0.1909,3
"US","shweal992j","p50p90",1916,0.1789,3
"US","shweal992j","p50p90",1917,0.178,3
"US","shweal992j","p50p90",1918,0.1944,3
"US","shweal992j","p50p90",1919,0.1748,3
"US","shweal992j","p50p90",1920,0.2026,3
"US","shweal992j","p50p90",1921,0.1979,3
"US","shweal992j","p50p90",1922,0.1883,3
"US","shweal992j","p50p90",1923,0.162,3
"US","shweal992j","p50p90",1924,0.1518,3
"US","shweal992j","p50p90",1925,0.1437,3
"US","shweal992j","p50p90",1926,0.1358,3
"US","shweal992j","p50p90",1927,0.127,3
"US","shweal992j","p50p90",1928,0.1253,3
"US","shweal992j","p50p90",1929,0.1257,3
"US","shweal992j","p50p90",1930,0.1222,3
"US","shweal992j","p50p90",1931,0.1239,3
"US","shweal992j","p50p90",1932,0.1311,3
"US","shweal992j","p50p90",1933,0.1315,3
"US","shweal992j","p50p90",1934,0.1263,3
"US","shweal992j","p50p90",1935,0.1511,3
"US","shweal992j","p50p90",1936,0.1529,3
"US","shweal992j","p50p90",1937,0.1573,3
"US","shweal992j","p50p90",1938,0.1605,3
"US","shweal992j","p50p90",1939,0.1576,3
"US","shweal992j","p50p90",1940,0.209,3
"US","shweal992j","p50p90",1941,0.2232,3
"US","shweal992j","p50p90",1942,0.2406,3
"US","shweal992j","p50p90",1943,0.2342,3
"US","shweal992j","p50p90",1944,0.2513,3
"US","shweal992j","p50p90",1945,0.2421,3
"US","shweal992j","p50p90",1946,0.2439,3
"US","shweal992j","p50p90",1947,0.2536,3
"US","shweal992j","p50p90",1948,0.2683,3
"US","shweal992j","p50p90",1949,0.2807,3
"US","shweal992j","p50p90",1950,0.2788,3
"US","shweal992j","p50p90",1951,0.2751,3
"US","shweal992j","p50p90",1952,0.2809,3
"US","shweal992j","p50p90",1953,0.2853,3
"US","shweal992j","p50p90",1954,0.2899,3
"US","shweal992j","p50p90",1955,0.2952,3
"US","shweal992j","p50p90",1956,0.2826,3
"US","shweal992j","p50p90",1957,0.2679,3
"US","shweal992j","p50p90",1958,0.2695,3
"US","shweal992j","p50p90",1959,0.2596,3
"US","shweal992j","p50p90",1960,0.2589,3
"US","shweal992j","p50p90",1961,0.265,3
"US","shweal992j","p50p90",1962,0.2748,4
"US","shweal992j","p50p90",1963,0.2764,4
"US","shweal992j","p50p90",1964,0.2779,4
"US","shweal992j","p50p90",1965,0.2818,4
"US","shweal992j","p50p90",1966,0.2854,4
"US","shweal992j","p50p90",1967,0.2995,4
"US","shweal992j","p50p90",1968,0.2829,4
"US","shweal992j","p50p90",1969,0.3077,4
"US","shweal992j","p50p90",1970,0.2945,4
"US","shweal992j","p50p90",1971,0.3082,4
"US","shweal992j","p50p90",1972,0.2952,4
"US","shweal992j","p50p90",1973,0.3061,4
"US","shweal992j","p50p90",1974,0.3298,4
"US","shweal992j","p50p90",1975,0.3203,4
"US","shweal992j","p50p90",1976,0.3367,4
"US","shweal992j","p50p90",1977,0.3306,4
"US","shweal992j","p50p90",1978,0.3531,4
"US","shweal992j","p50p90",1979,0.3374,4
"US","shweal992j","p50p90",1980,0.3402,4
"US","shweal992j","p50p90",1981,0.3423,4
"US","shweal992j","p50p90",1982,0.3487,4
"US","shweal992j","p50p90",1983,0.3524,4
"US","shweal992j","p50p90",1984,0.3536,4
"US","shweal992j","p50p90",1985,0.3573,4
"US","shweal992j","p50p90",1986,0.3548,4
"US","shweal992j","p50p90",1987,0.3476,4
"US","shweal992j","p50p90",1988,0.3359,4
"US","shweal992j","p50p90",1989,0.3334,4
"US","shweal992j","p50p90",1990,0.3322,4
"US","shweal992j","p50p90",1991,0.3318,4
"US","shweal992j","p50p90",1992,0.3212,4
"US","shweal992j","p50p90",1993,0.3211,4
"US","shweal992j","p50p90",1994,0.3207,4
"US","shweal992j","p50p90",1995,0.3194,4
"US","shweal992j","p50p90",1996,0.3189,4
"US","shweal992j","p50p90",1997,0.3145,4
"US","shweal992j","p50p90",1998,0.3085,4
"US","shweal992j","p50p90",1999,0.3073,4
"US","shweal992j","p50p90",2000,0.3073,4
"US","shweal992j","p50p90",2001,0.3119,4
"US","shweal992j","p50p90",2002,0.3123,4
"US","shweal992j","p50p90",2003,0.3141,4
"US","shweal992j","p50p90",2004,0.3095,4
"US","shweal992j","p50p90",2005,0.309,4
"US","shweal992j","p50p90",2006,0.3105,4
"US","shweal992j","p50p90",2007,0.3073,4
"US","shweal992j","p50p90",2008,0.3005,4
"US","shweal992j","p50p90",2009,0.3014,4
"US","shweal992j","p50p90",2010,0.2885,4
"US","shweal992j","p50p90",2011,0.2825,4
"US","shweal992j","p50p90",2012,0.2731,4
"US","shweal992j","p50p90",2013,0.2728,4
"US","shweal992j","p50p90",2014,0.2716,4
"US","shweal992j","p50p90",2015,0.2735,4
"US","shweal992j","p50p90",2016,0.2762,4
"US","shweal992j","p50p90",2017,0.2819,4
"US","shweal992j","p50p90",2018,0.2828,4
"US","shweal992j","p50p90",2019,0.2837,4
"US","shweal992j","p50p90",2020,0.2861,4
"US","shweal992j","p50p90",2021,0.2837,4
"US","shweal992j","p50p90",2022,0.2944,4
"US","shweal992j","p50p90",2023,0.2951,0
"US","shweal992j","p50p90",2024,0.2951,0
"US","shweal992j","p90p100",1820,0.7633,0
"US","shweal992j","p90p100",1850,0.7948,0
"US","shweal992j","p90p100",1880,0.7652,0
"US","shweal992j","p90p100",1900,0.775,0
"US","shweal992j","p90p100",1910,0.776,0
"US","shweal992j","p90p100",1913,0.7934,3
"US","shweal992j","p90p100",1914,0.7923,3
"US","shweal992j","p90p100",1915,0.7886,3
"US","shweal992j","p90p100",1916,0.7886,3
"US","shweal992j","p90p100",1917,0.7901,3
"US","shweal992j","p90p100",1918,0.7931,3
"US","shweal992j","p90p100",1919,0.8081,3
"US","shweal992j","p90p100",1920,0.7893,3
"US","shweal992j","p90p100",1921,0.7888,3
"US","shweal992j","p90p100",1922,0.7994,3
"US","shweal992j","p90p100",1923,0.8045,3
"US","shweal992j","p90p100",1924,0.8171,3
"US","shweal992j","p90p100",1925,0.8268,3
"US","shweal992j","p90p100",1926,0.8364,3
"US","shweal992j","p90p100",1927,0.8471,3
"US","shweal992j","p90p100",1928,0.8491,3
"US","shweal992j","p90p100",1929,0.8486,3
"US","shweal992j","p90p100",1930,0.8531,3
"US","shweal992j","p90p100",1931,0.851,3
"US","shweal992j","p90p100",1932,0.8559,3
"US","shweal992j","p90p100",1933,0.8527,3
"US","shweal992j","p90p100",1934,0.8367,3
"US","shweal992j","p90p100",1935,0.8232,3
"US","shweal992j","p90p100",1936,0.8271,3
"US","shweal992j","p90p100",1937,0.8098,3
"US","shweal992j","p90p100",1938,0.8065,3
"US","shweal992j","p90p100",1939,0.8097,3
"US","shweal992j","p90p100",1940,0.7805,3
"US","shweal992j","p90p100",1941,0.7554,3
"US","shweal992j","p90p100",1942,0.7372,3
"US","shweal992j","p90p100",1943,0.7408,3
"US","shweal992j","p90p100",1944,0.7178,3
"US","shweal992j","p90p100",1945,0.7237,3
"US","shweal992j","p90p100",1946,0.7212,3
"US","shweal992j","p90p100",1947,0.7079,3
"US","shweal992j","p90p100",1948,0.6945,3
"US","shweal992j","p90p100",1949,0.6867,3
"US","shweal992j","p90p100",1950,0.6902,3
"US","shweal992j","p90p100",1951,0.69,3
"US","shweal992j","p90p100",1952,0.6872,3
"US","shweal992j","p90p100",1953,0.6809,3
"US","shweal992j","p90p100",1954,0.6849,3
"US","shweal992j","p90p100",1955,0.6888,3
"US","shweal992j","p90p100",1956,0.6922,3
"US","shweal992j","p90p100",1957,0.6963,3
"US","shweal992j","p90p100",1958,0.6952,3
"US","shweal992j","p90p100",1959,0.7024,3
"US","shweal992j","p90p100",1960,0.705,3
"US","shweal992j","p90p100",1961,0.7071,3
"US","shweal992j","p90p100",1962,0.7119,4
"US","shweal992j","p90p100",1963,0.7115,4
"US","shweal992j","p90p100",1964,0.7111,4
"US","shweal992j","p90p100",1965,0.7069,4
"US","shweal992j","p90p100",1966,0.7029,4
"US","shweal992j","p90p100",1967,0.693,4
"US","shweal992j","p90p100",1968,0.7086,4
"US","shweal992j","p90p100",1969,0.6825,4
"US","shweal992j","p90p100",1970,0.6953,4
"US","shweal992j","p90p100",1971,0.6818,4
"US","shweal992j","p90p100",1972,0.6933,4
"US","shweal992j","p90p100",1973,0.6824,4
"US","shweal992j","p90p100",1974,0.6665,4
"US","shweal992j","p90p100",1975,0.6702,4
"US","shweal992j","p90p100",1976,0.6535,4
"US","shweal992j","p90p100",1977,0.6593,4
"US","shweal992j","p90p100",1978,0.6391,4
"US","shweal992j","p90p100",1979,0.6537,4
"US","shweal992j","p90p100",1980,0.6499,4
"US","shweal992j","p90p100",1981,0.6459,4
"US","shweal992j","p90p100",1982,0.6354,4
"US","shweal992j","p90p100",1983,0.6301,4
"US","shweal992j","p90p100",1984,0.6324,4
"US","shweal992j","p90p100",1985,0.6271,4
"US","shweal992j","p90p100",1986,0.6292,4
"US","shweal992j","p90p100",1987,0.6334,4
"US","shweal992j","p90p100",1988,0.646,4
"US","shweal992j","p90p100",1989,0.6482,4
"US","shweal992j","p90p100",1990,0.6509,4
"US","shweal992j","p90p100",1991,0.6517,4
"US","shweal992j","p90p100",1992,0.6649,4
"US","shweal992j","p90p100",1993,0.6656,4
"US","shweal992j","p90p100",1994,0.6678,4
"US","shweal992j","p90p100",1995,0.6712,4
"US","shweal992j","p90p100",1996,0.6732,4
"US","shweal992j","p90p100",1997,0.68,4
"US","shweal992j","p90p100",1998,0.6864,4
"US","shweal992j","p90p100",1999,0.6862,4
"US","shweal992j","p90p100",2000,0.6865,4
"US","shweal992j","p90p100",2001,0.6819,4
"US","shweal992j","p90p100",2002,0.6815,4
"US","shweal992j","p90p100",2003,0.6817,4
"US","shweal992j","p90p100",2004,0.6867,4
"US","shweal992j","p90p100",2005,0.6863,4
"US","shweal992j","p90p100",2006,0.6877,4
"US","shweal992j","p90p100",2007,0.6967,4
"US","shweal992j","p90p100",2008,0.7118,4
"US","shweal992j","p90p100",2009,0.7168,4
"US","shweal992j","p90p100",2010,0.7298,4
"US","shweal992j","p90p100",2011,0.7353,4
"US","shweal992j","p90p100",2012,0.7433,4
"US","shweal992j","p90p100",2013,0.7391,4
"US","shweal992j","p90p100",2014,0.7363,4
"US","shweal992j","p90p100",2015,0.7321,4
"US","shweal992j","p90p100",2016,0.7278,4
"US","shweal992j","p90p100",2017,0.7184,4
"US","shweal992j","p90p100",2018,0.7165,4
"US","shweal992j","p90p100",2019,0.7141,4
"US","shweal992j","p90p100",2020,0.7103,4
"US","shweal992j","p90p100",2021,0.7085,4
"US","shweal992j","p90p100",2022,0.6962,4
"US","shweal992j","p90p100",2023,0.6954,0
"US","shweal992j","p90p100",2024,0.6954,0
"US","shweal992j","p99p100",1820,0.3412,0
"US","shweal992j","p99p100",1850,0.3762,0
"US","shweal992j","p99p100",1880,0.3432,0
"US","shweal992j","p99p100",1900,0.3536,0
"US","shweal992j","p99p100",1910,0.3547,0
"US","shweal992j","p99p100",1913,0.4663,3
"US","shweal992j","p99p100",1914,0.4611,3
"US","shweal992j","p99p100",1915,0.4614,3
"US","shweal992j","p99p100",1916,0.4446,3
"US","shweal992j","p99p100",1917,0.42,3
"US","shweal992j","p99p100",1918,0.3843,3
"US","shweal992j","p99p100",1919,0.4127,3
"US","shweal992j","p99p100",1920,0.3696,3
"US","shweal992j","p99p100",1921,0.3813,3
"US","shweal992j","p99p100",1922,0.4112,3
"US","shweal992j","p99p100",1923,0.3656,3
"US","shweal992j","p99p100",1924,0.3861,3
"US","shweal992j","p99p100",1925,0.4189,3
"US","shweal992j","p99p100",1926,0.435,3
"US","shweal992j","p99p100",1927,0.4587,3
"US","shweal992j","p99p100",1928,0.4855,3
"US","shweal992j","p99p100",1929,0.4867,3
"US","shweal992j","p99p100",1930,0.4417,3
"US","shweal992j","p99p100",1931,0.3961,3
"US","shweal992j","p99p100",1932,0.3938,3
"US","shweal992j","p99p100",1933,0.415,3
"US","shweal992j","p99p100",1934,0.4213,3
"US","shweal992j","p99p100",1935,0.4154,3
"US","shweal992j","p99p100",1936,0.4396,3
"US","shweal992j","p99p100",1937,0.4473,3
"US","shweal992j","p99p100",1938,0.4085,3
"US","shweal992j","p99p100",1939,0.419,3
"US","shweal992j","p99p100",1940,0.3898,3
"US","shweal992j","p99p100",1941,0.3588,3
"US","shweal992j","p99p100",1942,0.3538,3
"US","shweal992j","p99p100",1943,0.3554,3
"US","shweal992j","p99p100",1944,0.3285,3
"US","shweal992j","p99p100",1945,0.3301,3
"US","shweal992j","p99p100",1946,0.3089,3
"US","shweal992j","p99p100",1947,0.2975,3
"US","shweal992j","p99p100",1948,0.292,3
"US","shweal992j","p99p100",1949,0.2836,3
"US","shweal992j","p99p100",1950,0.296,3
"US","shweal992j","p99p100",1951,0.2914,3
"US","shweal992j","p99p100",1952,0.2882,3
"US","shweal992j","p99p100",1953,0.2763,3
"US","shweal992j","p99p100",1954,0.2823,3
"US","shweal992j","p99p100",1955,0.2848,3
"US","shweal992j","p99p100",1956,0.2879,3
"US","shweal992j","p99p100",1957,0.2842,3
"US","shweal992j","p99p100",1958,0.2797,3
"US","shweal992j","p99p100",1959,0.2855,3
"US","shweal992j","p99p100",1960,0.2854,3
"US","shweal992j","p99p100",1961,0.287,3
"US","shweal992j","p99p100",1962,0.2866,4
"US","shweal992j","p99p100",1963,0.2834,4
"US","shweal992j","p99p100",1964,0.2803,4
"US","shweal992j","p99p100",1965,0.279,4
"US","shweal992j","p99p100",1966,0.2777,4
"US","shweal992j","p99p100",1967,0.2766,4
"US","shweal992j","p99p100",1968,0.2921,4
"US","shweal992j","p99p100",1969,0.2738,4
"US","shweal992j","p99p100",1970,0.2667,4
"US","shweal992j","p99p100",1971,0.2662,4
"US","shweal992j","p99p100",1972,0.2644,4
"US","shweal992j","p99p100",1973,0.2531,4
"US","shweal992j","p99p100",1974,0.2406,4
"US","shweal992j","p99p100",1975,0.237,4
"US","shweal992j","p99p100",1976,0.226,4
"US","shweal992j","p99p100",1977,0.2268,4
"US","shweal992j","p99p100",1978,0.2179,4
"US","shweal992j","p99p100",1979,0.2323,4
"US","shweal992j","p99p100",1980,0.2323,4
"US","shweal992j","p99p100",1981,0.2389,4
"US","shweal992j","p99p100",1982,0.245,4
"US","shweal992j","p99p100",1983,0.2396,4
"US","shweal992j","p99p100",1984,0.2416,4
"US","shweal992j","p99p100",1985,0.2419,4
"US","shweal992j","p99p100",1986,0.2492,4
"US","shweal992j","p99p100",1987,0.2657,4
"US","shweal992j","p99p100",1988,0.2844,4
"US","shweal992j","p99p100",1989,0.2885,4
"US","shweal992j","p99p100",1990,0.2905,4
"US","shweal992j","p99p100",1991,0.2857,4
"US","shweal992j","p99p100",1992,0.2951,4
"US","shweal992j","p99p100",1993,0.2906,4
"US","shweal992j","p99p100",1994,0.2928,4
"US","shweal992j","p99p100",1995,0.293,4
"US","shweal992j","p99p100",1996,0.2965,4
"US","shweal992j","p99p100",1997,0.3047,4
"US","shweal992j","p99p100",1998,0.3148,4
"US","shweal992j","p99p100",1999,0.3181,4
"US","shweal992j","p99p100",2000,0.3234,4
"US","shweal992j","p99p100",2001,0.3214,4
"US","shweal992j","p99p100",2002,0.3147,4
"US","shweal992j","p99p100",2003,0.311,4
"US","shweal992j","p99p100",2004,0.3169,4
"US","shweal992j","p99p100",2005,0.3232,4
"US","shweal992j","p99p100",2006,0.3271,4
"US","shweal992j","p99p100",2007,0.334,4
"US","shweal992j","p99p100",2008,0.3399,4
"US","shweal992j","p99p100",2009,0.3312,4
"US","shweal992j","p99p100",2010,0.3462,4
"US","shweal992j","p99p100",2011,0.3528,4
"US","shweal992j","p99p100",2012,0.3662,4
"US","shweal992j","p99p100",2013,0.3564,4
"US","shweal992j","p99p100",2014,0.3583,4
"US","shweal992j","p99p100",2015,0.3581,4
"US","shweal992j","p99p100",2016,0.355,4
"US","shweal992j","p99p100",2017,0.3548,4
"US","shweal992j","p99p100",2018,0.352,4
"US","shweal992j","p99p100",2019,0.3485,4
"US","shweal992j","p99p100",2020,0.3513,4
"US","shweal992j","p99p100",2021,0.3626,4
"US","shweal992j","p99p100",2022,0.3489,4
"US","shweal992j","p99p100",2023,0.3478,0
"US","shweal992j","p99p100",2024,0.3478,0
"US","shweal992m","p0p50",1962,0.0127,4
"US","shweal992m","p0p50",1963,0.0113,4
"US","shweal992m","p0p50",1964,0.0101,4
"US","shweal992m","p0p50",1965,0.0105,4
"US","shweal992m","p0p50",1966,0.0109,4
"US","shweal992m","p0p50",1967,0.0082,4
"US","shweal992m","p0p50",1968,0.0081,4
"US","shweal992m","p0p50",1969,0.0089,4
"US","shweal992m","p0p50",1970,0.0092,4
"US","shweal992m","p0p50",1971,0.0098,4
"US","shweal992m","p0p50",1972,0.0109,4
"US","shweal992m","p0p50",1973,0.0091,4
"US","shweal992m","p0p50",1974,0.0058,4
"US","shweal992m","p0p50",1975,0.0082,4
"US","shweal992m","p0p50",1976,0.0094,4
"US","shweal992m","p0p50",1977,0.0093,4
"US","shweal992m","p0p50",1978,0.0079,4
"US","shweal992m","p0p50",1979,0.0081,4
"US","shweal992m","p0p50",1980,0.0094,4
"US","shweal992m","p0p50",1981,0.0113,4
"US","shweal992m","p0p50",1982,0.0164,4
"US","shweal992m","p0p50",1983,0.0181,4
"US","shweal992m","p0p50",1984,0.0139,4
"US","shweal992m","p0p50",1985,0.0161,4
"US","shweal992m","p0p50",1986,0.0166,4
"US","shweal992m","p0p50",1987,0.0193,4
"US","shweal992m","p0p50",1988,0.0184,4
"US","shweal992m","p0p50",1989,0.0186,4
"US","shweal992m","p0p50",1990,0.0173,4
"US","shweal992m","p0p50",1991,0.017,4
"US","shweal992m","p0p50",1992,0.0145,4
"US","shweal992m","p0p50",1993,0.0145,4
"US","shweal992m","p0p50",1994,0.0127,4
"US","shweal992m","p0p50",1995,0.0109,4
"US","shweal992m","p0p50",1996,0.0088,4
"US","shweal992m","p0p50",1997,0.0074,4
"US","shweal992m","p0p50",1998,0.0071,4
"US","shweal992m","p0p50",1999,0.0083,4
"US","shweal992m","p0p50",2000,0.0074,4
"US","shweal992m","p0p50",2001,0.0076,4
"US","shweal992m","p0p50",2002,0.0074,4
"US","shweal992m","p0p50",2003,0.0053,4
"US","shweal992m","p0p50",2004,0.0052,4
"US","shweal992m","p0p50",2005,0.0057,4
"US","shweal992m","p0p50",2006,0.0023,4
"US","shweal992m","p0p50",2007,-0.0038,4
"US","shweal992m","p0p50",2008,-0.0123,4
"US","shweal992m","p0p50",2009,-0.0178,4
"US","shweal992m","p0p50",2010,-0.0185,4
"US","shweal992m","p0p50",2011,-0.0181,4
"US","shweal992m","p0p50",2012,-0.0167,4
"US","shweal992m","p0p50",2013,-0.0117,4
"US","shweal992m","p0p50",2014,-0.0075,4
"US","shweal992m","p0p50",2015,-0.005,4
"US","shweal992m","p0p50",2016,-0.0034,4
"US","shweal992m","p0p50",2017,-2e-04,4
"US","shweal992m","p0p50",2018,7e-04,4
"US","shweal992m","p0p50",2019,0.0023,4
"US","shweal992m","p50p90",1962,0.282,4
"US","shweal992m","p50p90",1963,0.2887,4
"US","shweal992m","p50p90",1964,0.2953,4
"US","shweal992m","p50p90",1965,0.2965,4
"US","shweal992m","p50p90",1966,0.2977,4
"US","shweal992m","p50p90",1967,0.311,4
"US","shweal992m","p50p90",1968,0.3116,4
"US","shweal992m","p50p90",1969,0.3232,4
"US","shweal992m","p50p90",1970,0.316,4
"US","shweal992m","p50p90",1971,0.3216,4
"US","shweal992m","p50p90",1972,0.3178,4
"US","shweal992m","p50p90",1973,0.3213,4
"US","shweal992m","p50p90",1974,0.34,4
"US","shweal992m","p50p90",1975,0.3467,4
"US","shweal992m","p50p90",1976,0.347,4
"US","shweal992m","p50p90",1977,0.3465,4
"US","shweal992m","p50p90",1978,0.3515,4
"US","shweal992m","p50p90",1979,0.344,4
"US","shweal992m","p50p90",1980,0.3499,4
"US","shweal992m","p50p90",1981,0.353,4
"US","shweal992m","p50p90",1982,0.3552,4
"US","shweal992m","p50p90",1983,0.3607,4
"US","shweal992m","p50p90",1984,0.3753,4
"US","shweal992m","p50p90",1985,0.3696,4
"US","shweal992m","p50p90",1986,0.3674,4
"US","shweal992m","p50p90",1987,0.3563,4
"US","shweal992m","p50p90",1988,0.3396,4
"US","shweal992m","p50p90",1989,0.3433,4
"US","shweal992m","p50p90",1990,0.3374,4
"US","shweal992m","p50p90",1991,0.3365,4
"US","shweal992m","p50p90",1992,0.322,4
"US","shweal992m","p50p90",1993,0.3146,4
"US","shweal992m","p50p90",1994,0.3167,4
"US","shweal992m","p50p90",1995,0.3149,4
"US","shweal992m","p50p90",1996,0.3213,4
"US","shweal992m","p50p90",1997,0.3077,4
"US","shweal992m","p50p90",1998,0.3052,4
"US","shweal992m","p50p90",1999,0.3029,4
"US","shweal992m","p50p90",2000,0.3054,4
"US","shweal992m","p50p90",2001,0.3064,4
"US","shweal992m","p50p90",2002,0.3081,4
"US","shweal992m","p50p90",2003,0.3105,4
"US","shweal992m","p50p90",2004,0.3076,4
"US","shweal992m","p50p90",2005,0.3057,4
"US","shweal992m","p50p90",2006,0.3103,4
"US","shweal992m","p50p90",2007,0.308,4
"US","shweal992m","p50p90",2008,0.3036,4
"US","shweal992m","p50p90",2009,0.3006,4
"US","shweal992m","p50p90",2010,0.2935,4
"US","shweal992m","p50p90",2011,0.2805,4
"US","shweal992m","p50p90",2012,0.2756,4
"US","shweal992m","p50p90",2013,0.2694,4
"US","shweal992m","p50p90",2014,0.2674,4
"US","shweal992m","p50p90",2015,0.2679,4
"US","shweal992m","p50p90",2016,0.27,4
"US","shweal992m","p50p90",2017,0.2821,4
"US","shweal992m","p50p90",2018,0.2829,4
"US","shweal992m","p50p90",2019,0.2839,4
"US","shweal992m","p90p100",1962,0.7032,4
"US","shweal992m","p90p100",1963,0.7035,4
"US","shweal992m","p90p100",1964,0.7038,4
"US","shweal992m","p90p100",1965,0.7,4
"US","shweal992m","p90p100",1966,0.6964,4
"US","shweal992m","p90p100",1967,0.6908,4
"US","shweal992m","p90p100",1968,0.6929,4
"US","shweal992m","p90p100",1969,0.6836,4
"US","shweal992m","p90p100",1970,0.6851,4
"US","shweal992m","p90p100",1971,0.6813,4
"US","shweal992m","p90p100",1972,0.6835,4
"US","shweal992m","p90p100",1973,0.675,4
"US","shweal992m","p90p100",1974,0.6679,4
"US","shweal992m","p90p100",1975,0.6632,4
"US","shweal992m","p90p100",1976,0.654,4
"US","shweal992m","p90p100",1977,0.6499,4
"US","shweal992m","p90p100",1978,0.6434,4
"US","shweal992m","p90p100",1979,0.6536,4
"US","shweal992m","p90p100",1980,0.6486,4
"US","shweal992m","p90p100",1981,0.6461,4
"US","shweal992m","p90p100",1982,0.6341,4
"US","shweal992m","p90p100",1983,0.6291,4
"US","shweal992m","p90p100",1984,0.6327,4
"US","shweal992m","p90p100",1985,0.6269,4
"US","shweal992m","p90p100",1986,0.6277,4
"US","shweal992m","p90p100",1987,0.6344,4
"US","shweal992m","p90p100",1988,0.6495,4
"US","shweal992m","p90p100",1989,0.6493,4
"US","shweal992m","p90p100",1990,0.6541,4
"US","shweal992m","p90p100",1991,0.6541,4
"US","shweal992m","p90p100",1992,0.6689,4
"US","shweal992m","p90p100",1993,0.6672,4
"US","shweal992m","p90p100",1994,0.6673,4
"US","shweal992m","p90p100",1995,0.6705,4
"US","shweal992m","p90p100",1996,0.6747,4
"US","shweal992m","p90p100",1997,0.6806,4
"US","shweal992m","p90p100",1998,0.6869,4
"US","shweal992m","p90p100",1999,0.6882,4
"US","shweal992m","p90p100",2000,0.687,4
"US","shweal992m","p90p100",2001,0.6842,4
"US","shweal992m","p90p100",2002,0.682,4
"US","shweal992m","p90p100",2003,0.6842,4
"US","shweal992m","p90p100",2004,0.6879,4
"US","shweal992m","p90p100",2005,0.6877,4
"US","shweal992m","p90p100",2006,0.6936,4
"US","shweal992m","p90p100",2007,0.7022,4
"US","shweal992m","p90p100",2008,0.7177,4
"US","shweal992m","p90p100",2009,0.722,4
"US","shweal992m","p90p100",2010,0.7356,4
"US","shweal992m","p90p100",2011,0.7425,4
"US","shweal992m","p90p100",2012,0.7503,4
"US","shweal992m","p90p100",2013,0.7432,4
"US","shweal992m","p90p100",2014,0.7393,4
"US","shweal992m","p90p100",2015,0.7366,4
"US","shweal992m","p90p100",2016,0.7314,4
"US","shweal992m","p90p100",2017,0.725,4
"US","shweal992m","p90p100",2018,0.7231,4
"US","shweal992m","p90p100",2019,0.7203,4
"US","shweal992m","p99p100",1962,0.2818,4
"US","shweal992m","p99p100",1963,0.2803,4
"US","shweal992m","p99p100",1964,0.2789,4
"US","shweal992m","p99p100",1965,0.2778,4
"US","shweal992m","p99p100",1966,0.2768,4
"US","shweal992m","p99p100",1967,0.2774,4
"US","shweal992m","p99p100",1968,0.2826,4
"US","shweal992m","p99p100",1969,0.2734,4
"US","shweal992m","p99p100",1970,0.2672,4
"US","shweal992m","p99p100",1971,0.2648,4
"US","shweal992m","p99p100",1972,0.2616,4
"US","shweal992m","p99p100",1973,0.2526,4
"US","shweal992m","p99p100",1974,0.2451,4
"US","shweal992m","p99p100",1975,0.2371,4
"US","shweal992m","p99p100",1976,0.2295,4
"US","shweal992m","p99p100",1977,0.2254,4
"US","shweal992m","p99p100",1978,0.2231,4
"US","shweal992m","p99p100",1979,0.2337,4
"US","shweal992m","p99p100",1980,0.2327,4
"US","shweal992m","p99p100",1981,0.241,4
"US","shweal992m","p99p100",1982,0.246,4
"US","shweal992m","p99p100",1983,0.2425,4
"US","shweal992m","p99p100",1984,0.2443,4
"US","shweal992m","p99p100",1985,0.2449,4
"US","shweal992m","p99p100",1986,0.2495,4
"US","shweal992m","p99p100",1987,0.2697,4
"US","shweal992m","p99p100",1988,0.2904,4
"US","shweal992m","p99p100",1989,0.293,4
"US","shweal992m","p99p100",1990,0.295,4
"US","shweal992m","p99p100",1991,0.2901,4
"US","shweal992m","p99p100",1992,0.3035,4
"US","shweal992m","p99p100",1993,0.2964,4
"US","shweal992m","p99p100",1994,0.2961,4
"US","shweal992m","p99p100",1995,0.2975,4
"US","shweal992m","p99p100",1996,0.306,4
"US","shweal992m","p99p100",1997,0.3123,4
"US","shweal992m","p99p100",1998,0.3253,4
"US","shweal992m","p99p100",1999,0.3308,4
"US","shweal992m","p99p100",2000,0.3323,4
"US","shweal992m","p99p100",2001,0.3298,4
"US","shweal992m","p99p100",2002,0.3207,4
"US","shweal992m","p99p100",2003,0.3204,4
"US","shweal992m","p99p100",2004,0.3252,4
"US","shweal992m","p99p100",2005,0.3317,4
"US","shweal992m","p99p100",2006,0.3393,4
"US","shweal992m","p99p100",2007,0.3437,4
"US","shweal992m","p99p100",2008,0.3513,4
"US","shweal992m","p99p100",2009,0.3433,4
"US","shweal992m","p99p100",2010,0.3584,4
"US","shweal992m","p99p100",2011,0.3651,4
"US","shweal992m","p99p100",2012,0.3794,4
"US","shweal992m","p99p100",2013,0.3672,4
"US","shweal992m","p99p100",2014,0.3677,4
"US","shweal992m","p99p100",2015,0.3695,4
"US","shweal992m","p99p100",2016,0.3659,4
"US","shweal992m","p99p100",2017,0.3662,4
"US","shweal992m","p99p100",2018,0.3629,4
"US","shweal992m","p99p100",2019,0.3592,4
"US","shweal992t","p0p50",1962,0.007,4
"US","shweal992t","p0p50",1963,0.0062,4
"US","shweal992t","p0p50",1964,0.0053,4
"US","shweal992t","p0p50",1965,0.0051,4
"US","shweal992t","p0p50",1966,0.0051,4
"US","shweal992t","p0p50",1967,0.0023,4
"US","shweal992t","p0p50",1968,0.0024,4
"US","shweal992t","p0p50",1969,0.0026,4
"US","shweal992t","p0p50",1970,0.003,4
"US","shweal992t","p0p50",1971,0.0028,4
"US","shweal992t","p0p50",1972,0.0035,4
"US","shweal992t","p0p50",1973,0.0015,4
"US","shweal992t","p0p50",1974,-0.0013,4
"US","shweal992t","p0p50",1975,8e-04,4
"US","shweal992t","p0p50",1976,0.0015,4
"US","shweal992t","p0p50",1977,0.0013,4
"US","shweal992t","p0p50",1978,-1e-04,4
"US","shweal992t","p0p50",1979,2e-04,4
"US","shweal992t","p0p50",1980,0.001,4
"US","shweal992t","p0p50",1981,0.0025,4
"US","shweal992t","p0p50",1982,0.0056,4
"US","shweal992t","p0p50",1983,0.0067,4
"US","shweal992t","p0p50",1984,0.004,4
"US","shweal992t","p0p50",1985,0.0048,4
"US","shweal992t","p0p50",1986,0.0051,4
"US","shweal992t","p0p50",1987,0.0071,4
"US","shweal992t","p0p50",1988,0.0072,4
"US","shweal992t","p0p50",1989,0.0074,4
"US","shweal992t","p0p50",1990,0.0059,4
"US","shweal992t","p0p50",1991,0.0056,4
"US","shweal992t","p0p50",1992,0.0035,4
"US","shweal992t","p0p50",1993,0.0037,4
"US","shweal992t","p0p50",1994,0.0018,4
"US","shweal992t","p0p50",1995,3e-04,4
"US","shweal992t","p0p50",1996,-0.0014,4
"US","shweal992t","p0p50",1997,-0.0031,4
"US","shweal992t","p0p50",1998,-0.0034,4
"US","shweal992t","p0p50",1999,-0.0027,4
"US","shweal992t","p0p50",2000,-0.0035,4
"US","shweal992t","p0p50",2001,-0.0038,4
"US","shweal992t","p0p50",2002,-0.0037,4
"US","shweal992t","p0p50",2003,-0.0045,4
"US","shweal992t","p0p50",2004,-0.0046,4
"US","shweal992t","p0p50",2005,-0.0041,4
"US","shweal992t","p0p50",2006,-0.0065,4
"US","shweal992t","p0p50",2007,-0.0115,4
"US","shweal992t","p0p50",2008,-0.0186,4
"US","shweal992t","p0p50",2009,-0.0238,4
"US","shweal992t","p0p50",2010,-0.0234,4
"US","shweal992t","p0p50",2011,-0.0228,4
"US","shweal992t","p0p50",2012,-0.0217,4
"US","shweal992t","p0p50",2013,-0.0174,4
"US","shweal992t","p0p50",2014,-0.0138,4
"US","shweal992t","p0p50",2015,-0.0118,4
"US","shweal992t","p0p50",2016,-0.0106,4
"US","shweal992t","p0p50",2017,-0.0082,4
"US","shweal992t","p0p50",2018,-0.0076,4
"US","shweal992t","p0p50",2019,-0.0063,4
"US","shweal992t","p50p90",1962,0.1778,4
"US","shweal992t","p50p90",1963,0.1807,4
"US","shweal992t","p50p90",1964,0.1794,4
"US","shweal992t","p50p90",1965,0.1791,4
"US","shweal992t","p50p90",1966,0.1852,4
"US","shweal992t","p50p90",1967,0.1861,4
"US","shweal992t","p50p90",1968,0.187,4
"US","shweal992t","p50p90",1969,0.192,4
"US","shweal992t","p50p90",1970,0.1928,4
"US","shweal992t","p50p90",1971,0.1951,4
"US","shweal992t","p50p90",1972,0.1966,4
"US","shweal992t","p50p90",1973,0.2035,4
"US","shweal992t","p50p90",1974,0.2121,4
"US","shweal992t","p50p90",1975,0.2149,4
"US","shweal992t","p50p90",1976,0.2207,4
"US","shweal992t","p50p90",1977,0.2262,4
"US","shweal992t","p50p90",1978,0.2333,4
"US","shweal992t","p50p90",1979,0.2291,4
"US","shweal992t","p50p90",1980,0.2323,4
"US","shweal992t","p50p90",1981,0.2347,4
"US","shweal992t","p50p90",1982,0.2396,4
"US","shweal992t","p50p90",1983,0.2433,4
"US","shweal992t","p50p90",1984,0.2442,4
"US","shweal992t","p50p90",1985,0.2462,4
"US","shweal992t","p50p90",1986,0.248,4
"US","shweal992t","p50p90",1987,0.2449,4
"US","shweal992t","p50p90",1988,0.2373,4
"US","shweal992t","p50p90",1989,0.2376,4
"US","shweal992t","p50p90",1990,0.238,4
"US","shweal992t","p50p90",1991,0.2386,4
"US","shweal992t","p50p90",1992,0.2317,4
"US","shweal992t","p50p90",1993,0.2308,4
"US","shweal992t","p50p90",1994,0.2321,4
"US","shweal992t","p50p90",1995,0.2316,4
"US","shweal992t","p50p90",1996,0.2317,4
"US","shweal992t","p50p90",1997,0.2286,4
"US","shweal992t","p50p90",1998,0.225,4
"US","shweal992t","p50p90",1999,0.225,4
"US","shweal992t","p50p90",2000,0.2255,4
"US","shweal992t","p50p90",2001,0.2291,4
"US","shweal992t","p50p90",2002,0.2297,4
"US","shweal992t","p50p90",2003,0.2302,4
"US","shweal992t","p50p90",2004,0.2276,4
"US","shweal992t","p50p90",2005,0.228,4
"US","shweal992t","p50p90",2006,0.2291,4
"US","shweal992t","p50p90",2007,0.2272,4
"US","shweal992t","p50p90",2008,0.223,4
"US","shweal992t","p50p90",2009,0.2231,4
"US","shweal992t","p50p90",2010,0.2147,4
"US","shweal992t","p50p90",2011,0.2111,4
"US","shweal992t","p50p90",2012,0.2043,4
"US","shweal992t","p50p90",2013,0.2039,4
"US","shweal992t","p50p90",2014,0.2038,4
"US","shweal992t","p50p90",2015,0.2055,4
"US","shweal992t","p50p90",2016,0.2086,4
"US","shweal992t","p50p90",2017,0.2104,4
"US","shweal992t","p50p90",2018,0.2113,4
"US","shweal992t","p50p90",2019,0.2108,4
"US","shweal992t","p90p100",1913,0.8126,3
"US","shweal992t","p90p100",1914,0.8113,3
"US","shweal992t","p90p100",1915,0.8072,3
"US","shweal992t","p90p100",1916,0.8076,3
"US","shweal992t","p90p100",1917,0.8097,3
"US","shweal992t","p90p100",1918,0.8129,3
"US","shweal992t","p90p100",1919,0.8254,3
"US","shweal992t","p90p100",1920,0.8091,3
"US","shweal992t","p90p100",1921,0.8079,3
"US","shweal992t","p90p100",1922,0.8169,3
"US","shweal992t","p90p100",1923,0.8203,3
"US","shweal992t","p90p100",1924,0.8321,3
"US","shweal992t","p90p100",1925,0.8402,3
"US","shweal992t","p90p100",1926,0.8495,3
"US","shweal992t","p90p100",1927,0.8598,3
"US","shweal992t","p90p100",1928,0.8618,3
"US","shweal992t","p90p100",1929,0.8615,3
"US","shweal992t","p90p100",1930,0.8654,3
"US","shweal992t","p90p100",1931,0.8636,3
"US","shweal992t","p90p100",1932,0.8682,3
"US","shweal992t","p90p100",1933,0.8636,3
"US","shweal992t","p90p100",1934,0.8489,3
"US","shweal992t","p90p100",1935,0.8371,3
"US","shweal992t","p90p100",1936,0.8405,3
"US","shweal992t","p90p100",1937,0.8241,3
"US","shweal992t","p90p100",1938,0.8205,3
"US","shweal992t","p90p100",1939,0.8231,3
"US","shweal992t","p90p100",1940,0.7946,3
"US","shweal992t","p90p100",1941,0.7697,3
"US","shweal992t","p90p100",1942,0.7524,3
"US","shweal992t","p90p100",1943,0.7553,3
"US","shweal992t","p90p100",1944,0.7357,3
"US","shweal992t","p90p100",1945,0.7405,3
"US","shweal992t","p90p100",1946,0.7374,3
"US","shweal992t","p90p100",1947,0.7252,3
"US","shweal992t","p90p100",1948,0.7135,3
"US","shweal992t","p90p100",1949,0.7067,3
"US","shweal992t","p90p100",1950,0.71,3
"US","shweal992t","p90p100",1951,0.7098,3
"US","shweal992t","p90p100",1952,0.7069,3
"US","shweal992t","p90p100",1953,0.7009,3
"US","shweal992t","p90p100",1954,0.7044,3
"US","shweal992t","p90p100",1955,0.7079,3
"US","shweal992t","p90p100",1956,0.7112,3
"US","shweal992t","p90p100",1957,0.7155,3
"US","shweal992t","p90p100",1958,0.7146,3
"US","shweal992t","p90p100",1959,0.721,3
"US","shweal992t","p90p100",1960,0.7236,3
"US","shweal992t","p90p100",1961,0.7256,3
"US","shweal992t","p90p100",1962,0.7308,4
"US","shweal992t","p90p100",1963,0.729,4
"US","shweal992t","p90p100",1964,0.7272,4
"US","shweal992t","p90p100",1965,0.7234,4
"US","shweal992t","p90p100",1966,0.7196,4
"US","shweal992t","p90p100",1967,0.7139,4
"US","shweal992t","p90p100",1968,0.7136,4
"US","shweal992t","p90p100",1969,0.704,4
"US","shweal992t","p90p100",1970,0.707,4
"US","shweal992t","p90p100",1971,0.7055,4
"US","shweal992t","p90p100",1972,0.7101,4
"US","shweal992t","p90p100",1973,0.7031,4
"US","shweal992t","p90p100",1974,0.6952,4
"US","shweal992t","p90p100",1975,0.6916,4
"US","shweal992t","p90p100",1976,0.6851,4
"US","shweal992t","p90p100",1977,0.6832,4
"US","shweal992t","p90p100",1978,0.6779,4
"US","shweal992t","p90p100",1979,0.687,4
"US","shweal992t","p90p100",1980,0.6841,4
"US","shweal992t","p90p100",1981,0.6799,4
"US","shweal992t","p90p100",1982,0.6697,4
"US","shweal992t","p90p100",1983,0.6634,4
"US","shweal992t","p90p100",1984,0.6658,4
"US","shweal992t","p90p100",1985,0.6621,4
"US","shweal992t","p90p100",1986,0.6632,4
"US","shweal992t","p90p100",1987,0.6674,4
"US","shweal992t","p90p100",1988,0.6805,4
"US","shweal992t","p90p100",1989,0.6814,4
"US","shweal992t","p90p100",1990,0.6845,4
"US","shweal992t","p90p100",1991,0.6848,4
"US","shweal992t","p90p100",1992,0.6993,4
"US","shweal992t","p90p100",1993,0.7027,4
"US","shweal992t","p90p100",1994,0.7037,4
"US","shweal992t","p90p100",1995,0.7061,4
"US","shweal992t","p90p100",1996,0.7106,4
"US","shweal992t","p90p100",1997,0.7173,4
"US","shweal992t","p90p100",1998,0.7226,4
"US","shweal992t","p90p100",1999,0.723,4
"US","shweal992t","p90p100",2000,0.7243,4
"US","shweal992t","p90p100",2001,0.7181,4
"US","shweal992t","p90p100",2002,0.7177,4
"US","shweal992t","p90p100",2003,0.7185,4
"US","shweal992t","p90p100",2004,0.7218,4
"US","shweal992t","p90p100",2005,0.7235,4
"US","shweal992t","p90p100",2006,0.7245,4
"US","shweal992t","p90p100",2007,0.7338,4
"US","shweal992t","p90p100",2008,0.75,4
"US","shweal992t","p90p100",2009,0.7568,4
"US","shweal992t","p90p100",2010,0.7695,4
"US","shweal992t","p90p100",2011,0.7747,4
"US","shweal992t","p90p100",2012,0.7832,4
"US","shweal992t","p90p100",2013,0.7798,4
"US","shweal992t","p90p100",2014,0.7775,4
"US","shweal992t","p90p100",2015,0.7738,4
"US","shweal992t","p90p100",2016,0.7708,4
"US","shweal992t","p90p100",2017,0.7597,4
"US","shweal992t","p90p100",2018,0.7583,4
"US","shweal992t","p90p100",2019,0.755,4
"US","shweal992t","p99p100",1913,0.4812,3
"US","shweal992t","p99p100",1914,0.4757,3
"US","shweal992t","p99p100",1915,0.4757,3
"US","shweal992t","p99p100",1916,0.4588,3
"US","shweal992t","p99p100",1917,0.4366,3
"US","shweal992t","p99p100",1918,0.4011,3
"US","shweal992t","p99p100",1919,0.4286,3
"US","shweal992t","p99p100",1920,0.3861,3
"US","shweal992t","p99p100",1921,0.3965,3
"US","shweal992t","p99p100",1922,0.4252,3
"US","shweal992t","p99p100",1923,0.3802,3
"US","shweal992t","p99p100",1924,0.3998,3
"US","shweal992t","p99p100",1925,0.4313,3
"US","shweal992t","p99p100",1926,0.447,3
"US","shweal992t","p99p100",1927,0.47,3
"US","shweal992t","p99p100",1928,0.4961,3
"US","shweal992t","p99p100",1929,0.4971,3
"US","shweal992t","p99p100",1930,0.4526,3
"US","shweal992t","p99p100",1931,0.407,3
"US","shweal992t","p99p100",1932,0.404,3
"US","shweal992t","p99p100",1933,0.4245,3
"US","shweal992t","p99p100",1934,0.431,3
"US","shweal992t","p99p100",1935,0.4254,3
"US","shweal992t","p99p100",1936,0.4495,3
"US","shweal992t","p99p100",1937,0.4572,3
"US","shweal992t","p99p100",1938,0.4186,3
"US","shweal992t","p99p100",1939,0.4287,3
"US","shweal992t","p99p100",1940,0.3995,3
"US","shweal992t","p99p100",1941,0.3682,3
"US","shweal992t","p99p100",1942,0.3633,3
"US","shweal992t","p99p100",1943,0.3648,3
"US","shweal992t","p99p100",1944,0.339,3
"US","shweal992t","p99p100",1945,0.3406,3
"US","shweal992t","p99p100",1946,0.3201,3
"US","shweal992t","p99p100",1947,0.3094,3
"US","shweal992t","p99p100",1948,0.3041,3
"US","shweal992t","p99p100",1949,0.2958,3
"US","shweal992t","p99p100",1950,0.3076,3
"US","shweal992t","p99p100",1951,0.3031,3
"US","shweal992t","p99p100",1952,0.2997,3
"US","shweal992t","p99p100",1953,0.2876,3
"US","shweal992t","p99p100",1954,0.2931,3
"US","shweal992t","p99p100",1955,0.2953,3
"US","shweal992t","p99p100",1956,0.2982,3
"US","shweal992t","p99p100",1957,0.2944,3
"US","shweal992t","p99p100",1958,0.2899,3
"US","shweal992t","p99p100",1959,0.2951,3
"US","shweal992t","p99p100",1960,0.2948,3
"US","shweal992t","p99p100",1961,0.2961,3
"US","shweal992t","p99p100",1962,0.2966,4
"US","shweal992t","p99p100",1963,0.2926,4
"US","shweal992t","p99p100",1964,0.2886,4
"US","shweal992t","p99p100",1965,0.2882,4
"US","shweal992t","p99p100",1966,0.2878,4
"US","shweal992t","p99p100",1967,0.2893,4
"US","shweal992t","p99p100",1968,0.2924,4
"US","shweal992t","p99p100",1969,0.2832,4
"US","shweal992t","p99p100",1970,0.2787,4
"US","shweal992t","p99p100",1971,0.2763,4
"US","shweal992t","p99p100",1972,0.2729,4
"US","shweal992t","p99p100",1973,0.2634,4
"US","shweal992t","p99p100",1974,0.2551,4
"US","shweal992t","p99p100",1975,0.2489,4
"US","shweal992t","p99p100",1976,0.2426,4
"US","shweal992t","p99p100",1977,0.241,4
"US","shweal992t","p99p100",1978,0.2394,4
"US","shweal992t","p99p100",1979,0.2488,4
"US","shweal992t","p99p100",1980,0.2491,4
"US","shweal992t","p99p100",1981,0.2562,4
"US","shweal992t","p99p100",1982,0.2604,4
"US","shweal992t","p99p100",1983,0.2555,4
"US","shweal992t","p99p100",1984,0.2565,4
"US","shweal992t","p99p100",1985,0.2626,4
"US","shweal992t","p99p100",1986,0.2663,4
"US","shweal992t","p99p100",1987,0.2831,4
"US","shweal992t","p99p100",1988,0.3032,4
"US","shweal992t","p99p100",1989,0.3035,4
"US","shweal992t","p99p100",1990,0.3044,4
"US","shweal992t","p99p100",1991,0.3005,4
"US","shweal992t","p99p100",1992,0.3119,4
"US","shweal992t","p99p100",1993,0.3115,4
"US","shweal992t","p99p100",1994,0.311,4
"US","shweal992t","p99p100",1995,0.3105,4
"US","shweal992t","p99p100",1996,0.3171,4
"US","shweal992t","p99p100",1997,0.3264,4
"US","shweal992t","p99p100",1998,0.3367,4
"US","shweal992t","p99p100",1999,0.3407,4
"US","shweal992t","p99p100",2000,0.3468,4
"US","shweal992t","p99p100",2001,0.3408,4
"US","shweal992t","p99p100",2002,0.3346,4
"US","shweal992t","p99p100",2003,0.3334,4
"US","shweal992t","p99p100",2004,0.3373,4
"US","shweal992t","p99p100",2005,0.3453,4
"US","shweal992t","p99p100",2006,0.35,4
"US","shweal992t","p99p100",2007,0.3571,4
"US","shweal992t","p99p100",2008,0.3625,4
"US","shweal992t","p99p100",2009,0.3536,4
"US","shweal992t","p99p100",2010,0.3687,4
"US","shweal992t","p99p100",2011,0.3769,4
"US","shweal992t","p99p100",2012,0.3912,4
"US","shweal992t","p99p100",2013,0.3801,4
"US","shweal992t","p99p100",2014,0.3836,4
"US","shweal992t","p99p100",2015,0.3843,4
"US","shweal992t","p99p100",2016,0.381,4
"US","shweal992t","p99p100",2017,0.3808,4
"US","shweal992t","p99p100",2018,0.3784,4
"US","shweal992t","p99p100",2019,0.3744,4
"US","shweal996i","p0p50",1962,0.0089,4
"US","shweal996i","p0p50",1963,0.0079,4
"US","shweal996i","p0p50",1964,0.0068,4
"US","shweal996i","p0p50",1965,0.0078,4
"US","shweal996i","p0p50",1966,0.0088,4
"US","shweal996i","p0p50",1967,0.0078,4
"US","shweal996i","p0p50",1968,0.0082,4
"US","shweal996i","p0p50",1969,0.0094,4
"US","shweal996i","p0p50",1970,0.0101,4
"US","shweal996i","p0p50",1971,0.0108,4
"US","shweal996i","p0p50",1972,0.0117,4
"US","shweal996i","p0p50",1973,0.0092,4
"US","shweal996i","p0p50",1974,0.0043,4
"US","shweal996i","p0p50",1975,0.0056,4
"US","shweal996i","p0p50",1976,0.0061,4
"US","shweal996i","p0p50",1977,0.0057,4
"US","shweal996i","p0p50",1978,0.0041,4
"US","shweal996i","p0p50",1979,0.0046,4
"US","shweal996i","p0p50",1980,0.0059,4
"US","shweal996i","p0p50",1981,0.0074,4
"US","shweal996i","p0p50",1982,0.0123,4
"US","shweal996i","p0p50",1983,0.0136,4
"US","shweal996i","p0p50",1984,0.0083,4
"US","shweal996i","p0p50",1985,0.0099,4
"US","shweal996i","p0p50",1986,0.0107,4
"US","shweal996i","p0p50",1987,0.0145,4
"US","shweal996i","p0p50",1988,0.0137,4
"US","shweal996i","p0p50",1989,0.0148,4
"US","shweal996i","p0p50",1990,0.0119,4
"US","shweal996i","p0p50",1991,0.0118,4
"US","shweal996i","p0p50",1992,0.0093,4
"US","shweal996i","p0p50",1993,0.0099,4
"US","shweal996i","p0p50",1994,0.0077,4
"US","shweal996i","p0p50",1995,0.0048,4
"US","shweal996i","p0p50",1996,0.0026,4
"US","shweal996i","p0p50",1997,8e-04,4
"US","shweal996i","p0p50",1998,8e-04,4
"US","shweal996i","p0p50",1999,0.0017,4
"US","shweal996i","p0p50",2000,3e-04,4
"US","shweal996i","p0p50",2001,-1e-04,4
"US","shweal996i","p0p50",2002,-3e-04,4
"US","shweal996i","p0p50",2003,-0.0028,4
"US","shweal996i","p0p50",2004,-0.0034,4
"US","shweal996i","p0p50",2005,-0.0029,4
"US","shweal996i","p0p50",2006,-0.0079,4
"US","shweal996i","p0p50",2007,-0.0163,4
"US","shweal996i","p0p50",2008,-0.0288,4
"US","shweal996i","p0p50",2009,-0.0372,4
"US","shweal996i","p0p50",2010,-0.0379,4
"US","shweal996i","p0p50",2011,-0.0368,4
"US","shweal996i","p0p50",2012,-0.0362,4
"US","shweal996i","p0p50",2013,-0.0268,4
"US","shweal996i","p0p50",2014,-0.0203,4
"US","shweal996i","p0p50",2015,-0.0174,4
"US","shweal996i","p0p50",2016,-0.0154,4
"US","shweal996i","p0p50",2017,-0.0124,4
"US","shweal996i","p0p50",2018,-0.0111,4
"US","shweal996i","p0p50",2019,-0.0092,4
"US","shweal996i","p50p90",1962,0.3338,4
"US","shweal996i","p50p90",1963,0.3373,4
"US","shweal996i","p50p90",1964,0.3409,4
"US","shweal996i","p50p90",1965,0.3491,4
"US","shweal996i","p50p90",1966,0.357,4
"US","shweal996i","p50p90",1967,0.3556,4
"US","shweal996i","p50p90",1968,0.3567,4
"US","shweal996i","p50p90",1969,0.3637,4
"US","shweal996i","p50p90",1970,0.3688,4
"US","shweal996i","p50p90",1971,0.3601,4
"US","shweal996i","p50p90",1972,0.3642,4
"US","shweal996i","p50p90",1973,0.3751,4
"US","shweal996i","p50p90",1974,0.3779,4
"US","shweal996i","p50p90",1975,0.384,4
"US","shweal996i","p50p90",1976,0.3937,4
"US","shweal996i","p50p90",1977,0.4045,4
"US","shweal996i","p50p90",1978,0.4098,4
"US","shweal996i","p50p90",1979,0.3983,4
"US","shweal996i","p50p90",1980,0.4035,4
"US","shweal996i","p50p90",1981,0.4046,4
"US","shweal996i","p50p90",1982,0.4175,4
"US","shweal996i","p50p90",1983,0.4276,4
"US","shweal996i","p50p90",1984,0.4248,4
"US","shweal996i","p50p90",1985,0.44,4
"US","shweal996i","p50p90",1986,0.44,4
"US","shweal996i","p50p90",1987,0.414,4
"US","shweal996i","p50p90",1988,0.3992,4
"US","shweal996i","p50p90",1989,0.3989,4
"US","shweal996i","p50p90",1990,0.4007,4
"US","shweal996i","p50p90",1991,0.4048,4
"US","shweal996i","p50p90",1992,0.3976,4
"US","shweal996i","p50p90",1993,0.4025,4
"US","shweal996i","p50p90",1994,0.4047,4
"US","shweal996i","p50p90",1995,0.4026,4
"US","shweal996i","p50p90",1996,0.4071,4
"US","shweal996i","p50p90",1997,0.4071,4
"US","shweal996i","p50p90",1998,0.3959,4
"US","shweal996i","p50p90",1999,0.3919,4
"US","shweal996i","p50p90",2000,0.3973,4
"US","shweal996i","p50p90",2001,0.4071,4
"US","shweal996i","p50p90",2002,0.4087,4
"US","shweal996i","p50p90",2003,0.4043,4
"US","shweal996i","p50p90",2004,0.3968,4
"US","shweal996i","p50p90",2005,0.3938,4
"US","shweal996i","p50p90",2006,0.3955,4
"US","shweal996i","p50p90",2007,0.3929,4
"US","shweal996i","p50p90",2008,0.3922,4
"US","shweal996i","p50p90",2009,0.3976,4
"US","shweal996i","p50p90",2010,0.385,4
"US","shweal996i","p50p90",2011,0.3792,4
"US","shweal996i","p50p90",2012,0.3676,4
"US","shweal996i","p50p90",2013,0.3675,4
"US","shweal996i","p50p90",2014,0.3633,4
"US","shweal996i","p50p90",2015,0.3677,4
"US","shweal996i","p50p90",2016,0.3762,4
"US","shweal996i","p50p90",2017,0.3641,4
"US","shweal996i","p50p90",2018,0.3638,4
"US","shweal996i","p50p90",2019,0.3651,4
"US","shweal996i","p90p100",1962,0.6856,4
"US","shweal996i","p90p100",1963,0.6849,4
"US","shweal996i","p90p100",1964,0.6842,4
"US","shweal996i","p90p100",1965,0.6825,4
"US","shweal996i","p90p100",1966,0.681,4
"US","shweal996i","p90p100",1967,0.6768,4
"US","shweal996i","p90p100",1968,0.6821,4
"US","shweal996i","p90p100",1969,0.6723,4
"US","shweal996i","p90p100",1970,0.6705,4
"US","shweal996i","p90p100",1971,0.6644,4
"US","shweal996i","p90p100",1972,0.669,4
"US","shweal996i","p90p100",1973,0.6629,4
"US","shweal996i","p90p100",1974,0.6582,4
"US","shweal996i","p90p100",1975,0.6584,4
"US","shweal996i","p90p100",1976,0.6519,4
"US","shweal996i","p90p100",1977,0.6494,4
"US","shweal996i","p90p100",1978,0.6438,4
"US","shweal996i","p90p100",1979,0.6524,4
"US","shweal996i","p90p100",1980,0.6493,4
"US","shweal996i","p90p100",1981,0.653,4
"US","shweal996i","p90p100",1982,0.6456,4
"US","shweal996i","p90p100",1983,0.6392,4
"US","shweal996i","p90p100",1984,0.651,4
"US","shweal996i","p90p100",1985,0.6453,4
"US","shweal996i","p90p100",1986,0.6482,4
"US","shweal996i","p90p100",1987,0.6515,4
"US","shweal996i","p90p100",1988,0.6707,4
"US","shweal996i","p90p100",1989,0.6711,4
"US","shweal996i","p90p100",1990,0.6779,4
"US","shweal996i","p90p100",1991,0.6775,4
"US","shweal996i","p90p100",1992,0.6902,4
"US","shweal996i","p90p100",1993,0.6908,4
"US","shweal996i","p90p100",1994,0.6921,4
"US","shweal996i","p90p100",1995,0.6989,4
"US","shweal996i","p90p100",1996,0.699,4
"US","shweal996i","p90p100",1997,0.7078,4
"US","shweal996i","p90p100",1998,0.7136,4
"US","shweal996i","p90p100",1999,0.7175,4
"US","shweal996i","p90p100",2000,0.7171,4
"US","shweal996i","p90p100",2001,0.7082,4
"US","shweal996i","p90p100",2002,0.7033,4
"US","shweal996i","p90p100",2003,0.7073,4
"US","shweal996i","p90p100",2004,0.7117,4
"US","shweal996i","p90p100",2005,0.7159,4
"US","shweal996i","p90p100",2006,0.7251,4
"US","shweal996i","p90p100",2007,0.743,4
"US","shweal996i","p90p100",2008,0.7656,4
"US","shweal996i","p90p100",2009,0.7728,4
"US","shweal996i","p90p100",2010,0.791,4
"US","shweal996i","p90p100",2011,0.7979,4
"US","shweal996i","p90p100",2012,0.8139,4
"US","shweal996i","p90p100",2013,0.7813,4
"US","shweal996i","p90p100",2014,0.7756,4
"US","shweal996i","p90p100",2015,0.7721,4
"US","shweal996i","p90p100",2016,0.767,4
"US","shweal996i","p90p100",2017,0.7785,4
"US","shweal996i","p90p100",2018,0.7746,4
"US","shweal996i","p90p100",2019,0.7705,4
"US","shweal996i","p99p100",1962,0.2776,4
"US","shweal996i","p99p100",1963,0.2761,4
"US","shweal996i","p99p100",1964,0.2745,4
"US","shweal996i","p99p100",1965,0.2767,4
"US","shweal996i","p99p100",1966,0.2787,4
"US","shweal996i","p99p100",1967,0.2779,4
"US","shweal996i","p99p100",1968,0.2828,4
"US","shweal996i","p99p100",1969,0.275,4
"US","shweal996i","p99p100",1970,0.2682,4
"US","shweal996i","p99p100",1971,0.262,4
"US","shweal996i","p99p100",1972,0.2607,4
"US","shweal996i","p99p100",1973,0.2522,4
"US","shweal996i","p99p100",1974,0.243,4
"US","shweal996i","p99p100",1975,0.2374,4
"US","shweal996i","p99p100",1976,0.2312,4
"US","shweal996i","p99p100",1977,0.2278,4
"US","shweal996i","p99p100",1978,0.2249,4
"US","shweal996i","p99p100",1979,0.2337,4
"US","shweal996i","p99p100",1980,0.2333,4
"US","shweal996i","p99p100",1981,0.2437,4
"US","shweal996i","p99p100",1982,0.2532,4
"US","shweal996i","p99p100",1983,0.2491,4
"US","shweal996i","p99p100",1984,0.2644,4
"US","shweal996i","p99p100",1985,0.2665,4
"US","shweal996i","p99p100",1986,0.2741,4
"US","shweal996i","p99p100",1987,0.2869,4
"US","shweal996i","p99p100",1988,0.3136,4
"US","shweal996i","p99p100",1989,0.313,4
"US","shweal996i","p99p100",1990,0.3191,4
"US","shweal996i","p99p100",1991,0.3122,4
"US","shweal996i","p99p100",1992,0.3276,4
"US","shweal996i","p99p100",1993,0.3269,4
"US","shweal996i","p99p100",1994,0.3254,4
"US","shweal996i","p99p100",1995,0.3287,4
"US","shweal996i","p99p100",1996,0.3319,4
"US","shweal996i","p99p100",1997,0.3444,4
"US","shweal996i","p99p100",1998,0.3539,4
"US","shweal996i","p99p100",1999,0.3625,4
"US","shweal996i","p99p100",2000,0.363,4
"US","shweal996i","p99p100",2001,0.3549,4
"US","shweal996i","p99p100",2002,0.3445,4
"US","shweal996i","p99p100",2003,0.3422,4
"US","shweal996i","p99p100",2004,0.3501,4
"US","shweal996i","p99p100",2005,0.3601,4
"US","shweal996i","p99p100",2006,0.3667,4
"US","shweal996i","p99p100",2007,0.3838,4
"US","shweal996i","p99p100",2008,0.3946,4
"US","shweal996i","p99p100",2009,0.3915,4
"US","shweal996i","p99p100",2010,0.4142,4
"US","shweal996i","p99p100",2011,0.4247,4
"US","shweal996i","p99p100",2012,0.4513,4
"US","shweal996i","p99p100",2013,0.402,4
"US","shweal996i","p99p100",2014,0.4021,4
"US","shweal996i","p99p100",2015,0.4014,4
"US","shweal996i","p99p100",2016,0.3982,4
"US","shweal996i","p99p100",2017,0.4284,4
"US","shweal996i","p99p100",2018,0.4229,4
"US","shweal996i","p99p100",2019,0.4185,4
"US","shweal999i","p0p50",1962,0.0132,4
"US","shweal999i","p0p50",1963,0.0122,4
"US","shweal999i","p0p50",1964,0.0109,4
"US","shweal999i","p0p50",1965,0.0111,4
"US","shweal999i","p0p50",1966,0.0117,4
"US","shweal999i","p0p50",1967,0.0088,4
"US","shweal999i","p0p50",1968,0.0089,4
"US","shweal999i","p0p50",1969,0.0097,4
"US","shweal999i","p0p50",1970,0.01,4
"US","shweal999i","p0p50",1971,0.0103,4
"US","shweal999i","p0p50",1972,0.0112,4
"US","shweal999i","p0p50",1973,0.0095,4
"US","shweal999i","p0p50",1974,0.0066,4
"US","shweal999i","p0p50",1975,0.0088,4
"US","shweal999i","p0p50",1976,0.0097,4
"US","shweal999i","p0p50",1977,0.0095,4
"US","shweal999i","p0p50",1978,0.0085,4
"US","shweal999i","p0p50",1979,0.0089,4
"US","shweal999i","p0p50",1980,0.0099,4
"US","shweal999i","p0p50",1981,0.0118,4
"US","shweal999i","p0p50",1982,0.016,4
"US","shweal999i","p0p50",1983,0.0175,4
"US","shweal999i","p0p50",1984,0.0141,4
"US","shweal999i","p0p50",1985,0.0155,4
"US","shweal999i","p0p50",1986,0.016,4
"US","shweal999i","p0p50",1987,0.0191,4
"US","shweal999i","p0p50",1988,0.0181,4
"US","shweal999i","p0p50",1989,0.0185,4
"US","shweal999i","p0p50",1990,0.017,4
"US","shweal999i","p0p50",1991,0.0166,4
"US","shweal999i","p0p50",1992,0.0139,4
"US","shweal999i","p0p50",1993,0.0134,4
"US","shweal999i","p0p50",1994,0.0115,4
"US","shweal999i","p0p50",1995,0.0095,4
"US","shweal999i","p0p50",1996,0.0079,4
"US","shweal999i","p0p50",1997,0.0055,4
"US","shweal999i","p0p50",1998,0.0051,4
"US","shweal999i","p0p50",1999,0.0064,4
"US","shweal999i","p0p50",2000,0.0061,4
"US","shweal999i","p0p50",2001,0.0062,4
"US","shweal999i","p0p50",2002,0.0062,4
"US","shweal999i","p0p50",2003,0.0042,4
"US","shweal999i","p0p50",2004,0.0039,4
"US","shweal999i","p0p50",2005,0.0047,4
"US","shweal999i","p0p50",2006,0.0018,4
"US","shweal999i","p0p50",2007,-0.0039,4
"US","shweal999i","p0p50",2008,-0.0123,4
"US","shweal999i","p0p50",2009,-0.0183,4
"US","shweal999i","p0p50",2010,-0.0182,4
"US","shweal999i","p0p50",2011,-0.0178,4
"US","shweal999i","p0p50",2012,-0.0164,4
"US","shweal999i","p0p50",2013,-0.0119,4
"US","shweal999i","p0p50",2014,-0.0078,4
"US","shweal999i","p0p50",2015,-0.0056,4
"US","shweal999i","p0p50",2016,-0.004,4
"US","shweal999i","p0p50",2017,-3e-04,4
"US","shweal999i","p0p50",2018,6e-04,4
"US","shweal999i","p0p50",2019,0.0022,4
"US","shweal999i","p50p90",1962,0.2523,4
"US","shweal999i","p50p90",1963,0.2525,4
"US","shweal999i","p50p90",1964,0.248,4
"US","shweal999i","p50p90",1965,0.2424,4
"US","shweal999i","p50p90",1966,0.2458,4
"US","shweal999i","p50p90",1967,0.2545,4
"US","shweal999i","p50p90",1968,0.2477,4
"US","shweal999i","p50p90",1969,0.2561,4
"US","shweal999i","p50p90",1970,0.255,4
"US","shweal999i","p50p90",1971,0.2676,4
"US","shweal999i","p50p90",1972,0.2576,4
"US","shweal999i","p50p90",1973,0.2691,4
"US","shweal999i","p50p90",1974,0.2822,4
"US","shweal999i","p50p90",1975,0.2768,4
"US","shweal999i","p50p90",1976,0.2841,4
"US","shweal999i","p50p90",1977,0.2846,4
"US","shweal999i","p50p90",1978,0.2953,4
"US","shweal999i","p50p90",1979,0.2881,4
"US","shweal999i","p50p90",1980,0.2873,4
"US","shweal999i","p50p90",1981,0.2829,4
"US","shweal999i","p50p90",1982,0.2833,4
"US","shweal999i","p50p90",1983,0.2828,4
"US","shweal999i","p50p90",1984,0.2748,4
"US","shweal999i","p50p90",1985,0.273,4
"US","shweal999i","p50p90",1986,0.2703,4
"US","shweal999i","p50p90",1987,0.2762,4
"US","shweal999i","p50p90",1988,0.2624,4
"US","shweal999i","p50p90",1989,0.2591,4
"US","shweal999i","p50p90",1990,0.2552,4
"US","shweal999i","p50p90",1991,0.2533,4
"US","shweal999i","p50p90",1992,0.2418,4
"US","shweal999i","p50p90",1993,0.2401,4
"US","shweal999i","p50p90",1994,0.2402,4
"US","shweal999i","p50p90",1995,0.2377,4
"US","shweal999i","p50p90",1996,0.232,4
"US","shweal999i","p50p90",1997,0.2266,4
"US","shweal999i","p50p90",1998,0.2228,4
"US","shweal999i","p50p90",1999,0.2204,4
"US","shweal999i","p50p90",2000,0.2187,4
"US","shweal999i","p50p90",2001,0.225,4
"US","shweal999i","p50p90",2002,0.2285,4
"US","shweal999i","p50p90",2003,0.2295,4
"US","shweal999i","p50p90",2004,0.2277,4
"US","shweal999i","p50p90",2005,0.2258,4
"US","shweal999i","p50p90",2006,0.2199,4
"US","shweal999i","p50p90",2007,0.2116,4
"US","shweal999i","p50p90",2008,0.1988,4
"US","shweal999i","p50p90",2009,0.1987,4
"US","shweal999i","p50p90",2010,0.1816,4
"US","shweal999i","p50p90",2011,0.1766,4
"US","shweal999i","p50p90",2012,0.1621,4
"US","shweal999i","p50p90",2013,0.1818,4
"US","shweal999i","p50p90",2014,0.1831,4
"US","shweal999i","p50p90",2015,0.1825,4
"US","shweal999i","p50p90",2016,0.183,4
"US","shweal999i","p50p90",2017,0.1787,4
"US","shweal999i","p50p90",2018,0.1816,4
"US","shweal999i","p50p90",2019,0.1832,4
"US","shweal999i","p90p100",1913,0.7936,3
"US","shweal999i","p90p100",1914,0.7924,3
"US","shweal999i","p90p100",1915,0.7888,3
"US","shweal999i","p90p100",1916,0.7887,3
"US","shweal999i","p90p100",1917,0.7902,3
"US","shweal999i","p90p100",1918,0.7933,3
"US","shweal999i","p90p100",1919,0.8083,3
"US","shweal999i","p90p100",1920,0.7895,3
"US","shweal999i","p90p100",1921,0.789,3
"US","shweal999i","p90p100",1922,0.7995,3
"US","shweal999i","p90p100",1923,0.8046,3
"US","shweal999i","p90p100",1924,0.8171,3
"US","shweal999i","p90p100",1925,0.8268,3
"US","shweal999i","p90p100",1926,0.8365,3
"US","shweal999i","p90p100",1927,0.8471,3
"US","shweal999i","p90p100",1928,0.8491,3
"US","shweal999i","p90p100",1929,0.8486,3
"US","shweal999i","p90p100",1930,0.8532,3
"US","shweal999i","p90p100",1931,0.8511,3
"US","shweal999i","p90p100",1932,0.8559,3
"US","shweal999i","p90p100",1933,0.8527,3
"US","shweal999i","p90p100",1934,0.8368,3
"US","shweal999i","p90p100",1935,0.8233,3
"US","shweal999i","p90p100",1936,0.8271,3
"US","shweal999i","p90p100",1937,0.8099,3
"US","shweal999i","p90p100",1938,0.8066,3
"US","shweal999i","p90p100",1939,0.8098,3
"US","shweal999i","p90p100",1940,0.7806,3
"US","shweal999i","p90p100",1941,0.7554,3
"US","shweal999i","p90p100",1942,0.7373,3
"US","shweal999i","p90p100",1943,0.7408,3
"US","shweal999i","p90p100",1944,0.7178,3
"US","shweal999i","p90p100",1945,0.7237,3
"US","shweal999i","p90p100",1946,0.7212,3
"US","shweal999i","p90p100",1947,0.708,3
"US","shweal999i","p90p100",1948,0.6946,3
"US","shweal999i","p90p100",1949,0.6868,3
"US","shweal999i","p90p100",1950,0.6903,3
"US","shweal999i","p90p100",1951,0.6901,3
"US","shweal999i","p90p100",1952,0.6873,3
"US","shweal999i","p90p100",1953,0.681,3
"US","shweal999i","p90p100",1954,0.685,3
"US","shweal999i","p90p100",1955,0.6888,3
"US","shweal999i","p90p100",1956,0.6922,3
"US","shweal999i","p90p100",1957,0.6964,3
"US","shweal999i","p90p100",1958,0.6952,3
"US","shweal999i","p90p100",1959,0.7024,3
"US","shweal999i","p90p100",1960,0.705,3
"US","shweal999i","p90p100",1961,0.7071,3
"US","shweal999i","p90p100",1962,0.7122,4
"US","shweal999i","p90p100",1963,0.7117,4
"US","shweal999i","p90p100",1964,0.7112,4
"US","shweal999i","p90p100",1965,0.7071,4
"US","shweal999i","p90p100",1966,0.703,4
"US","shweal999i","p90p100",1967,0.6995,4
"US","shweal999i","p90p100",1968,0.6999,4
"US","shweal999i","p90p100",1969,0.6902,4
"US","shweal999i","p90p100",1970,0.6907,4
"US","shweal999i","p90p100",1971,0.687,4
"US","shweal999i","p90p100",1972,0.6891,4
"US","shweal999i","p90p100",1973,0.6802,4
"US","shweal999i","p90p100",1974,0.6709,4
"US","shweal999i","p90p100",1975,0.6662,4
"US","shweal999i","p90p100",1976,0.6581,4
"US","shweal999i","p90p100",1977,0.654,4
"US","shweal999i","p90p100",1978,0.6465,4
"US","shweal999i","p90p100",1979,0.6537,4
"US","shweal999i","p90p100",1980,0.6499,4
"US","shweal999i","p90p100",1981,0.6459,4
"US","shweal999i","p90p100",1982,0.6354,4
"US","shweal999i","p90p100",1983,0.6302,4
"US","shweal999i","p90p100",1984,0.6325,4
"US","shweal999i","p90p100",1985,0.6298,4
"US","shweal999i","p90p100",1986,0.6294,4
"US","shweal999i","p90p100",1987,0.6335,4
"US","shweal999i","p90p100",1988,0.6461,4
"US","shweal999i","p90p100",1989,0.6469,4
"US","shweal999i","p90p100",1990,0.6488,4
"US","shweal999i","p90p100",1991,0.6494,4
"US","shweal999i","p90p100",1992,0.6634,4
"US","shweal999i","p90p100",1993,0.6656,4
"US","shweal999i","p90p100",1994,0.6663,4
"US","shweal999i","p90p100",1995,0.6695,4
"US","shweal999i","p90p100",1996,0.6731,4
"US","shweal999i","p90p100",1997,0.6801,4
"US","shweal999i","p90p100",1998,0.6865,4
"US","shweal999i","p90p100",1999,0.6863,4
"US","shweal999i","p90p100",2000,0.6865,4
"US","shweal999i","p90p100",2001,0.6808,4
"US","shweal999i","p90p100",2002,0.6806,4
"US","shweal999i","p90p100",2003,0.6817,4
"US","shweal999i","p90p100",2004,0.686,4
"US","shweal999i","p90p100",2005,0.686,4
"US","shweal999i","p90p100",2006,0.6874,4
"US","shweal999i","p90p100",2007,0.6963,4
"US","shweal999i","p90p100",2008,0.7114,4
"US","shweal999i","p90p100",2009,0.7168,4
"US","shweal999i","p90p100",2010,0.7297,4
"US","shweal999i","p90p100",2011,0.735,4
"US","shweal999i","p90p100",2012,0.7435,4
"US","shweal999i","p90p100",2013,0.7392,4
"US","shweal999i","p90p100",2014,0.7364,4
"US","shweal999i","p90p100",2015,0.7323,4
"US","shweal999i","p90p100",2016,0.7279,4
"US","shweal999i","p90p100",2017,0.7185,4
"US","shweal999i","p90p100",2018,0.7166,4
"US","shweal999i","p90p100",2019,0.7142,4
"US","shweal999i","p99p100",1913,0.4662,3
"US","shweal999i","p99p100",1914,0.461,3
"US","shweal999i","p99p100",1915,0.4613,3
"US","shweal999i","p99p100",1916,0.4445,3
"US","shweal999i","p99p100",1917,0.42,3
"US","shweal999i","p99p100",1918,0.3842,3
"US","shweal999i","p99p100",1919,0.4127,3
"US","shweal999i","p99p100",1920,0.3696,3
"US","shweal999i","p99p100",1921,0.3812,3
"US","shweal999i","p99p100",1922,0.4111,3
"US","shweal999i","p99p100",1923,0.3656,3
"US","shweal999i","p99p100",1924,0.3861,3
"US","shweal999i","p99p100",1925,0.4188,3
"US","shweal999i","p99p100",1926,0.4349,3
"US","shweal999i","p99p100",1927,0.4586,3
"US","shweal999i","p99p100",1928,0.4855,3
"US","shweal999i","p99p100",1929,0.4867,3
"US","shweal999i","p99p100",1930,0.4417,3
"US","shweal999i","p99p100",1931,0.396,3
"US","shweal999i","p99p100",1932,0.3937,3
"US","shweal999i","p99p100",1933,0.4148,3
"US","shweal999i","p99p100",1934,0.4211,3
"US","shweal999i","p99p100",1935,0.4152,3
"US","shweal999i","p99p100",1936,0.4395,3
"US","shweal999i","p99p100",1937,0.4472,3
"US","shweal999i","p99p100",1938,0.4084,3
"US","shweal999i","p99p100",1939,0.4189,3
"US","shweal999i","p99p100",1940,0.3897,3
"US","shweal999i","p99p100",1941,0.3587,3
"US","shweal999i","p99p100",1942,0.3537,3
"US","shweal999i","p99p100",1943,0.3553,3
"US","shweal999i","p99p100",1944,0.3284,3
"US","shweal999i","p99p100",1945,0.33,3
"US","shweal999i","p99p100",1946,0.3088,3
"US","shweal999i","p99p100",1947,0.2975,3
"US","shweal999i","p99p100",1948,0.292,3
"US","shweal999i","p99p100",1949,0.2835,3
"US","shweal999i","p99p100",1950,0.2959,3
"US","shweal999i","p99p100",1951,0.2913,3
"US","shweal999i","p99p100",1952,0.2881,3
"US","shweal999i","p99p100",1953,0.2762,3
"US","shweal999i","p99p100",1954,0.2822,3
"US","shweal999i","p99p100",1955,0.2847,3
"US","shweal999i","p99p100",1956,0.2878,3
"US","shweal999i","p99p100",1957,0.2841,3
"US","shweal999i","p99p100",1958,0.2796,3
"US","shweal999i","p99p100",1959,0.2853,3
"US","shweal999i","p99p100",1960,0.2852,3
"US","shweal999i","p99p100",1961,0.2869,3
"US","shweal999i","p99p100",1962,0.2874,4
"US","shweal999i","p99p100",1963,0.2839,4
"US","shweal999i","p99p100",1964,0.2804,4
"US","shweal999i","p99p100",1965,0.2791,4
"US","shweal999i","p99p100",1966,0.2778,4
"US","shweal999i","p99p100",1967,0.2809,4
"US","shweal999i","p99p100",1968,0.2848,4
"US","shweal999i","p99p100",1969,0.2748,4
"US","shweal999i","p99p100",1970,0.2687,4
"US","shweal999i","p99p100",1971,0.2665,4
"US","shweal999i","p99p100",1972,0.2623,4
"US","shweal999i","p99p100",1973,0.2525,4
"US","shweal999i","p99p100",1974,0.2427,4
"US","shweal999i","p99p100",1975,0.2357,4
"US","shweal999i","p99p100",1976,0.2287,4
"US","shweal999i","p99p100",1977,0.2251,4
"US","shweal999i","p99p100",1978,0.2233,4
"US","shweal999i","p99p100",1979,0.2324,4
"US","shweal999i","p99p100",1980,0.2324,4
"US","shweal999i","p99p100",1981,0.239,4
"US","shweal999i","p99p100",1982,0.2451,4
"US","shweal999i","p99p100",1983,0.2397,4
"US","shweal999i","p99p100",1984,0.2419,4
"US","shweal999i","p99p100",1985,0.2474,4
"US","shweal999i","p99p100",1986,0.2497,4
"US","shweal999i","p99p100",1987,0.2658,4
"US","shweal999i","p99p100",1988,0.2845,4
"US","shweal999i","p99p100",1989,0.2859,4
"US","shweal999i","p99p100",1990,0.2862,4
"US","shweal999i","p99p100",1991,0.281,4
"US","shweal999i","p99p100",1992,0.2919,4
"US","shweal999i","p99p100",1993,0.2906,4
"US","shweal999i","p99p100",1994,0.2897,4
"US","shweal999i","p99p100",1995,0.2893,4
"US","shweal999i","p99p100",1996,0.2962,4
"US","shweal999i","p99p100",1997,0.305,4
"US","shweal999i","p99p100",1998,0.315,4
"US","shweal999i","p99p100",1999,0.3182,4
"US","shweal999i","p99p100",2000,0.3234,4
"US","shweal999i","p99p100",2001,0.319,4
"US","shweal999i","p99p100",2002,0.3127,4
"US","shweal999i","p99p100",2003,0.311,4
"US","shweal999i","p99p100",2004,0.3154,4
"US","shweal999i","p99p100",2005,0.3225,4
"US","shweal999i","p99p100",2006,0.3265,4
"US","shweal999i","p99p100",2007,0.3332,4
"US","shweal999i","p99p100",2008,0.339,4
"US","shweal999i","p99p100",2009,0.3312,4
"US","shweal999i","p99p100",2010,0.3459,4
"US","shweal999i","p99p100",2011,0.352,4
"US","shweal999i","p99p100",2012,0.3666,4
"US","shweal999i","p99p100",2013,0.3566,4
"US","shweal999i","p99p100",2014,0.3586,4
"US","shweal999i","p99p100",2015,0.3584,4
"US","shweal999i","p99p100",2016,0.3552,4
"US","shweal999i","p99p100",2017,0.3551,4
"US","shweal999i","p99p100",2018,0.3521,4
"US","shweal999i","p99p100",2019,0.3488,4
"US","shweal999j","p0p50",1820,0.013,0
"US","shweal999j","p0p50",1850,0.0071,0
"US","shweal999j","p0p50",1880,0.0126,0
"US","shweal999j","p0p50",1900,0.0108,0
"US","shweal999j","p0p50",1910,0.0106,0
"US","shweal999j","p0p50",1913,0.0194,3
"US","shweal999j","p0p50",1914,0.0198,3
"US","shweal999j","p0p50",1915,0.0205,3
"US","shweal999j","p0p50",1916,0.0324,3
"US","shweal999j","p0p50",1917,0.0319,3
"US","shweal999j","p0p50",1918,0.0124,3
"US","shweal999j","p0p50",1919,0.0171,3
"US","shweal999j","p0p50",1920,0.0081,3
"US","shweal999j","p0p50",1921,0.0132,3
"US","shweal999j","p0p50",1922,0.0122,3
"US","shweal999j","p0p50",1923,0.0335,3
"US","shweal999j","p0p50",1924,0.0311,3
"US","shweal999j","p0p50",1925,0.0295,3
"US","shweal999j","p0p50",1926,0.0278,3
"US","shweal999j","p0p50",1927,0.0259,3
"US","shweal999j","p0p50",1928,0.0256,3
"US","shweal999j","p0p50",1929,0.0258,3
"US","shweal999j","p0p50",1930,0.0247,3
"US","shweal999j","p0p50",1931,0.0251,3
"US","shweal999j","p0p50",1932,0.013,3
"US","shweal999j","p0p50",1933,0.0158,3
"US","shweal999j","p0p50",1934,0.037,3
"US","shweal999j","p0p50",1935,0.0257,3
"US","shweal999j","p0p50",1936,0.02,3
"US","shweal999j","p0p50",1937,0.0328,3
"US","shweal999j","p0p50",1938,0.033,3
"US","shweal999j","p0p50",1939,0.0327,3
"US","shweal999j","p0p50",1940,0.0105,3
"US","shweal999j","p0p50",1941,0.0214,3
"US","shweal999j","p0p50",1942,0.0222,3
"US","shweal999j","p0p50",1943,0.0251,3
"US","shweal999j","p0p50",1944,0.031,3
"US","shweal999j","p0p50",1945,0.0343,3
"US","shweal999j","p0p50",1946,0.0349,3
"US","shweal999j","p0p50",1947,0.0385,3
"US","shweal999j","p0p50",1948,0.0372,3
"US","shweal999j","p0p50",1949,0.0326,3
"US","shweal999j","p0p50",1950,0.0311,3
"US","shweal999j","p0p50",1951,0.0348,3
"US","shweal999j","p0p50",1952,0.0318,3
"US","shweal999j","p0p50",1953,0.0339,3
"US","shweal999j","p0p50",1954,0.0252,3
"US","shweal999j","p0p50",1955,0.016,3
"US","shweal999j","p0p50",1956,0.0252,3
"US","shweal999j","p0p50",1957,0.0358,3
"US","shweal999j","p0p50",1958,0.0353,3
"US","shweal999j","p0p50",1959,0.038,3
"US","shweal999j","p0p50",1960,0.0361,3
"US","shweal999j","p0p50",1961,0.0279,3
"US","shweal999j","p0p50",1962,0.0132,4
"US","shweal999j","p0p50",1963,0.0121,4
"US","shweal999j","p0p50",1964,0.0109,4
"US","shweal999j","p0p50",1965,0.0113,4
"US","shweal999j","p0p50",1966,0.0117,4
"US","shweal999j","p0p50",1967,0.0075,4
"US","shweal999j","p0p50",1968,0.0085,4
"US","shweal999j","p0p50",1969,0.0098,4
"US","shweal999j","p0p50",1970,0.0102,4
"US","shweal999j","p0p50",1971,0.0099,4
"US","shweal999j","p0p50",1972,0.0115,4
"US","shweal999j","p0p50",1973,0.0115,4
"US","shweal999j","p0p50",1974,0.0037,4
"US","shweal999j","p0p50",1975,0.0094,4
"US","shweal999j","p0p50",1976,0.0098,4
"US","shweal999j","p0p50",1977,0.0102,4
"US","shweal999j","p0p50",1978,0.0078,4
"US","shweal999j","p0p50",1979,0.0089,4
"US","shweal999j","p0p50",1980,0.0099,4
"US","shweal999j","p0p50",1981,0.0118,4
"US","shweal999j","p0p50",1982,0.016,4
"US","shweal999j","p0p50",1983,0.0175,4
"US","shweal999j","p0p50",1984,0.014,4
"US","shweal999j","p0p50",1985,0.0156,4
"US","shweal999j","p0p50",1986,0.016,4
"US","shweal999j","p0p50",1987,0.0191,4
"US","shweal999j","p0p50",1988,0.0181,4
"US","shweal999j","p0p50",1989,0.0184,4
"US","shweal999j","p0p50",1990,0.0169,4
"US","shweal999j","p0p50",1991,0.0165,4
"US","shweal999j","p0p50",1992,0.0138,4
"US","shweal999j","p0p50",1993,0.0134,4
"US","shweal999j","p0p50",1994,0.0115,4
"US","shweal999j","p0p50",1995,0.0094,4
"US","shweal999j","p0p50",1996,0.0079,4
"US","shweal999j","p0p50",1997,0.0055,4
"US","shweal999j","p0p50",1998,0.0051,4
"US","shweal999j","p0p50",1999,0.0064,4
"US","shweal999j","p0p50",2000,0.0061,4
"US","shweal999j","p0p50",2001,0.0062,4
"US","shweal999j","p0p50",2002,0.0062,4
"US","shweal999j","p0p50",2003,0.0042,4
"US","shweal999j","p0p50",2004,0.0039,4
"US","shweal999j","p0p50",2005,0.0047,4
"US","shweal999j","p0p50",2006,0.0018,4
"US","shweal999j","p0p50",2007,-0.0039,4
"US","shweal999j","p0p50",2008,-0.0123,4
"US","shweal999j","p0p50",2009,-0.0183,4
"US","shweal999j","p0p50",2010,-0.0182,4
"US","shweal999j","p0p50",2011,-0.0178,4
"US","shweal999j","p0p50",2012,-0.0164,4
"US","shweal999j","p0p50",2013,-0.0119,4
"US","shweal999j","p0p50",2014,-0.0078,4
"US","shweal999j","p0p50",2015,-0.0056,4
"US","shweal999j","p0p50",2016,-0.004,4
"US","shweal999j","p0p50",2017,-3e-04,4
"US","shweal999j","p0p50",2018,6e-04,4
"US","shweal999j","p0p50",2019,0.0022,4
"US","shweal999j","p0p50",2020,0.0036,4
"US","shweal999j","p0p50",2021,0.0078,4
"US","shweal999j","p0p50",2022,0.0094,4
"US","shweal999j","p0p50",2023,0.0095,0
"US","shweal999j","p0p50",2024,0.0096,0
"US","shweal999j","p50p90",1820,0.2237,0
"US","shweal999j","p50p90",1850,0.1981,0
"US","shweal999j","p50p90",1880,0.2222,0
"US","shweal999j","p50p90",1900,0.2142,0
"US","shweal999j","p50p90",1910,0.2134,0
"US","shweal999j","p50p90",1913,0.1871,3
"US","shweal999j","p50p90",1914,0.188,3
"US","shweal999j","p50p90",1915,0.1909,3
"US","shweal999j","p50p90",1916,0.1789,3
"US","shweal999j","p50p90",1917,0.178,3
"US","shweal999j","p50p90",1918,0.1944,3
"US","shweal999j","p50p90",1919,0.1748,3
"US","shweal999j","p50p90",1920,0.2026,3
"US","shweal999j","p50p90",1921,0.1979,3
"US","shweal999j","p50p90",1922,0.1883,3
"US","shweal999j","p50p90",1923,0.162,3
"US","shweal999j","p50p90",1924,0.1518,3
"US","shweal999j","p50p90",1925,0.1437,3
"US","shweal999j","p50p90",1926,0.1358,3
"US","shweal999j","p50p90",1927,0.127,3
"US","shweal999j","p50p90",1928,0.1253,3
"US","shweal999j","p50p90",1929,0.1257,3
"US","shweal999j","p50p90",1930,0.1222,3
"US","shweal999j","p50p90",1931,0.1239,3
"US","shweal999j","p50p90",1932,0.1311,3
"US","shweal999j","p50p90",1933,0.1315,3
"US","shweal999j","p50p90",1934,0.1263,3
"US","shweal999j","p50p90",1935,0.1511,3
"US","shweal999j","p50p90",1936,0.1529,3
"US","shweal999j","p50p90",1937,0.1573,3
"US","shweal999j","p50p90",1938,0.1605,3
"US","shweal999j","p50p90",1939,0.1576,3
"US","shweal999j","p50p90",1940,0.209,3
"US","shweal999j","p50p90",1941,0.2232,3
"US","shweal999j","p50p90",1942,0.2406,3
"US","shweal999j","p50p90",1943,0.2342,3
"US","shweal999j","p50p90",1944,0.2513,3
"US","shweal999j","p50p90",1945,0.2421,3
"US","shweal999j","p50p90",1946,0.2439,3
"US","shweal999j","p50p90",1947,0.2536,3
"US","shweal999j","p50p90",1948,0.2683,3
"US","shweal999j","p50p90",1949,0.2807,3
"US","shweal999j","p50p90",1950,0.2788,3
"US","shweal999j","p50p90",1951,0.2751,3
"US","shweal999j","p50p90",1952,0.2809,3
"US","shweal999j","p50p90",1953,0.2853,3
"US","shweal999j","p50p90",1954,0.2899,3
"US","shweal999j","p50p90",1955,0.2952,3
"US","shweal999j","p50p90",1956,0.2826,3
"US","shweal999j","p50p90",1957,0.2679,3
"US","shweal999j","p50p90",1958,0.2695,3
"US","shweal999j","p50p90",1959,0.2596,3
"US","shweal999j","p50p90",1960,0.2589,3
"US","shweal999j","p50p90",1961,0.265,3
"US","shweal999j","p50p90",1962,0.2748,4
"US","shweal999j","p50p90",1963,0.2764,4
"US","shweal999j","p50p90",1964,0.2779,4
"US","shweal999j","p50p90",1965,0.2818,4
"US","shweal999j","p50p90",1966,0.2854,4
"US","shweal999j","p50p90",1967,0.2995,4
"US","shweal999j","p50p90",1968,0.2829,4
"US","shweal999j","p50p90",1969,0.3077,4
"US","shweal999j","p50p90",1970,0.2945,4
"US","shweal999j","p50p90",1971,0.3082,4
"US","shweal999j","p50p90",1972,0.2952,4
"US","shweal999j","p50p90",1973,0.3061,4
"US","shweal999j","p50p90",1974,0.3298,4
"US","shweal999j","p50p90",1975,0.3203,4
"US","shweal999j","p50p90",1976,0.3367,4
"US","shweal999j","p50p90",1977,0.3306,4
"US","shweal999j","p50p90",1978,0.3531,4
"US","shweal999j","p50p90",1979,0.3374,4
"US","shweal999j","p50p90",1980,0.3402,4
"US","shweal999j","p50p90",1981,0.3423,4
"US","shweal999j","p50p90",1982,0.3487,4
"US","shweal999j","p50p90",1983,0.3524,4
"US","shweal999j","p50p90",1984,0.3536,4
"US","shweal999j","p50p90",1985,0.3573,4
"US","shweal999j","p50p90",1986,0.3548,4
"US","shweal999j","p50p90",1987,0.3476,4
"US","shweal999j","p50p90",1988,0.3359,4
"US","shweal999j","p50p90",1989,0.3334,4
"US","shweal999j","p50p90",1990,0.3322,4
"US","shweal999j","p50p90",1991,0.3318,4
"US","shweal999j","p50p90",1992,0.3212,4
"US","shweal999j","p50p90",1993,0.3211,4
"US","shweal999j","p50p90",1994,0.3207,4
"US","shweal999j","p50p90",1995,0.3194,4
"US","shweal999j","p50p90",1996,0.3189,4
"US","shweal999j","p50p90",1997,0.3145,4
"US","shweal999j","p50p90",1998,0.3085,4
"US","shweal999j","p50p90",1999,0.3073,4
"US","shweal999j","p50p90",2000,0.3073,4
"US","shweal999j","p50p90",2001,0.3119,4
"US","shweal999j","p50p90",2002,0.3123,4
"US","shweal999j","p50p90",2003,0.3141,4
"US","shweal999j","p50p90",2004,0.3095,4
"US","shweal999j","p50p90",2005,0.309,4
"US","shweal999j","p50p90",2006,0.3105,4
"US","shweal999j","p50p90",2007,0.3073,4
"US","shweal999j","p50p90",2008,0.3005,4
"US","shweal999j","p50p90",2009,0.3014,4
"US","shweal999j","p50p90",2010,0.2885,4
"US","shweal999j","p50p90",2011,0.2825,4
"US","shweal999j","p50p90",2012,0.2731,4
"US","shweal999j","p50p90",2013,0.2728,4
"US","shweal999j","p50p90",2014,0.2716,4
"US","shweal999j","p50p90",2015,0.2735,4
"US","shweal999j","p50p90",2016,0.2762,4
"US","shweal999j","p50p90",2017,0.2819,4
"US","shweal999j","p50p90",2018,0.2828,4
"US","shweal999j","p50p90",2019,0.2837,4
"US","shweal999j","p50p90",2020,0.2861,4
"US","shweal999j","p50p90",2021,0.2837,4
"US","shweal999j","p50p90",2022,0.2944,4
"US","shweal999j","p50p90",2023,0.2951,0
"US","shweal999j","p50p90",2024,0.2951,0
"US","shweal999j","p90p100",1820,0.7633,0
"US","shweal999j","p90p100",1850,0.7948,0
"US","shweal999j","p90p100",1880,0.7652,0
"US","shweal999j","p90p100",1900,0.775,0
"US","shweal999j","p90p100",1910,0.776,0
"US","shweal999j","p90p100",1913,0.7934,3
"US","shweal999j","p90p100",1914,0.7923,3
"US","shweal999j","p90p100",1915,0.7886,3
"US","shweal999j","p90p100",1916,0.7886,3
"US","shweal999j","p90p100",1917,0.7901,3
"US","shweal999j","p90p100",1918,0.7931,3
"US","shweal999j","p90p100",1919,0.8081,3
"US","shweal999j","p90p100",1920,0.7893,3
"US","shweal999j","p90p100",1921,0.7888,3
"US","shweal999j","p90p100",1922,0.7994,3
"US","shweal999j","p90p100",1923,0.8045,3
"US","shweal999j","p90p100",1924,0.8171,3
"US","shweal999j","p90p100",1925,0.8268,3
"US","shweal999j","p90p100",1926,0.8364,3
"US","shweal999j","p90p100",1927,0.8471,3
"US","shweal999j","p90p100",1928,0.8491,3
"US","shweal999j","p90p100",1929,0.8486,3
"US","shweal999j","p90p100",1930,0.8531,3
"US","shweal999j","p90p100",1931,0.851,3
"US","shweal999j","p90p100",1932,0.8559,3
"US","shweal999j","p90p100",1933,0.8527,3
"US","shweal999j","p90p100",1934,0.8367,3
"US","shweal999j","p90p100",1935,0.8232,3
"US","shweal999j","p90p100",1936,0.8271,3
"US","shweal999j","p90p100",1937,0.8098,3
"US","shweal999j","p90p100",1938,0.8065,3
"US","shweal999j","p90p100",1939,0.8097,3
"US","shweal999j","p90p100",1940,0.7805,3
"US","shweal999j","p90p100",1941,0.7554,3
"US","shweal999j","p90p100",1942,0.7372,3
"US","shweal999j","p90p100",1943,0.7408,3
"US","shweal999j","p90p100",1944,0.7178,3
"US","shweal999j","p90p100",1945,0.7237,3
"US","shweal999j","p90p100",1946,0.7212,3
"US","shweal999j","p90p100",1947,0.7079,3
"US","shweal999j","p90p100",1948,0.6945,3
"US","shweal999j","p90p100",1949,0.6867,3
"US","shweal999j","p90p100",1950,0.6902,3
"US","shweal999j","p90p100",1951,0.69,3
"US","shweal999j","p90p100",1952,0.6872,3
"US","shweal999j","p90p100",1953,0.6809,3
"US","shweal999j","p90p100",1954,0.6849,3
"US","shweal999j","p90p100",1955,0.6888,3
"US","shweal999j","p90p100",1956,0.6922,3
"US","shweal999j","p90p100",1957,0.6963,3
"US","shweal999j","p90p100",1958,0.6952,3
"US","shweal999j","p90p100",1959,0.7024,3
"US","shweal999j","p90p100",1960,0.705,3
"US","shweal999j","p90p100",1961,0.7071,3
"US","shweal999j","p90p100",1962,0.7119,4
"US","shweal999j","p90p100",1963,0.7115,4
"US","shweal999j","p90p100",1964,0.7111,4
"US","shweal999j","p90p100",1965,0.7069,4
"US","shweal999j","p90p100",1966,0.7029,4
"US","shweal999j","p90p100",1967,0.693,4
"US","shweal999j","p90p100",1968,0.7086,4
"US","shweal999j","p90p100",1969,0.6825,4
"US","shweal999j","p90p100",1970,0.6953,4
"US","shweal999j","p90p100",1971,0.6818,4
"US","shweal999j","p90p100",1972,0.6933,4
"US","shweal999j","p90p100",1973,0.6824,4
"US","shweal999j","p90p100",1974,0.6665,4
"US","shweal999j","p90p100",1975,0.6702,4
"US","shweal999j","p90p100",1976,0.6535,4
"US","shweal999j","p90p100",1977,0.6593,4
"US","shweal999j","p90p100",1978,0.6391,4
"US","shweal999j","p90p100",1979,0.6537,4
"US","shweal999j","p90p100",1980,0.6499,4
"US","shweal999j","p90p100",1981,0.6459,4
"US","shweal999j","p90p100",1982,0.6354,4
"US","shweal999j","p90p100",1983,0.6301,4
"US","shweal999j","p90p100",1984,0.6324,4
"US","shweal999j","p90p100",1985,0.6271,4
"US","shweal999j","p90p100",1986,0.6292,4
"US","shweal999j","p90p100",1987,0.6334,4
"US","shweal999j","p90p100",1988,0.646,4
"US","shweal999j","p90p100",1989,0.6482,4
"US","shweal999j","p90p100",1990,0.6509,4
"US","shweal999j","p90p100",1991,0.6517,4
"US","shweal999j","p90p100",1992,0.6649,4
"US","shweal999j","p90p100",1993,0.6656,4
"US","shweal999j","p90p100",1994,0.6678,4
"US","shweal999j","p90p100",1995,0.6712,4
"US","shweal999j","p90p100",1996,0.6732,4
"US","shweal999j","p90p100",1997,0.68,4
"US","shweal999j","p90p100",1998,0.6864,4
"US","shweal999j","p90p100",1999,0.6862,4
"US","shweal999j","p90p100",2000,0.6865,4
"US","shweal999j","p90p100",2001,0.6819,4
"US","shweal999j","p90p100",2002,0.6815,4
"US","shweal999j","p90p100",2003,0.6817,4
"US","shweal999j","p90p100",2004,0.6867,4
"US","shweal999j","p90p100",2005,0.6863,4
"US","shweal999j","p90p100",2006,0.6877,4
"US","shweal999j","p90p100",2007,0.6967,4
"US","shweal999j","p90p100",2008,0.7118,4
"US","shweal999j","p90p100",2009,0.7168,4
"US","shweal999j","p90p100",2010,0.7298,4
"US","shweal999j","p90p100",2011,0.7353,4
"US","shweal999j","p90p100",2012,0.7433,4
"US","shweal999j","p90p100",2013,0.7391,4
"US","shweal999j","p90p100",2014,0.7363,4
"US","shweal999j","p90p100",2015,0.7321,4
"US","shweal999j","p90p100",2016,0.7278,4
"US","shweal999j","p90p100",2017,0.7184,4
"US","shweal999j","p90p100",2018,0.7165,4
"US","shweal999j","p90p100",2019,0.7141,4
"US","shweal999j","p90p100",2020,0.7103,4
"US","shweal999j","p90p100",2021,0.7085,4
"US","shweal999j","p90p100",2022,0.6962,4
"US","shweal999j","p90p100",2023,0.6954,0
"US","shweal999j","p90p100",2024,0.6954,0
"US","shweal999j","p99p100",1820,0.3412,0
"US","shweal999j","p99p100",1850,0.3762,0
"US","shweal999j","p99p100",1880,0.3432,0
"US","shweal999j","p99p100",1900,0.3536,0
"US","shweal999j","p99p100",1910,0.3547,0
"US","shweal999j","p99p100",1913,0.4663,3
"US","shweal999j","p99p100",1914,0.4611,3
"US","shweal999j","p99p100",1915,0.4614,3
"US","shweal999j","p99p100",1916,0.4446,3
"US","shweal999j","p99p100",1917,0.42,3
"US","shweal999j","p99p100",1918,0.3843,3
"US","shweal999j","p99p100",1919,0.4127,3
"US","shweal999j","p99p100",1920,0.3696,3
"US","shweal999j","p99p100",1921,0.3813,3
"US","shweal999j","p99p100",1922,0.4112,3
"US","shweal999j","p99p100",1923,0.3656,3
"US","shweal999j","p99p100",1924,0.3861,3
"US","shweal999j","p99p100",1925,0.4189,3
"US","shweal999j","p99p100",1926,0.435,3
"US","shweal999j","p99p100",1927,0.4587,3
"US","shweal999j","p99p100",1928,0.4855,3
"US","shweal999j","p99p100",1929,0.4867,3
"US","shweal999j","p99p100",1930,0.4417,3
"US","shweal999j","p99p100",1931,0.3961,3
"US","shweal999j","p99p100",1932,0.3938,3
"US","shweal999j","p99p100",1933,0.415,3
"US","shweal999j","p99p100",1934,0.4213,3
"US","shweal999j","p99p100",1935,0.4154,3
"US","shweal999j","p99p100",1936,0.4396,3
"US","shweal999j","p99p100",1937,0.4473,3
"US","shweal999j","p99p100",1938,0.4085,3
"US","shweal999j","p99p100",1939,0.419,3
"US","shweal999j","p99p100",1940,0.3898,3
"US","shweal999j","p99p100",1941,0.3588,3
"US","shweal999j","p99p100",1942,0.3538,3
"US","shweal999j","p99p100",1943,0.3554,3
"US","shweal999j","p99p100",1944,0.3285,3
"US","shweal999j","p99p100",1945,0.3301,3
"US","shweal999j","p99p100",1946,0.3089,3
"US","shweal999j","p99p100",1947,0.2975,3
"US","shweal999j","p99p100",1948,0.292,3
"US","shweal999j","p99p100",1949,0.2836,3
"US","shweal999j","p99p100",1950,0.296,3
"US","shweal999j","p99p100",1951,0.2914,3
"US","shweal999j","p99p100",1952,0.2882,3
"US","shweal999j","p99p100",1953,0.2763,3
"US","shweal999j","p99p100",1954,0.2823,3
"US","shweal999j","p99p100",1955,0.2848,3
"US","shweal999j","p99p100",1956,0.2879,3
"US","shweal999j","p99p100",1957,0.2842,3
"US","shweal999j","p99p100",1958,0.2797,3
"US","shweal999j","p99p100",1959,0.2855,3
"US","shweal999j","p99p100",1960,0.2854,3
"US","shweal999j","p99p100",1961,0.287,3
"US","shweal999j","p99p100",1962,0.2866,4
"US","shweal999j","p99p100",1963,0.2834,4
"US","shweal999j","p99p100",1964,0.2803,4
"US","shweal999j","p99p100",1965,0.279,4
"US","shweal999j","p99p100",1966,0.2777,4
"US","shweal999j","p99p100",1967,0.2766,4
"US","shweal999j","p99p100",1968,0.2921,4
"US","shweal999j","p99p100",1969,0.2738,4
"US","shweal999j","p99p100",1970,0.2667,4
"US","shweal999j","p99p100",1971,0.2662,4
"US","shweal999j","p99p100",1972,0.2644,4
"US","shweal999j","p99p100",1973,0.2531,4
"US","shweal999j","p99p100",1974,0.2406,4
"US","shweal999j","p99p100",1975,0.237,4
"US","shweal999j","p99p100",1976,0.226,4
"US","shweal999j","p99p100",1977,0.2268,4
"US","shweal999j","p99p100",1978,0.2179,4
"US","shweal999j","p99p100",1979,0.2323,4
"US","shweal999j","p99p100",1980,0.2323,4
"US","shweal999j","p99p100",1981,0.2389,4
"US","shweal999j","p99p100",1982,0.245,4
"US","shweal999j","p99p100",1983,0.2396,4
"US","shweal999j","p99p100",1984,0.2416,4
"US","shweal999j","p99p100",1985,0.2419,4
"US","shweal999j","p99p100",1986,0.2492,4
"US","shweal999j","p99p100",1987,0.2657,4
"US","shweal999j","p99p100",1988,0.2844,4
"US","shweal999j","p99p100",1989,0.2885,4
"US","shweal999j","p99p100",1990,0.2905,4
"US","shweal999j","p99p100",1991,0.2857,4
"US","shweal999j","p99p100",1992,0.2951,4
"US","shweal999j","p99p100",1993,0.2906,4
"US","shweal999j","p99p100",1994,0.2928,4
"US","shweal999j","p99p100",1995,0.293,4
"US","shweal999j","p99p100",1996,0.2965,4
"US","shweal999j","p99p100",1997,0.3047,4
"US","shweal999j","p99p100",1998,0.3148,4
"US","shweal999j","p99p100",1999,0.3181,4
"US","shweal999j","p99p100",2000,0.3234,4
"US","shweal999j","p99p100",2001,0.3214,4
"US","shweal999j","p99p100",2002,0.3147,4
"US","shweal999j","p99p100",2003,0.311,4
"US","shweal999j","p99p100",2004,0.3169,4
"US","shweal999j","p99p100",2005,0.3232,4
"US","shweal999j","p99p100",2006,0.3271,4
"US","shweal999j","p99p100",2007,0.334,4
"US","shweal999j","p99p100",2008,0.3399,4
"US","shweal999j","p99p100",2009,0.3312,4
"US","shweal999j","p99p100",2010,0.3462,4
"US","shweal999j","p99p100",2011,0.3528,4
"US","shweal999j","p99p100",2012,0.3662,4
"US","shweal999j","p99p100",2013,0.3564,4
"US","shweal999j","p99p100",2014,0.3583,4
"US","shweal999j","p99p100",2015,0.3581,4
"US","shweal999j","p99p100",2016,0.355,4
"US","shweal999j","p99p100",2017,0.3548,4
"US","shweal999j","p99p100",2018,0.352,4
"US","shweal999j","p99p100",2019,0.3485,4
"US","shweal999j","p99p100",2020,0.3513,4
"US","shweal999j","p99p100",2021,0.3626,4
"US","shweal999j","p99p100",2022,0.3489,4
"US","shweal999j","p99p100",2023,0.3478,0
"US","shweal999j","p99p100",2024,0.3478,0
