"year","origin","origin_num","dest","dest_num","origin_continent","origin_lat","origin_lon","dest_lat","dest_lon","total"
2000,"AFG",4,"CAN",124,"Asia",33.93911,67.709953,56.130366,-106.346771,9423
2000,"AFG",4,"DEU",276,"Asia",33.93911,67.709953,51.165691,10.451526,9229
2000,"AFG",4,"GBR",826,"Asia",33.93911,67.709953,55.378051,-3.435973,5675
2000,"AFG",4,"IND",356,"Asia",33.93911,67.709953,20.593684,78.96288,12794
2000,"AFG",4,"IRN",364,"Asia",33.93911,67.709953,32.427908,53.688046,1494228
2000,"AFG",4,"NLD",528,"Asia",33.93911,67.709953,52.132633,5.291266,34560
2000,"AFG",4,"PAK",586,"Asia",33.93911,67.709953,30.375321,69.345116,2e+06
2000,"AFG",4,"TJK",762,"Asia",33.93911,67.709953,38.861034,71.276093,15587
2000,"AFG",4,"UZB",860,"Asia",33.93911,67.709953,41.377491,64.585262,9583
2000,"AGO",24,"COD",180,"Africa",-11.202692,17.873887,-4.038333,21.758664,175440
2000,"AGO",24,"COG",178,"Africa",-11.202692,17.873887,-0.228021,15.827659,18515
2000,"AGO",24,"NAM",516,"Africa",-11.202692,17.873887,-22.95764,18.49041,27263
2000,"AGO",24,"NLD",528,"Africa",-11.202692,17.873887,52.132633,5.291266,5539
2000,"AGO",24,"ZMB",894,"Africa",-11.202692,17.873887,-13.133897,27.849332,198159
2000,"ALB",8,"USA",840,"Europe",41.153332,20.168331,37.09024,-95.712891,5295
2000,"AZE",31,"ARM",51,"Asia",40.143105,47.576927,40.069099,45.038189,280586
2000,"BDI",108,"COD",180,"Africa",-3.373056,29.918886,-4.038333,21.758664,19771
2000,"BDI",108,"TZA",834,"Africa",-3.373056,29.918886,-6.369028,34.888822,538448
2000,"BIH",70,"AUS",36,"Europe",43.915886,17.679076,-25.274398,133.775136,6279
2000,"BIH",70,"CAN",124,"Europe",43.915886,17.679076,56.130366,-106.346771,15520
2000,"BIH",70,"CHE",756,"Europe",43.915886,17.679076,46.818188,8.227512,8689
2000,"BIH",70,"DEU",276,"Europe",43.915886,17.679076,51.165691,10.451526,30726
2000,"BIH",70,"DNK",208,"Europe",43.915886,17.679076,56.26392,9.501785,28093
2000,"BIH",70,"HRV",191,"Europe",43.915886,17.679076,45.1,15.2,20889
2000,"BIH",70,"NLD",528,"Europe",43.915886,17.679076,52.132633,5.291266,26321
2000,"BIH",70,"NOR",578,"Europe",43.915886,17.679076,60.472024,8.468946,14339
2000,"BIH",70,"SRB",688,"Europe",43.915886,17.679076,44.016521,21.005859,189959
2000,"BIH",70,"SWE",752,"Europe",43.915886,17.679076,60.128161,18.643501,52891
2000,"BIH",70,"USA",840,"Europe",43.915886,17.679076,37.09024,-95.712891,106461
2000,"BTN",64,"NPL",524,"Asia",27.514162,90.433601,28.394857,84.124008,108897
2000,"CHN",156,"IND",356,"Asia",35.86166,104.195397,20.593684,78.96288,92343
2000,"CHN",156,"USA",840,"Asia",35.86166,104.195397,37.09024,-95.712891,22958
2000,"COD",180,"AGO",24,"Africa",-4.038333,21.758664,-11.202692,17.873887,12416
2000,"COD",180,"BDI",108,"Africa",-4.038333,21.758664,-3.373056,29.918886,31806
2000,"COD",180,"CAF",140,"Africa",-4.038333,21.758664,6.611111,20.939444,16578
2000,"COD",180,"COG",178,"Africa",-4.038333,21.758664,-0.228021,15.827659,98460
2000,"COD",180,"RWA",646,"Africa",-4.038333,21.758664,-1.940278,29.873888,28534
2000,"COD",180,"TZA",834,"Africa",-4.038333,21.758664,-6.369028,34.888822,110412
2000,"COD",180,"UGA",800,"Africa",-4.038333,21.758664,1.373333,32.290275,10290
2000,"COD",180,"ZAF",710,"Africa",-4.038333,21.758664,-30.559482,22.937506,5213
2000,"COD",180,"ZMB",894,"Africa",-4.038333,21.758664,-13.133897,27.849332,45110
2000,"COG",178,"COD",180,"Africa",-0.228021,15.827659,-4.038333,21.758664,5122
2000,"COG",178,"GAB",266,"Africa",-0.228021,15.827659,-0.803689,11.609444,17555
2000,"COL",170,"USA",840,"Americas",4.570868,-74.297333,37.09024,-95.712891,5103
2000,"CUB",192,"USA",840,"Americas",21.521757,-77.781167,37.09024,-95.712891,18732
2000,"ERI",232,"SDN",729,"Africa",15.179384,39.782334,12.862807,30.217636,367735
2000,"ESH",732,"DZA",12,"Africa",24.215527,-12.885834,28.033886,1.659626,165000
2000,"ETH",231,"KEN",404,"Africa",9.145,40.489673,-0.023559,37.906193,9863
2000,"ETH",231,"SDN",729,"Africa",9.145,40.489673,12.862807,30.217636,37335
2000,"ETH",231,"USA",840,"Africa",9.145,40.489673,37.09024,-95.712891,11048
2000,"GEO",268,"RUS",643,"Asia",42.315407,43.356892,61.52401,105.318756,19560
2000,"GHA",288,"TGO",768,"Africa",7.946527,-1.023194,8.619543,0.824782,11208
2000,"GTM",320,"MEX",484,"Americas",15.783471,-90.230759,23.634501,-102.552784,16031
2000,"GTM",320,"USA",840,"Americas",15.783471,-90.230759,37.09024,-95.712891,105258
2000,"HRV",191,"BIH",70,"Europe",45.1,15.2,43.915886,17.679076,24877
2000,"HRV",191,"SRB",688,"Europe",45.1,15.2,44.016521,21.005859,289924
2000,"HRV",191,"USA",840,"Europe",45.1,15.2,37.09024,-95.712891,5007
2000,"HTI",332,"USA",840,"Americas",18.971187,-72.285215,37.09024,-95.712891,24585
2000,"IDN",360,"PNG",598,"Asia",-0.789275,113.921327,-6.314993,143.95555,5862
2000,"IND",356,"USA",840,"Asia",20.593684,78.96288,37.09024,-95.712891,11372
2000,"IRN",364,"CAN",124,"Asia",32.427908,53.688046,56.130366,-106.346771,7113
2000,"IRN",364,"IRQ",368,"Asia",32.427908,53.688046,33.223191,43.679291,24745
2000,"IRN",364,"NLD",528,"Asia",32.427908,53.688046,52.132633,5.291266,13770
2000,"IRN",364,"SVN",705,"Asia",32.427908,53.688046,46.151241,14.995463,5687
2000,"IRN",364,"SWE",752,"Asia",32.427908,53.688046,60.128161,18.643501,8897
2000,"IRN",364,"USA",840,"Asia",32.427908,53.688046,37.09024,-95.712891,16852
2000,"IRQ",368,"AUS",36,"Asia",33.223191,43.679291,-25.274398,133.775136,10879
2000,"IRQ",368,"CAN",124,"Asia",33.223191,43.679291,56.130366,-106.346771,6077
2000,"IRQ",368,"DNK",208,"Asia",33.223191,43.679291,56.26392,9.501785,13125
2000,"IRQ",368,"GBR",826,"Asia",33.223191,43.679291,55.378051,-3.435973,9510
2000,"IRQ",368,"IRN",364,"Asia",33.223191,43.679291,32.427908,53.688046,386000
2000,"IRQ",368,"JOR",400,"Asia",33.223191,43.679291,30.585164,36.238414,8128
2000,"IRQ",368,"NLD",528,"Asia",33.223191,43.679291,52.132633,5.291266,41905
2000,"IRQ",368,"NOR",578,"Asia",33.223191,43.679291,60.472024,8.468946,8094
2000,"IRQ",368,"SAU",682,"Asia",33.223191,43.679291,23.885942,45.079162,5195
2000,"IRQ",368,"SWE",752,"Asia",33.223191,43.679291,60.128161,18.643501,25570
2000,"IRQ",368,"USA",840,"Asia",33.223191,43.679291,37.09024,-95.712891,19660
2000,"KHM",116,"FRA",250,"Asia",12.565679,104.990963,46.227638,2.213749,18126
2000,"KHM",116,"VNM",704,"Asia",12.565679,104.990963,14.058324,108.277199,15945
2000,"LAO",418,"FRA",250,"Asia",19.85627,102.495496,46.227638,2.213749,10379
2000,"LBR",430,"CIV",384,"Africa",6.428055,-9.429499,7.539989,-5.54708,118957
2000,"LBR",430,"GHA",288,"Africa",6.428055,-9.429499,7.946527,-1.023194,9605
2000,"LBR",430,"GIN",324,"Africa",6.428055,-9.429499,9.945587,-9.696645,117069
2000,"LBR",430,"SLE",694,"Africa",6.428055,-9.429499,8.460555,-11.779889,7001
2000,"LBR",430,"USA",840,"Africa",6.428055,-9.429499,37.09024,-95.712891,12173
2000,"LKA",144,"CAN",124,"Asia",7.873054,80.771797,56.130366,-106.346771,12783
2000,"LKA",144,"CHE",756,"Asia",7.873054,80.771797,46.818188,8.227512,15100
2000,"LKA",144,"FRA",250,"Asia",7.873054,80.771797,46.227638,2.213749,15183
2000,"LKA",144,"GBR",826,"Asia",7.873054,80.771797,55.378051,-3.435973,10605
2000,"LKA",144,"IND",356,"Asia",7.873054,80.771797,20.593684,78.96288,64743
2000,"MEX",484,"USA",840,"Americas",23.634501,-102.552784,37.09024,-95.712891,12372
2000,"MMR",104,"BGD",50,"Asia",21.913965,95.956223,23.684994,90.356331,21556
2000,"MMR",104,"MYS",458,"Asia",21.913965,95.956223,4.210484,101.975766,5139
2000,"MMR",104,"THA",764,"Asia",21.913965,95.956223,15.870032,100.992541,104740
2000,"MRT",478,"MLI",466,"Africa",21.00789,-10.940835,17.570692,-3.996166,6212
2000,"MRT",478,"SEN",686,"Africa",21.00789,-10.940835,14.497401,-14.452362,19933
2000,"NIC",558,"USA",840,"Americas",12.865416,-85.207229,37.09024,-95.712891,14206
2000,"PAK",586,"CAN",124,"Asia",30.375321,69.345116,56.130366,-106.346771,6388
2000,"PHL",608,"MYS",458,"Asia",12.879721,121.774017,4.210484,101.975766,45100
2000,"PSE",275,"DNK",208,"Asia",31.952162,35.233154,56.26392,9.501785,5028
2000,"PSE",275,"IRQ",368,"Asia",31.952162,35.233154,33.223191,43.679291,90000
2000,"PSE",275,"LBY",434,"Asia",31.952162,35.233154,26.3351,17.228331,8500
2000,"RUS",643,"GEO",268,"Europe",61.52401,105.318756,42.315407,43.356892,7603
2000,"RUS",643,"KAZ",398,"Europe",61.52401,105.318756,48.019573,66.923684,12671
2000,"RUS",643,"USA",840,"Europe",61.52401,105.318756,37.09024,-95.712891,14283
2000,"RWA",646,"COD",180,"Africa",-1.940278,29.873888,-4.038333,21.758664,46327
2000,"RWA",646,"COG",178,"Africa",-1.940278,29.873888,-0.228021,15.827659,6725
2000,"RWA",646,"TZA",834,"Africa",-1.940278,29.873888,-6.369028,34.888822,48579
2000,"RWA",646,"UGA",800,"Africa",-1.940278,29.873888,1.373333,32.290275,14008
2000,"SDN",729,"CAF",140,"Africa",12.862807,30.217636,6.611111,20.939444,36237
2000,"SDN",729,"COD",180,"Africa",12.862807,30.217636,-4.038333,21.758664,72928
2000,"SDN",729,"EGY",818,"Africa",12.862807,30.217636,26.820553,30.802498,11560
2000,"SDN",729,"ETH",231,"Africa",12.862807,30.217636,9.145,40.489673,71732
2000,"SDN",729,"KEN",404,"Africa",12.862807,30.217636,-0.023559,37.906193,56360
2000,"SDN",729,"NLD",528,"Africa",12.862807,30.217636,52.132633,5.291266,6566
2000,"SDN",729,"TCD",148,"Africa",12.862807,30.217636,15.454166,18.732207,17685
2000,"SDN",729,"UGA",800,"Africa",12.862807,30.217636,1.373333,32.290275,212796
2000,"SDN",729,"USA",840,"Africa",12.862807,30.217636,37.09024,-95.712891,11128
2000,"SEN",686,"GNB",624,"Africa",14.497401,-14.452362,11.803749,-15.180413,6554
2000,"SLE",694,"GIN",324,"Africa",8.460555,-11.779889,9.945587,-9.696645,310024
2000,"SLE",694,"GMB",270,"Africa",8.460555,-11.779889,13.443182,-15.310139,7854
2000,"SLE",694,"LBR",430,"Africa",8.460555,-11.779889,6.428055,-9.429499,69266
2000,"SLV",222,"USA",840,"Americas",13.794185,-88.89653,37.09024,-95.712891,178115
2000,"SOM",706,"CAN",124,"Africa",5.152149,46.199616,56.130366,-106.346771,5714
2000,"SOM",706,"CHE",756,"Africa",5.152149,46.199616,46.818188,8.227512,5083
2000,"SOM",706,"DJI",262,"Africa",5.152149,46.199616,11.825138,42.590275,21754
2000,"SOM",706,"DNK",208,"Africa",5.152149,46.199616,56.26392,9.501785,10373
2000,"SOM",706,"ETH",231,"Africa",5.152149,46.199616,9.145,40.489673,121096
2000,"SOM",706,"GBR",826,"Africa",5.152149,46.199616,55.378051,-3.435973,26891
2000,"SOM",706,"KEN",404,"Africa",5.152149,46.199616,-0.023559,37.906193,137486
2000,"SOM",706,"NLD",528,"Africa",5.152149,46.199616,52.132633,5.291266,24544
2000,"SOM",706,"SWE",752,"Africa",5.152149,46.199616,60.128161,18.643501,7302
2000,"SOM",706,"USA",840,"Africa",5.152149,46.199616,37.09024,-95.712891,35807
2000,"SOM",706,"YEM",887,"Africa",5.152149,46.199616,15.552727,48.516388,56524
2000,"SOM",706,"ZAF",710,"Africa",5.152149,46.199616,-30.559482,22.937506,5436
2000,"SRB",688,"AUS",36,"Europe",44.016521,21.005859,-25.274398,133.775136,12172
2000,"SRB",688,"BIH",70,"Europe",44.016521,21.005859,43.915886,17.679076,13260
2000,"SRB",688,"CAN",124,"Europe",44.016521,21.005859,56.130366,-106.346771,6820
2000,"SRB",688,"CHE",756,"Europe",44.016521,21.005859,46.818188,8.227512,13027
2000,"SRB",688,"DEU",276,"Europe",44.016521,21.005859,51.165691,10.451526,36608
2000,"SRB",688,"DNK",208,"Europe",44.016521,21.005859,56.26392,9.501785,5544
2000,"SRB",688,"GBR",826,"Europe",44.016521,21.005859,55.378051,-3.435973,15440
2000,"SRB",688,"MKD",807,"Europe",44.016521,21.005859,41.608635,21.745275,8878
2000,"SRB",688,"NLD",528,"Europe",44.016521,21.005859,52.132633,5.291266,13622
2000,"SRB",688,"NOR",578,"Europe",44.016521,21.005859,60.472024,8.468946,6034
2000,"SRB",688,"SWE",752,"Europe",44.016521,21.005859,60.128161,18.643501,27514
2000,"SRB",688,"USA",840,"Europe",44.016521,21.005859,37.09024,-95.712891,16222
2000,"TCD",148,"CMR",120,"Africa",15.454166,18.732207,7.369722,12.354722,42540
2000,"TJK",762,"KGZ",417,"Asia",38.861034,71.276093,41.20438,74.766098,9937
2000,"TJK",762,"TKM",795,"Asia",38.861034,71.276093,38.969719,59.556278,13008
2000,"TJK",762,"UZB",860,"Asia",38.861034,71.276093,41.377491,64.585262,30001
2000,"TLS",626,"IDN",360,"Asia",-8.874217,125.727539,-0.789275,113.921327,122202
2000,"TUR",792,"CHE",756,"Asia",38.963745,35.243322,46.818188,8.227512,7359
2000,"TUR",792,"FRA",250,"Asia",38.963745,35.243322,46.227638,2.213749,9896
2000,"TUR",792,"GBR",826,"Asia",38.963745,35.243322,55.378051,-3.435973,7115
2000,"TUR",792,"IRQ",368,"Asia",38.963745,35.243322,33.223191,43.679291,12640
2000,"UGA",800,"COD",180,"Africa",1.373333,32.290275,-4.038333,21.758664,13020
2000,"UGA",800,"KEN",404,"Africa",1.373333,32.290275,-0.023559,37.906193,5841
2000,"UGA",800,"SDN",729,"Africa",1.373333,32.290275,12.862807,30.217636,8577
2000,"UKR",804,"USA",840,"Europe",48.379433,31.16558,37.09024,-95.712891,17963
2000,"VNM",704,"CHN",156,"Asia",14.058324,108.277199,35.86166,104.195397,294057
2000,"VNM",704,"FRA",250,"Asia",14.058324,108.277199,46.227638,2.213749,12923
2000,"VNM",704,"USA",840,"Asia",14.058324,108.277199,37.09024,-95.712891,49211
2001,"AFG",4,"AUS",36,"Asia",33.93911,67.709953,-25.274398,133.775136,6714
2001,"AFG",4,"CAN",124,"Asia",33.93911,67.709953,56.130366,-106.346771,11777
2001,"AFG",4,"DEU",276,"Asia",33.93911,67.709953,51.165691,10.451526,10057
2001,"AFG",4,"DNK",208,"Asia",33.93911,67.709953,56.26392,9.501785,5635
2001,"AFG",4,"GBR",826,"Asia",33.93911,67.709953,55.378051,-3.435973,15065
2001,"AFG",4,"IND",356,"Asia",33.93911,67.709953,20.593684,78.96288,12100
2001,"AFG",4,"IRN",364,"Asia",33.93911,67.709953,32.427908,53.688046,1482000
2001,"AFG",4,"NLD",528,"Asia",33.93911,67.709953,52.132633,5.291266,33918
2001,"AFG",4,"PAK",586,"Asia",33.93911,67.709953,30.375321,69.345116,2197821
2001,"AFG",4,"TJK",762,"Asia",33.93911,67.709953,38.861034,71.276093,15712
2001,"AFG",4,"USA",840,"Asia",33.93911,67.709953,37.09024,-95.712891,7756
2001,"AFG",4,"UZB",860,"Asia",33.93911,67.709953,41.377491,64.585262,10885
2001,"AGO",24,"COD",180,"Africa",-11.202692,17.873887,-4.038333,21.758664,187061
2001,"AGO",24,"COG",178,"Africa",-11.202692,17.873887,-0.228021,15.827659,17745
2001,"AGO",24,"NAM",516,"Africa",-11.202692,17.873887,-22.95764,18.49041,30881
2001,"AGO",24,"NLD",528,"Africa",-11.202692,17.873887,52.132633,5.291266,8858
2001,"AGO",24,"ZAF",710,"Africa",-11.202692,17.873887,-30.559482,22.937506,5194
2001,"AGO",24,"ZMB",894,"Africa",-11.202692,17.873887,-13.133897,27.849332,218219
2001,"ALB",8,"USA",840,"Europe",41.153332,20.168331,37.09024,-95.712891,6691
2001,"ARM",51,"USA",840,"Asia",40.069099,45.038189,37.09024,-95.712891,6726
2001,"AZE",31,"ARM",51,"Asia",40.143105,47.576927,40.069099,45.038189,264327
2001,"BDI",108,"COD",180,"Africa",-3.373056,29.918886,-4.038333,21.758664,19490
2001,"BDI",108,"TZA",834,"Africa",-3.373056,29.918886,-6.369028,34.888822,521180
2001,"BIH",70,"CAN",124,"Europe",43.915886,17.679076,56.130366,-106.346771,11190
2001,"BIH",70,"CHE",756,"Europe",43.915886,17.679076,46.818188,8.227512,8643
2001,"BIH",70,"DEU",276,"Europe",43.915886,17.679076,51.165691,10.451526,25000
2001,"BIH",70,"DNK",208,"Europe",43.915886,17.679076,56.26392,9.501785,27094
2001,"BIH",70,"HRV",191,"Europe",43.915886,17.679076,45.1,15.2,20421
2001,"BIH",70,"NLD",528,"Europe",43.915886,17.679076,52.132633,5.291266,25889
2001,"BIH",70,"NOR",578,"Europe",43.915886,17.679076,60.472024,8.468946,14385
2001,"BIH",70,"SRB",688,"Europe",43.915886,17.679076,44.016521,21.005859,143094
2001,"BIH",70,"SWE",752,"Europe",43.915886,17.679076,60.128161,18.643501,53396
2001,"BIH",70,"USA",840,"Europe",43.915886,17.679076,37.09024,-95.712891,108878
2001,"BTN",64,"NPL",524,"Asia",27.514162,90.433601,28.394857,84.124008,110780
2001,"CAF",140,"COD",180,"Africa",6.611111,20.939444,-4.038333,21.758664,26555
2001,"CHN",156,"IND",356,"Asia",35.86166,104.195397,20.593684,78.96288,92344
2001,"CHN",156,"USA",840,"Asia",35.86166,104.195397,37.09024,-95.712891,30464
2001,"COD",180,"AGO",24,"Africa",-4.038333,21.758664,-11.202692,17.873887,12569
2001,"COD",180,"BDI",108,"Africa",-4.038333,21.758664,-3.373056,29.918886,34634
2001,"COD",180,"CAF",140,"Africa",-4.038333,21.758664,6.611111,20.939444,12888
2001,"COD",180,"CAN",124,"Africa",-4.038333,21.758664,56.130366,-106.346771,5280
2001,"COD",180,"COG",178,"Africa",-4.038333,21.758664,-0.228021,15.827659,95039
2001,"COD",180,"FRA",250,"Africa",-4.038333,21.758664,46.227638,2.213749,5542
2001,"COD",180,"RWA",646,"Africa",-4.038333,21.758664,-1.940278,29.873888,34186
2001,"COD",180,"TZA",834,"Africa",-4.038333,21.758664,-6.369028,34.888822,117516
2001,"COD",180,"UGA",800,"Africa",-4.038333,21.758664,1.373333,32.290275,7839
2001,"COD",180,"ZAF",710,"Africa",-4.038333,21.758664,-30.559482,22.937506,5464
2001,"COD",180,"ZMB",894,"Africa",-4.038333,21.758664,-13.133897,27.849332,56212
2001,"COG",178,"GAB",266,"Africa",-0.228021,15.827659,-0.803689,11.609444,15001
2001,"COL",170,"CRI",188,"Americas",4.570868,-74.297333,9.748917,-83.753428,5496
2001,"COL",170,"USA",840,"Americas",4.570868,-74.297333,37.09024,-95.712891,14701
2001,"CUB",192,"USA",840,"Americas",21.521757,-77.781167,37.09024,-95.712891,17403
2001,"ERI",232,"SDN",729,"Africa",15.179384,39.782334,12.862807,30.217636,324546
2001,"ESH",732,"DZA",12,"Africa",24.215527,-12.885834,28.033886,1.659626,165000
2001,"ETH",231,"GBR",826,"Africa",9.145,40.489673,55.378051,-3.435973,5100
2001,"ETH",231,"KEN",404,"Africa",9.145,40.489673,-0.023559,37.906193,19356
2001,"ETH",231,"SDN",729,"Africa",9.145,40.489673,12.862807,30.217636,16120
2001,"ETH",231,"USA",840,"Africa",9.145,40.489673,37.09024,-95.712891,13042
2001,"GEO",268,"RUS",643,"Asia",42.315407,43.356892,61.52401,105.318756,14837
2001,"GHA",288,"TGO",768,"Africa",7.946527,-1.023194,8.619543,0.824782,11208
2001,"GTM",320,"MEX",484,"Americas",15.783471,-90.230759,23.634501,-102.552784,12953
2001,"GTM",320,"USA",840,"Americas",15.783471,-90.230759,37.09024,-95.712891,102129
2001,"HRV",191,"AUS",36,"Europe",45.1,15.2,-25.274398,133.775136,5179
2001,"HRV",191,"BIH",70,"Europe",45.1,15.2,43.915886,17.679076,23607
2001,"HRV",191,"SRB",688,"Europe",45.1,15.2,44.016521,21.005859,245252
2001,"HRV",191,"USA",840,"Europe",45.1,15.2,37.09024,-95.712891,5943
2001,"HTI",332,"USA",840,"Americas",18.971187,-72.285215,37.09024,-95.712891,26941
2001,"IDN",360,"USA",840,"Asia",-0.789275,113.921327,37.09024,-95.712891,5565
2001,"IND",356,"CAN",124,"Asia",20.593684,78.96288,56.130366,-106.346771,5090
2001,"IND",356,"USA",840,"Asia",20.593684,78.96288,37.09024,-95.712891,11232
2001,"IRN",364,"CAN",124,"Asia",32.427908,53.688046,56.130366,-106.346771,8358
2001,"IRN",364,"IRQ",368,"Asia",32.427908,53.688046,33.223191,43.679291,23864
2001,"IRN",364,"NLD",528,"Asia",32.427908,53.688046,52.132633,5.291266,13589
2001,"IRN",364,"SWE",752,"Asia",32.427908,53.688046,60.128161,18.643501,6791
2001,"IRN",364,"USA",840,"Asia",32.427908,53.688046,37.09024,-95.712891,22657
2001,"IRQ",368,"AUS",36,"Asia",33.223191,43.679291,-25.274398,133.775136,11389
2001,"IRQ",368,"CAN",124,"Asia",33.223191,43.679291,56.130366,-106.346771,6437
2001,"IRQ",368,"DEU",276,"Asia",33.223191,43.679291,51.165691,10.451526,5454
2001,"IRQ",368,"DNK",208,"Asia",33.223191,43.679291,56.26392,9.501785,13838
2001,"IRQ",368,"GBR",826,"Asia",33.223191,43.679291,55.378051,-3.435973,11955
2001,"IRQ",368,"IRN",364,"Asia",33.223191,43.679291,32.427908,53.688046,386000
2001,"IRQ",368,"JOR",400,"Asia",33.223191,43.679291,30.585164,36.238414,5513
2001,"IRQ",368,"NLD",528,"Asia",33.223191,43.679291,52.132633,5.291266,37410
2001,"IRQ",368,"NOR",578,"Asia",33.223191,43.679291,60.472024,8.468946,8151
2001,"IRQ",368,"SAU",682,"Asia",33.223191,43.679291,23.885942,45.079162,5114
2001,"IRQ",368,"SWE",752,"Asia",33.223191,43.679291,60.128161,18.643501,25889
2001,"IRQ",368,"USA",840,"Asia",33.223191,43.679291,37.09024,-95.712891,19790
2001,"KHM",116,"FRA",250,"Asia",12.565679,104.990963,46.227638,2.213749,16641
2001,"KHM",116,"VNM",704,"Asia",12.565679,104.990963,14.058324,108.277199,15945
2001,"LAO",418,"FRA",250,"Asia",19.85627,102.495496,46.227638,2.213749,9292
2001,"LBR",430,"CIV",384,"Africa",6.428055,-9.429499,7.539989,-5.54708,124174
2001,"LBR",430,"GHA",288,"Africa",6.428055,-9.429499,7.946527,-1.023194,10306
2001,"LBR",430,"GIN",324,"Africa",6.428055,-9.429499,9.945587,-9.696645,83212
2001,"LBR",430,"SLE",694,"Africa",6.428055,-9.429499,8.460555,-11.779889,10771
2001,"LBR",430,"USA",840,"Africa",6.428055,-9.429499,37.09024,-95.712891,15974
2001,"LKA",144,"CAN",124,"Asia",7.873054,80.771797,56.130366,-106.346771,16203
2001,"LKA",144,"CHE",756,"Asia",7.873054,80.771797,46.818188,8.227512,9910
2001,"LKA",144,"FRA",250,"Asia",7.873054,80.771797,46.227638,2.213749,15774
2001,"LKA",144,"GBR",826,"Asia",7.873054,80.771797,55.378051,-3.435973,11760
2001,"LKA",144,"IND",356,"Asia",7.873054,80.771797,20.593684,78.96288,64061
2001,"MEX",484,"USA",840,"Americas",23.634501,-102.552784,37.09024,-95.712891,21289
2001,"MKD",807,"SRB",688,"Europe",41.608635,21.745275,44.016521,21.005859,11276
2001,"MMR",104,"BGD",50,"Asia",21.913965,95.956223,23.684994,90.356331,22126
2001,"MMR",104,"MYS",458,"Asia",21.913965,95.956223,4.210484,101.975766,5257
2001,"MMR",104,"THA",764,"Asia",21.913965,95.956223,15.870032,100.992541,110488
2001,"MMR",104,"USA",840,"Asia",21.913965,95.956223,37.09024,-95.712891,5733
2001,"MRT",478,"MLI",466,"Africa",21.00789,-10.940835,17.570692,-3.996166,6227
2001,"MRT",478,"SEN",686,"Africa",21.00789,-10.940835,14.497401,-14.452362,20080
2001,"NIC",558,"USA",840,"Americas",12.865416,-85.207229,37.09024,-95.712891,13677
2001,"PAK",586,"CAN",124,"Asia",30.375321,69.345116,56.130366,-106.346771,8728
2001,"PHL",608,"MYS",458,"Asia",12.879721,121.774017,4.210484,101.975766,45100
2001,"PSE",275,"IRQ",368,"Asia",31.952162,35.233154,33.223191,43.679291,90000
2001,"PSE",275,"LBY",434,"Asia",31.952162,35.233154,26.3351,17.228331,8584
2001,"PSE",275,"SAU",682,"Asia",31.952162,35.233154,23.885942,45.079162,240000
2001,"RUS",643,"AZE",31,"Europe",61.52401,105.318756,40.143105,47.576927,5466
2001,"RUS",643,"GEO",268,"Europe",61.52401,105.318756,42.315407,43.356892,7884
2001,"RUS",643,"KAZ",398,"Europe",61.52401,105.318756,48.019573,66.923684,11895
2001,"RUS",643,"USA",840,"Europe",61.52401,105.318756,37.09024,-95.712891,18700
2001,"RWA",646,"COD",180,"Africa",-1.940278,29.873888,-4.038333,21.758664,30449
2001,"RWA",646,"COG",178,"Africa",-1.940278,29.873888,-0.228021,15.827659,6719
2001,"RWA",646,"TZA",834,"Africa",-1.940278,29.873888,-6.369028,34.888822,24241
2001,"RWA",646,"UGA",800,"Africa",-1.940278,29.873888,1.373333,32.290275,14378
2001,"RWA",646,"ZMB",894,"Africa",-1.940278,29.873888,-13.133897,27.849332,5283
2001,"SDN",729,"CAF",140,"Africa",12.862807,30.217636,6.611111,20.939444,36725
2001,"SDN",729,"COD",180,"Africa",12.862807,30.217636,-4.038333,21.758664,75024
2001,"SDN",729,"EGY",818,"Africa",12.862807,30.217636,26.820553,30.802498,15952
2001,"SDN",729,"ETH",231,"Africa",12.862807,30.217636,9.145,40.489673,80934
2001,"SDN",729,"KEN",404,"Africa",12.862807,30.217636,-0.023559,37.906193,70687
2001,"SDN",729,"NLD",528,"Africa",12.862807,30.217636,52.132633,5.291266,6701
2001,"SDN",729,"TCD",148,"Africa",12.862807,30.217636,15.454166,18.732207,12905
2001,"SDN",729,"UGA",800,"Africa",12.862807,30.217636,1.373333,32.290275,176850
2001,"SDN",729,"USA",840,"Africa",12.862807,30.217636,37.09024,-95.712891,16918
2001,"SEN",686,"GNB",624,"Africa",14.497401,-14.452362,11.803749,-15.180413,7337
2001,"SLE",694,"GIN",324,"Africa",8.460555,-11.779889,9.945587,-9.696645,95974
2001,"SLE",694,"GMB",270,"Africa",8.460555,-11.779889,13.443182,-15.310139,7324
2001,"SLE",694,"LBR",430,"Africa",8.460555,-11.779889,6.428055,-9.429499,54717
2001,"SLE",694,"NLD",528,"Africa",8.460555,-11.779889,52.132633,5.291266,5702
2001,"SLE",694,"USA",840,"Africa",8.460555,-11.779889,37.09024,-95.712891,6307
2001,"SLV",222,"USA",840,"Americas",13.794185,-88.89653,37.09024,-95.712891,166292
2001,"SOM",706,"CAN",124,"Africa",5.152149,46.199616,56.130366,-106.346771,6501
2001,"SOM",706,"DJI",262,"Africa",5.152149,46.199616,11.825138,42.590275,21768
2001,"SOM",706,"DNK",208,"Africa",5.152149,46.199616,56.26392,9.501785,9810
2001,"SOM",706,"ETH",231,"Africa",5.152149,46.199616,9.145,40.489673,67129
2001,"SOM",706,"GBR",826,"Africa",5.152149,46.199616,55.378051,-3.435973,31366
2001,"SOM",706,"KEN",404,"Africa",5.152149,46.199616,-0.023559,37.906193,147747
2001,"SOM",706,"NLD",528,"Africa",5.152149,46.199616,52.132633,5.291266,24394
2001,"SOM",706,"SWE",752,"Africa",5.152149,46.199616,60.128161,18.643501,5560
2001,"SOM",706,"USA",840,"Africa",5.152149,46.199616,37.09024,-95.712891,35554
2001,"SOM",706,"YEM",887,"Africa",5.152149,46.199616,15.552727,48.516388,67485
2001,"SOM",706,"ZAF",710,"Africa",5.152149,46.199616,-30.559482,22.937506,5693
2001,"SRB",688,"AUS",36,"Europe",44.016521,21.005859,-25.274398,133.775136,10289
2001,"SRB",688,"BIH",70,"Europe",44.016521,21.005859,43.915886,17.679076,9139
2001,"SRB",688,"CAN",124,"Europe",44.016521,21.005859,56.130366,-106.346771,8233
2001,"SRB",688,"CHE",756,"Europe",44.016521,21.005859,46.818188,8.227512,14226
2001,"SRB",688,"DEU",276,"Europe",44.016521,21.005859,51.165691,10.451526,42284
2001,"SRB",688,"GBR",826,"Europe",44.016521,21.005859,55.378051,-3.435973,17725
2001,"SRB",688,"NLD",528,"Europe",44.016521,21.005859,52.132633,5.291266,12229
2001,"SRB",688,"NOR",578,"Europe",44.016521,21.005859,60.472024,8.468946,7626
2001,"SRB",688,"SWE",752,"Europe",44.016521,21.005859,60.128161,18.643501,27965
2001,"SRB",688,"USA",840,"Europe",44.016521,21.005859,37.09024,-95.712891,17206
2001,"TCD",148,"CMR",120,"Africa",15.454166,18.732207,7.369722,12.354722,39624
2001,"TJK",762,"KGZ",417,"Asia",38.861034,71.276093,41.20438,74.766098,8367
2001,"TJK",762,"TKM",795,"Asia",38.861034,71.276093,38.969719,59.556278,12635
2001,"TJK",762,"UZB",860,"Asia",38.861034,71.276093,41.377491,64.585262,30000
2001,"TLS",626,"IDN",360,"Asia",-8.874217,125.727539,-0.789275,113.921327,73042
2001,"TUR",792,"CHE",756,"Asia",38.963745,35.243322,46.818188,8.227512,7697
2001,"TUR",792,"DEU",276,"Asia",38.963745,35.243322,51.165691,10.451526,5985
2001,"TUR",792,"FRA",250,"Asia",38.963745,35.243322,46.227638,2.213749,9622
2001,"TUR",792,"GBR",826,"Asia",38.963745,35.243322,55.378051,-3.435973,7270
2001,"TUR",792,"IRQ",368,"Asia",38.963745,35.243322,33.223191,43.679291,13320
2001,"UGA",800,"COD",180,"Africa",1.373333,32.290275,-4.038333,21.758664,20751
2001,"UGA",800,"KEN",404,"Africa",1.373333,32.290275,-0.023559,37.906193,5809
2001,"UGA",800,"SDN",729,"Africa",1.373333,32.290275,12.862807,30.217636,8497
2001,"UKR",804,"USA",840,"Europe",48.379433,31.16558,37.09024,-95.712891,24869
2001,"VNM",704,"CHN",156,"Asia",14.058324,108.277199,35.86166,104.195397,295276
2001,"VNM",704,"FRA",250,"Asia",14.058324,108.277199,46.227638,2.213749,11817
2001,"VNM",704,"USA",840,"Asia",14.058324,108.277199,37.09024,-95.712891,35299
2002,"AFG",4,"AUS",36,"Asia",33.93911,67.709953,-25.274398,133.775136,7071
2002,"AFG",4,"CAN",124,"Asia",33.93911,67.709953,56.130366,-106.346771,13262
2002,"AFG",4,"DEU",276,"Asia",33.93911,67.709953,51.165691,10.451526,64363
2002,"AFG",4,"DNK",208,"Asia",33.93911,67.709953,56.26392,9.501785,7203
2002,"AFG",4,"GBR",826,"Asia",33.93911,67.709953,55.378051,-3.435973,20305
2002,"AFG",4,"IND",356,"Asia",33.93911,67.709953,20.593684,78.96288,11501
2002,"AFG",4,"IRN",364,"Asia",33.93911,67.709953,32.427908,53.688046,1104909
2002,"AFG",4,"NLD",528,"Asia",33.93911,67.709953,52.132633,5.291266,31707
2002,"AFG",4,"PAK",586,"Asia",33.93911,67.709953,30.375321,69.345116,1226569
2002,"AFG",4,"USA",840,"Asia",33.93911,67.709953,37.09024,-95.712891,9227
2002,"AFG",4,"UZB",860,"Asia",33.93911,67.709953,41.377491,64.585262,6776
2002,"AGO",24,"COD",180,"Africa",-11.202692,17.873887,-4.038333,21.758664,184372
2002,"AGO",24,"COG",178,"Africa",-11.202692,17.873887,-0.228021,15.827659,17751
2002,"AGO",24,"NAM",516,"Africa",-11.202692,17.873887,-22.95764,18.49041,21636
2002,"AGO",24,"NLD",528,"Africa",-11.202692,17.873887,52.132633,5.291266,9004
2002,"AGO",24,"ZAF",710,"Africa",-11.202692,17.873887,-30.559482,22.937506,10839
2002,"AGO",24,"ZMB",894,"Africa",-11.202692,17.873887,-13.133897,27.849332,188509
2002,"ALB",8,"USA",840,"Europe",41.153332,20.168331,37.09024,-95.712891,7753
2002,"ARM",51,"DEU",276,"Asia",40.069099,45.038189,51.165691,10.451526,5078
2002,"ARM",51,"USA",840,"Asia",40.069099,45.038189,37.09024,-95.712891,7838
2002,"AZE",31,"ARM",51,"Asia",40.143105,47.576927,40.069099,45.038189,247538
2002,"AZE",31,"DEU",276,"Asia",40.143105,47.576927,51.165691,10.451526,8301
2002,"BDI",108,"COD",180,"Africa",-3.373056,29.918886,-4.038333,21.758664,19414
2002,"BDI",108,"TZA",834,"Africa",-3.373056,29.918886,-6.369028,34.888822,540861
2002,"BIH",70,"CAN",124,"Europe",43.915886,17.679076,56.130366,-106.346771,7704
2002,"BIH",70,"CHE",756,"Europe",43.915886,17.679076,46.818188,8.227512,8684
2002,"BIH",70,"DEU",276,"Europe",43.915886,17.679076,51.165691,10.451526,41123
2002,"BIH",70,"DNK",208,"Europe",43.915886,17.679076,56.26392,9.501785,28010
2002,"BIH",70,"HRV",191,"Europe",43.915886,17.679076,45.1,15.2,7672
2002,"BIH",70,"NLD",528,"Europe",43.915886,17.679076,52.132633,5.291266,25479
2002,"BIH",70,"NOR",578,"Europe",43.915886,17.679076,60.472024,8.468946,13276
2002,"BIH",70,"SRB",688,"Europe",43.915886,17.679076,44.016521,21.005859,121449
2002,"BIH",70,"SWE",752,"Europe",43.915886,17.679076,60.128161,18.643501,56457
2002,"BIH",70,"USA",840,"Europe",43.915886,17.679076,37.09024,-95.712891,92357
2002,"BTN",64,"NPL",524,"Asia",27.514162,90.433601,28.394857,84.124008,112263
2002,"CAF",140,"TCD",148,"Africa",6.611111,20.939444,15.454166,18.732207,20069
2002,"CHN",156,"CAN",124,"Asia",35.86166,104.195397,56.130366,-106.346771,6387
2002,"CHN",156,"DEU",276,"Asia",35.86166,104.195397,51.165691,10.451526,7234
2002,"CHN",156,"IND",356,"Asia",35.86166,104.195397,20.593684,78.96288,92346
2002,"CHN",156,"USA",840,"Asia",35.86166,104.195397,37.09024,-95.712891,39283
2002,"CIV",384,"LBR",430,"Africa",7.539989,-5.54708,6.428055,-9.429499,19158
2002,"COD",180,"AGO",24,"Africa",-4.038333,21.758664,-11.202692,17.873887,12556
2002,"COD",180,"BDI",108,"Africa",-4.038333,21.758664,-3.373056,29.918886,48503
2002,"COD",180,"CAF",140,"Africa",-4.038333,21.758664,6.611111,20.939444,14057
2002,"COD",180,"CAN",124,"Africa",-4.038333,21.758664,56.130366,-106.346771,5509
2002,"COD",180,"COG",178,"Africa",-4.038333,21.758664,-0.228021,15.827659,86021
2002,"COD",180,"DEU",276,"Africa",-4.038333,21.758664,51.165691,10.451526,8574
2002,"COD",180,"FRA",250,"Africa",-4.038333,21.758664,46.227638,2.213749,6339
2002,"COD",180,"RWA",646,"Africa",-4.038333,21.758664,-1.940278,29.873888,30184
2002,"COD",180,"TZA",834,"Africa",-4.038333,21.758664,-6.369028,34.888822,140301
2002,"COD",180,"UGA",800,"Africa",-4.038333,21.758664,1.373333,32.290275,9030
2002,"COD",180,"ZAF",710,"Africa",-4.038333,21.758664,-30.559482,22.937506,16885
2002,"COD",180,"ZMB",894,"Africa",-4.038333,21.758664,-13.133897,27.849332,49422
2002,"COG",178,"COD",180,"Africa",-0.228021,15.827659,-4.038333,21.758664,7230
2002,"COG",178,"GAB",266,"Africa",-0.228021,15.827659,-0.803689,11.609444,14196
2002,"COL",170,"CAN",124,"Americas",4.570868,-74.297333,56.130366,-106.346771,7199
2002,"COL",170,"CRI",188,"Americas",4.570868,-74.297333,9.748917,-83.753428,7326
2002,"COL",170,"ECU",218,"Americas",4.570868,-74.297333,-1.831239,-78.183406,5740
2002,"COL",170,"USA",840,"Americas",4.570868,-74.297333,37.09024,-95.712891,25639
2002,"CUB",192,"USA",840,"Americas",21.521757,-77.781167,37.09024,-95.712891,15174
2002,"CZE",203,"DEU",276,"Europe",49.817492,15.472962,51.165691,10.451526,5942
2002,"ERI",232,"ETH",231,"Africa",15.179384,39.782334,9.145,40.489673,5126
2002,"ERI",232,"SDN",729,"Africa",15.179384,39.782334,12.862807,30.217636,328736
2002,"ESH",732,"DZA",12,"Africa",24.215527,-12.885834,28.033886,1.659626,165000
2002,"ETH",231,"DEU",276,"Africa",9.145,40.489673,51.165691,10.451526,8513
2002,"ETH",231,"KEN",404,"Africa",9.145,40.489673,-0.023559,37.906193,12336
2002,"ETH",231,"SDN",729,"Africa",9.145,40.489673,12.862807,30.217636,14571
2002,"ETH",231,"USA",840,"Africa",9.145,40.489673,37.09024,-95.712891,13873
2002,"GEO",268,"RUS",643,"Asia",42.315407,43.356892,61.52401,105.318756,11368
2002,"GHA",288,"TGO",768,"Africa",7.946527,-1.023194,8.619543,0.824782,11208
2002,"GTM",320,"MEX",484,"Americas",15.783471,-90.230759,23.634501,-102.552784,10594
2002,"GTM",320,"USA",840,"Americas",15.783471,-90.230759,37.09024,-95.712891,98410
2002,"HRV",191,"BIH",70,"Europe",45.1,15.2,43.915886,17.679076,22016
2002,"HRV",191,"SRB",688,"Europe",45.1,15.2,44.016521,21.005859,228655
2002,"HRV",191,"USA",840,"Europe",45.1,15.2,37.09024,-95.712891,6301
2002,"HTI",332,"USA",840,"Americas",18.971187,-72.285215,37.09024,-95.712891,27553
2002,"IDN",360,"PNG",598,"Asia",-0.789275,113.921327,-6.314993,143.95555,5241
2002,"IDN",360,"USA",840,"Asia",-0.789275,113.921327,37.09024,-95.712891,6997
2002,"IND",356,"CAN",124,"Asia",20.593684,78.96288,56.130366,-106.346771,5200
2002,"IND",356,"USA",840,"Asia",20.593684,78.96288,37.09024,-95.712891,11548
2002,"IRN",364,"CAN",124,"Asia",32.427908,53.688046,56.130366,-106.346771,7825
2002,"IRN",364,"DEU",276,"Asia",32.427908,53.688046,51.165691,10.451526,54000
2002,"IRN",364,"GBR",826,"Asia",32.427908,53.688046,55.378051,-3.435973,5375
2002,"IRN",364,"IRQ",368,"Asia",32.427908,53.688046,33.223191,43.679291,20490
2002,"IRN",364,"NLD",528,"Asia",32.427908,53.688046,52.132633,5.291266,11231
2002,"IRN",364,"SWE",752,"Asia",32.427908,53.688046,60.128161,18.643501,7065
2002,"IRN",364,"USA",840,"Asia",32.427908,53.688046,37.09024,-95.712891,23097
2002,"IRQ",368,"AUS",36,"Asia",33.223191,43.679291,-25.274398,133.775136,12058
2002,"IRQ",368,"CAN",124,"Asia",33.223191,43.679291,56.130366,-106.346771,6215
2002,"IRQ",368,"DEU",276,"Asia",33.223191,43.679291,51.165691,10.451526,76884
2002,"IRQ",368,"DNK",208,"Asia",33.223191,43.679291,56.26392,9.501785,13847
2002,"IRQ",368,"GBR",826,"Asia",33.223191,43.679291,55.378051,-3.435973,20580
2002,"IRQ",368,"IRN",364,"Asia",33.223191,43.679291,32.427908,53.688046,201671
2002,"IRQ",368,"NLD",528,"Asia",33.223191,43.679291,52.132633,5.291266,33812
2002,"IRQ",368,"NOR",578,"Asia",33.223191,43.679291,60.472024,8.468946,8289
2002,"IRQ",368,"SAU",682,"Asia",33.223191,43.679291,23.885942,45.079162,5120
2002,"IRQ",368,"SWE",752,"Asia",33.223191,43.679291,60.128161,18.643501,31768
2002,"IRQ",368,"USA",840,"Asia",33.223191,43.679291,37.09024,-95.712891,12766
2002,"KEN",404,"ZAF",710,"Africa",-0.023559,37.906193,-30.559482,22.937506,9198
2002,"KHM",116,"FRA",250,"Asia",12.565679,104.990963,46.227638,2.213749,15439
2002,"KHM",116,"VNM",704,"Asia",12.565679,104.990963,14.058324,108.277199,15945
2002,"LAO",418,"FRA",250,"Asia",19.85627,102.495496,46.227638,2.213749,8703
2002,"LBN",422,"DEU",276,"Asia",33.854721,35.862285,51.165691,10.451526,19397
2002,"LBR",430,"CIV",384,"Africa",6.428055,-9.429499,7.539989,-5.54708,43000
2002,"LBR",430,"GHA",288,"Africa",6.428055,-9.429499,7.946527,-1.023194,35393
2002,"LBR",430,"GIN",324,"Africa",6.428055,-9.429499,9.945587,-9.696645,119377
2002,"LBR",430,"SLE",694,"Africa",6.428055,-9.429499,8.460555,-11.779889,63764
2002,"LBR",430,"USA",840,"Africa",6.428055,-9.429499,37.09024,-95.712891,16343
2002,"LKA",144,"CAN",124,"Asia",7.873054,80.771797,56.130366,-106.346771,15233
2002,"LKA",144,"CHE",756,"Asia",7.873054,80.771797,46.818188,8.227512,6179
2002,"LKA",144,"DEU",276,"Asia",7.873054,80.771797,51.165691,10.451526,17771
2002,"LKA",144,"FRA",250,"Asia",7.873054,80.771797,46.227638,2.213749,15938
2002,"LKA",144,"GBR",826,"Asia",7.873054,80.771797,55.378051,-3.435973,9545
2002,"LKA",144,"IND",356,"Asia",7.873054,80.771797,20.593684,78.96288,63767
2002,"MDA",498,"DEU",276,"Europe",47.411631,28.369885,51.165691,10.451526,5438
2002,"MEX",484,"USA",840,"Americas",23.634501,-102.552784,37.09024,-95.712891,28522
2002,"MMR",104,"BGD",50,"Asia",21.913965,95.956223,23.684994,90.356331,21988
2002,"MMR",104,"MYS",458,"Asia",21.913965,95.956223,4.210484,101.975766,5545
2002,"MMR",104,"THA",764,"Asia",21.913965,95.956223,15.870032,100.992541,112852
2002,"MMR",104,"USA",840,"Asia",21.913965,95.956223,37.09024,-95.712891,6034
2002,"MRT",478,"MLI",466,"Africa",21.00789,-10.940835,17.570692,-3.996166,6231
2002,"MRT",478,"SEN",686,"Africa",21.00789,-10.940835,14.497401,-14.452362,19777
2002,"NGA",566,"CMR",120,"Africa",9.081999,8.675277,7.369722,12.354722,17000
2002,"NIC",558,"USA",840,"Americas",12.865416,-85.207229,37.09024,-95.712891,10082
2002,"PAK",586,"CAN",124,"Asia",30.375321,69.345116,56.130366,-106.346771,11537
2002,"PAK",586,"DEU",276,"Asia",30.375321,69.345116,51.165691,10.451526,9869
2002,"PHL",608,"MYS",458,"Asia",12.879721,121.774017,4.210484,101.975766,45107
2002,"POL",616,"DEU",276,"Europe",51.919438,19.145136,51.165691,10.451526,15192
2002,"PSE",275,"EGY",818,"Asia",31.952162,35.233154,26.820553,30.802498,70195
2002,"PSE",275,"IRQ",368,"Asia",31.952162,35.233154,33.223191,43.679291,1e+05
2002,"PSE",275,"LBY",434,"Asia",31.952162,35.233154,26.3351,17.228331,8618
2002,"PSE",275,"SAU",682,"Asia",31.952162,35.233154,23.885942,45.079162,240000
2002,"RUS",643,"AZE",31,"Europe",61.52401,105.318756,40.143105,47.576927,7057
2002,"RUS",643,"DEU",276,"Europe",61.52401,105.318756,51.165691,10.451526,46635
2002,"RUS",643,"KAZ",398,"Europe",61.52401,105.318756,48.019573,66.923684,13695
2002,"RUS",643,"USA",840,"Europe",61.52401,105.318756,37.09024,-95.712891,21022
2002,"RWA",646,"COD",180,"Africa",-1.940278,29.873888,-4.038333,21.758664,20628
2002,"RWA",646,"COG",178,"Africa",-1.940278,29.873888,-0.228021,15.827659,5985
2002,"RWA",646,"MWI",454,"Africa",-1.940278,29.873888,-13.254308,34.301525,7613
2002,"RWA",646,"UGA",800,"Africa",-1.940278,29.873888,1.373333,32.290275,19009
2002,"RWA",646,"ZMB",894,"Africa",-1.940278,29.873888,-13.133897,27.849332,5389
2002,"SDN",729,"AUS",36,"Africa",12.862807,30.217636,-25.274398,133.775136,6033
2002,"SDN",729,"CAF",140,"Africa",12.862807,30.217636,6.611111,20.939444,38789
2002,"SDN",729,"COD",180,"Africa",12.862807,30.217636,-4.038333,21.758664,75786
2002,"SDN",729,"EGY",818,"Africa",12.862807,30.217636,26.820553,30.802498,15033
2002,"SDN",729,"ETH",231,"Africa",12.862807,30.217636,9.145,40.489673,89952
2002,"SDN",729,"KEN",404,"Africa",12.862807,30.217636,-0.023559,37.906193,57800
2002,"SDN",729,"NLD",528,"Africa",12.862807,30.217636,52.132633,5.291266,6088
2002,"SDN",729,"TCD",148,"Africa",12.862807,30.217636,15.454166,18.732207,13435
2002,"SDN",729,"UGA",800,"Africa",12.862807,30.217636,1.373333,32.290275,188266
2002,"SDN",729,"USA",840,"Africa",12.862807,30.217636,37.09024,-95.712891,17679
2002,"SEN",686,"GNB",624,"Africa",14.497401,-14.452362,11.803749,-15.180413,7322
2002,"SLE",694,"GHA",288,"Africa",8.460555,-11.779889,7.946527,-1.023194,5121
2002,"SLE",694,"GIN",324,"Africa",8.460555,-11.779889,9.945587,-9.696645,60820
2002,"SLE",694,"GMB",270,"Africa",8.460555,-11.779889,13.443182,-15.310139,7734
2002,"SLE",694,"LBR",430,"Africa",8.460555,-11.779889,6.428055,-9.429499,45735
2002,"SLE",694,"NLD",528,"Africa",8.460555,-11.779889,52.132633,5.291266,6492
2002,"SLE",694,"USA",840,"Africa",8.460555,-11.779889,37.09024,-95.712891,6929
2002,"SLV",222,"USA",840,"Americas",13.794185,-88.89653,37.09024,-95.712891,152616
2002,"SOM",706,"CAN",124,"Africa",5.152149,46.199616,56.130366,-106.346771,6020
2002,"SOM",706,"DJI",262,"Africa",5.152149,46.199616,11.825138,42.590275,20307
2002,"SOM",706,"DNK",208,"Africa",5.152149,46.199616,56.26392,9.501785,9709
2002,"SOM",706,"EGY",818,"Africa",5.152149,46.199616,26.820553,30.802498,5046
2002,"SOM",706,"ETH",231,"Africa",5.152149,46.199616,9.145,40.489673,37532
2002,"SOM",706,"GBR",826,"Africa",5.152149,46.199616,55.378051,-3.435973,34131
2002,"SOM",706,"KEN",404,"Africa",5.152149,46.199616,-0.023559,37.906193,155767
2002,"SOM",706,"NLD",528,"Africa",5.152149,46.199616,52.132633,5.291266,18504
2002,"SOM",706,"NOR",578,"Africa",5.152149,46.199616,60.472024,8.468946,5124
2002,"SOM",706,"SWE",752,"Africa",5.152149,46.199616,60.128161,18.643501,5346
2002,"SOM",706,"USA",840,"Africa",5.152149,46.199616,37.09024,-95.712891,29976
2002,"SOM",706,"YEM",887,"Africa",5.152149,46.199616,15.552727,48.516388,80763
2002,"SOM",706,"ZAF",710,"Africa",5.152149,46.199616,-30.559482,22.937506,9547
2002,"SRB",688,"AUS",36,"Europe",44.016521,21.005859,-25.274398,133.775136,9850
2002,"SRB",688,"BIH",70,"Europe",44.016521,21.005859,43.915886,17.679076,6256
2002,"SRB",688,"CAN",124,"Europe",44.016521,21.005859,56.130366,-106.346771,7768
2002,"SRB",688,"CHE",756,"Europe",44.016521,21.005859,46.818188,8.227512,13555
2002,"SRB",688,"DEU",276,"Europe",44.016521,21.005859,51.165691,10.451526,188750
2002,"SRB",688,"FRA",250,"Europe",44.016521,21.005859,46.227638,2.213749,5589
2002,"SRB",688,"GBR",826,"Europe",44.016521,21.005859,55.378051,-3.435973,19875
2002,"SRB",688,"NLD",528,"Europe",44.016521,21.005859,52.132633,5.291266,10756
2002,"SRB",688,"NOR",578,"Europe",44.016521,21.005859,60.472024,8.468946,8033
2002,"SRB",688,"SWE",752,"Europe",44.016521,21.005859,60.128161,18.643501,34241
2002,"SRB",688,"USA",840,"Europe",44.016521,21.005859,37.09024,-95.712891,17149
2002,"SYR",760,"DEU",276,"Asia",34.802075,38.996815,51.165691,10.451526,15677
2002,"TCD",148,"CMR",120,"Africa",15.454166,18.732207,7.369722,12.354722,39728
2002,"TGO",768,"DEU",276,"Africa",8.619543,0.824782,51.165691,10.451526,6584
2002,"TJK",762,"KGZ",417,"Asia",38.861034,71.276093,41.20438,74.766098,6828
2002,"TJK",762,"TKM",795,"Asia",38.861034,71.276093,38.969719,59.556278,12272
2002,"TJK",762,"UZB",860,"Asia",38.861034,71.276093,41.377491,64.585262,39202
2002,"TLS",626,"IDN",360,"Asia",-8.874217,125.727539,-0.789275,113.921327,28097
2002,"TUR",792,"CHE",756,"Asia",38.963745,35.243322,46.818188,8.227512,7664
2002,"TUR",792,"DEU",276,"Asia",38.963745,35.243322,51.165691,10.451526,154727
2002,"TUR",792,"FRA",250,"Asia",38.963745,35.243322,46.227638,2.213749,9407
2002,"TUR",792,"GBR",826,"Asia",38.963745,35.243322,55.378051,-3.435973,6945
2002,"TUR",792,"IRQ",368,"Asia",38.963745,35.243322,33.223191,43.679291,13916
2002,"UGA",800,"COD",180,"Africa",1.373333,32.290275,-4.038333,21.758664,23012
2002,"UGA",800,"SDN",729,"Africa",1.373333,32.290275,12.862807,30.217636,8271
2002,"UKR",804,"DEU",276,"Europe",48.379433,31.16558,51.165691,10.451526,53747
2002,"UKR",804,"USA",840,"Europe",48.379433,31.16558,37.09024,-95.712891,29731
2002,"VNM",704,"CHN",156,"Asia",14.058324,108.277199,35.86166,104.195397,297219
2002,"VNM",704,"DEU",276,"Asia",14.058324,108.277199,51.165691,10.451526,27547
2002,"VNM",704,"FRA",250,"Asia",14.058324,108.277199,46.227638,2.213749,10818
2002,"VNM",704,"USA",840,"Asia",14.058324,108.277199,37.09024,-95.712891,30659
2003,"AFG",4,"AUS",36,"Asia",33.93911,67.709953,-25.274398,133.775136,7619
2003,"AFG",4,"CAN",124,"Asia",33.93911,67.709953,56.130366,-106.346771,14791
2003,"AFG",4,"DEU",276,"Asia",33.93911,67.709953,51.165691,10.451526,49504
2003,"AFG",4,"DNK",208,"Asia",33.93911,67.709953,56.26392,9.501785,6668
2003,"AFG",4,"GBR",826,"Asia",33.93911,67.709953,55.378051,-3.435973,21718
2003,"AFG",4,"IND",356,"Asia",33.93911,67.709953,20.593684,78.96288,10371
2003,"AFG",4,"IRN",364,"Asia",33.93911,67.709953,32.427908,53.688046,834699
2003,"AFG",4,"NLD",528,"Asia",33.93911,67.709953,52.132633,5.291266,30145
2003,"AFG",4,"PAK",586,"Asia",33.93911,67.709953,30.375321,69.345116,1136406
2003,"AFG",4,"USA",840,"Asia",33.93911,67.709953,37.09024,-95.712891,9821
2003,"AFG",4,"UZB",860,"Asia",33.93911,67.709953,41.377491,64.585262,6398
2003,"AGO",24,"COD",180,"Africa",-11.202692,17.873887,-4.038333,21.758664,123743
2003,"AGO",24,"NAM",516,"Africa",-11.202692,17.873887,-22.95764,18.49041,17814
2003,"AGO",24,"NLD",528,"Africa",-11.202692,17.873887,52.132633,5.291266,7427
2003,"AGO",24,"ZAF",710,"Africa",-11.202692,17.873887,-30.559482,22.937506,11698
2003,"AGO",24,"ZMB",894,"Africa",-11.202692,17.873887,-13.133897,27.849332,158894
2003,"ALB",8,"USA",840,"Europe",41.153332,20.168331,37.09024,-95.712891,6935
2003,"ARM",51,"DEU",276,"Asia",40.069099,45.038189,51.165691,10.451526,5298
2003,"ARM",51,"USA",840,"Asia",40.069099,45.038189,37.09024,-95.712891,6736
2003,"AZE",31,"ARM",51,"Asia",40.143105,47.576927,40.069099,45.038189,239250
2003,"AZE",31,"DEU",276,"Asia",40.143105,47.576927,51.165691,10.451526,8950
2003,"BDI",108,"COD",180,"Africa",-3.373056,29.918886,-4.038333,21.758664,19597
2003,"BDI",108,"TZA",834,"Africa",-3.373056,29.918886,-6.369028,34.888822,494209
2003,"BIH",70,"CHE",756,"Europe",43.915886,17.679076,46.818188,8.227512,7156
2003,"BIH",70,"DEU",276,"Europe",43.915886,17.679076,51.165691,10.451526,39006
2003,"BIH",70,"DNK",208,"Europe",43.915886,17.679076,56.26392,9.501785,25446
2003,"BIH",70,"NLD",528,"Europe",43.915886,17.679076,52.132633,5.291266,20408
2003,"BIH",70,"SRB",688,"Europe",43.915886,17.679076,44.016521,21.005859,99785
2003,"BIH",70,"SWE",752,"Europe",43.915886,17.679076,60.128161,18.643501,26779
2003,"BIH",70,"USA",840,"Europe",43.915886,17.679076,37.09024,-95.712891,61906
2003,"BTN",64,"NPL",524,"Asia",27.514162,90.433601,28.394857,84.124008,103856
2003,"CAF",140,"TCD",148,"Africa",6.611111,20.939444,15.454166,18.732207,33907
2003,"CHN",156,"CAN",124,"Asia",35.86166,104.195397,56.130366,-106.346771,7979
2003,"CHN",156,"DEU",276,"Asia",35.86166,104.195397,51.165691,10.451526,7371
2003,"CHN",156,"IND",356,"Asia",35.86166,104.195397,20.593684,78.96288,92349
2003,"CHN",156,"USA",840,"Asia",35.86166,104.195397,37.09024,-95.712891,34076
2003,"CIV",384,"GIN",324,"Africa",7.539989,-5.54708,9.945587,-9.696645,10264
2003,"CIV",384,"LBR",430,"Africa",7.539989,-5.54708,6.428055,-9.429499,20000
2003,"COD",180,"AGO",24,"Africa",-4.038333,21.758664,-11.202692,17.873887,13634
2003,"COD",180,"BDI",108,"Africa",-4.038333,21.758664,-3.373056,29.918886,51100
2003,"COD",180,"CAF",140,"Africa",-4.038333,21.758664,6.611111,20.939444,8498
2003,"COD",180,"CAN",124,"Africa",-4.038333,21.758664,56.130366,-106.346771,5235
2003,"COD",180,"COG",178,"Africa",-4.038333,21.758664,-0.228021,15.827659,83805
2003,"COD",180,"DEU",276,"Africa",-4.038333,21.758664,51.165691,10.451526,7578
2003,"COD",180,"FRA",250,"Africa",-4.038333,21.758664,46.227638,2.213749,6757
2003,"COD",180,"GBR",826,"Africa",-4.038333,21.758664,55.378051,-3.435973,5376
2003,"COD",180,"MOZ",508,"Africa",-4.038333,21.758664,-18.665695,35.529562,6096
2003,"COD",180,"RWA",646,"Africa",-4.038333,21.758664,-1.940278,29.873888,36685
2003,"COD",180,"TZA",834,"Africa",-4.038333,21.758664,-6.369028,34.888822,150160
2003,"COD",180,"UGA",800,"Africa",-4.038333,21.758664,1.373333,32.290275,11829
2003,"COD",180,"ZAF",710,"Africa",-4.038333,21.758664,-30.559482,22.937506,22963
2003,"COD",180,"ZMB",894,"Africa",-4.038333,21.758664,-13.133897,27.849332,58512
2003,"COD",180,"ZWE",716,"Africa",-4.038333,21.758664,-19.015438,29.154857,6450
2003,"COG",178,"COD",180,"Africa",-0.228021,15.827659,-4.038333,21.758664,6656
2003,"COG",178,"GAB",266,"Africa",-0.228021,15.827659,-0.803689,11.609444,14239
2003,"COL",170,"CAN",124,"Americas",4.570868,-74.297333,56.130366,-106.346771,9511
2003,"COL",170,"CRI",188,"Americas",4.570868,-74.297333,9.748917,-83.753428,8266
2003,"COL",170,"ECU",218,"Americas",4.570868,-74.297333,-1.831239,-78.183406,8774
2003,"COL",170,"USA",840,"Americas",4.570868,-74.297333,37.09024,-95.712891,26349
2003,"CUB",192,"USA",840,"Americas",21.521757,-77.781167,37.09024,-95.712891,13035
2003,"CZE",203,"DEU",276,"Europe",49.817492,15.472962,51.165691,10.451526,5640
2003,"ERI",232,"ETH",231,"Africa",15.179384,39.782334,9.145,40.489673,6754
2003,"ERI",232,"SDN",729,"Africa",15.179384,39.782334,12.862807,30.217636,108298
2003,"ESH",732,"DZA",12,"Africa",24.215527,-12.885834,28.033886,1.659626,165000
2003,"ETH",231,"DEU",276,"Africa",9.145,40.489673,51.165691,10.451526,8117
2003,"ETH",231,"KEN",404,"Africa",9.145,40.489673,-0.023559,37.906193,13568
2003,"ETH",231,"SDN",729,"Africa",9.145,40.489673,12.862807,30.217636,15647
2003,"ETH",231,"USA",840,"Africa",9.145,40.489673,37.09024,-95.712891,14040
2003,"GEO",268,"RUS",643,"Asia",42.315407,43.356892,61.52401,105.318756,6527
2003,"GHA",288,"TGO",768,"Africa",7.946527,-1.023194,8.619543,0.824782,11208
2003,"GTM",320,"USA",840,"Americas",15.783471,-90.230759,37.09024,-95.712891,90210
2003,"HRV",191,"BIH",70,"Europe",45.1,15.2,43.915886,17.679076,19477
2003,"HRV",191,"SRB",688,"Europe",45.1,15.2,44.016521,21.005859,189746
2003,"HRV",191,"USA",840,"Europe",45.1,15.2,37.09024,-95.712891,6331
2003,"HTI",332,"USA",840,"Americas",18.971187,-72.285215,37.09024,-95.712891,23528
2003,"IDN",360,"PNG",598,"Asia",-0.789275,113.921327,-6.314993,143.95555,7791
2003,"IDN",360,"USA",840,"Asia",-0.789275,113.921327,37.09024,-95.712891,9332
2003,"IND",356,"USA",840,"Asia",20.593684,78.96288,37.09024,-95.712891,9562
2003,"IRN",364,"CAN",124,"Asia",32.427908,53.688046,56.130366,-106.346771,7196
2003,"IRN",364,"DEU",276,"Asia",32.427908,53.688046,51.165691,10.451526,48640
2003,"IRN",364,"GBR",826,"Asia",32.427908,53.688046,55.378051,-3.435973,6892
2003,"IRN",364,"IRQ",368,"Asia",32.427908,53.688046,33.223191,43.679291,10476
2003,"IRN",364,"NLD",528,"Asia",32.427908,53.688046,52.132633,5.291266,9597
2003,"IRN",364,"SWE",752,"Asia",32.427908,53.688046,60.128161,18.643501,6740
2003,"IRN",364,"USA",840,"Asia",32.427908,53.688046,37.09024,-95.712891,22323
2003,"IRQ",368,"AUS",36,"Asia",33.223191,43.679291,-25.274398,133.775136,12240
2003,"IRQ",368,"CAN",124,"Asia",33.223191,43.679291,56.130366,-106.346771,5718
2003,"IRQ",368,"CHE",756,"Asia",33.223191,43.679291,46.818188,8.227512,5168
2003,"IRQ",368,"DEU",276,"Asia",33.223191,43.679291,51.165691,10.451526,76283
2003,"IRQ",368,"DNK",208,"Asia",33.223191,43.679291,56.26392,9.501785,12735
2003,"IRQ",368,"GBR",826,"Asia",33.223191,43.679291,55.378051,-3.435973,23420
2003,"IRQ",368,"IRN",364,"Asia",33.223191,43.679291,32.427908,53.688046,150196
2003,"IRQ",368,"JOR",400,"Asia",33.223191,43.679291,30.585164,36.238414,7482
2003,"IRQ",368,"NLD",528,"Asia",33.223191,43.679291,52.132633,5.291266,35251
2003,"IRQ",368,"NOR",578,"Asia",33.223191,43.679291,60.472024,8.468946,7820
2003,"IRQ",368,"SWE",752,"Asia",33.223191,43.679291,60.128161,18.643501,30232
2003,"IRQ",368,"USA",840,"Asia",33.223191,43.679291,37.09024,-95.712891,11194
2003,"KEN",404,"ZAF",710,"Africa",-0.023559,37.906193,-30.559482,22.937506,9635
2003,"KHM",116,"FRA",250,"Asia",12.565679,104.990963,46.227638,2.213749,14303
2003,"KHM",116,"VNM",704,"Asia",12.565679,104.990963,14.058324,108.277199,15360
2003,"LAO",418,"FRA",250,"Asia",19.85627,102.495496,46.227638,2.213749,7948
2003,"LBN",422,"DEU",276,"Asia",33.854721,35.862285,51.165691,10.451526,18621
2003,"LBR",430,"CIV",384,"Africa",6.428055,-9.429499,7.539989,-5.54708,74180
2003,"LBR",430,"GHA",288,"Africa",6.428055,-9.429499,7.946527,-1.023194,42466
2003,"LBR",430,"GIN",324,"Africa",6.428055,-9.429499,9.945587,-9.696645,150249
2003,"LBR",430,"SLE",694,"Africa",6.428055,-9.429499,8.460555,-11.779889,61323
2003,"LBR",430,"USA",840,"Africa",6.428055,-9.429499,37.09024,-95.712891,16742
2003,"LKA",144,"CAN",124,"Asia",7.873054,80.771797,56.130366,-106.346771,13776
2003,"LKA",144,"DEU",276,"Asia",7.873054,80.771797,51.165691,10.451526,15261
2003,"LKA",144,"FRA",250,"Asia",7.873054,80.771797,46.227638,2.213749,15062
2003,"LKA",144,"GBR",826,"Asia",7.873054,80.771797,55.378051,-3.435973,7992
2003,"LKA",144,"IND",356,"Asia",7.873054,80.771797,20.593684,78.96288,60922
2003,"MDA",498,"DEU",276,"Europe",47.411631,28.369885,51.165691,10.451526,5684
2003,"MEX",484,"USA",840,"Americas",23.634501,-102.552784,37.09024,-95.712891,23708
2003,"MMR",104,"BGD",50,"Asia",21.913965,95.956223,23.684994,90.356331,19751
2003,"MMR",104,"MYS",458,"Asia",21.913965,95.956223,4.210484,101.975766,11142
2003,"MMR",104,"THA",764,"Asia",21.913965,95.956223,15.870032,100.992541,120730
2003,"MMR",104,"USA",840,"Asia",21.913965,95.956223,37.09024,-95.712891,5243
2003,"MRT",478,"MLI",466,"Africa",21.00789,-10.940835,17.570692,-3.996166,6251
2003,"MRT",478,"SEN",686,"Africa",21.00789,-10.940835,14.497401,-14.452362,19881
2003,"NGA",566,"CMR",120,"Africa",9.081999,8.675277,7.369722,12.354722,16996
2003,"NGA",566,"ZAF",710,"Africa",9.081999,8.675277,-30.559482,22.937506,8004
2003,"NIC",558,"USA",840,"Americas",12.865416,-85.207229,37.09024,-95.712891,6857
2003,"PAK",586,"CAN",124,"Asia",30.375321,69.345116,56.130366,-106.346771,12839
2003,"PAK",586,"DEU",276,"Asia",30.375321,69.345116,51.165691,10.451526,9628
2003,"PAK",586,"ZAF",710,"Asia",30.375321,69.345116,-30.559482,22.937506,7934
2003,"POL",616,"DEU",276,"Europe",51.919438,19.145136,51.165691,10.451526,13782
2003,"PSE",275,"EGY",818,"Asia",31.952162,35.233154,26.820553,30.802498,70215
2003,"PSE",275,"IRQ",368,"Asia",31.952162,35.233154,33.223191,43.679291,22706
2003,"PSE",275,"LBY",434,"Asia",31.952162,35.233154,26.3351,17.228331,8795
2003,"PSE",275,"SAU",682,"Asia",31.952162,35.233154,23.885942,45.079162,240000
2003,"RUS",643,"AZE",31,"Europe",61.52401,105.318756,40.143105,47.576927,7685
2003,"RUS",643,"DEU",276,"Europe",61.52401,105.318756,51.165691,10.451526,48008
2003,"RUS",643,"KAZ",398,"Europe",61.52401,105.318756,48.019573,66.923684,13684
2003,"RUS",643,"USA",840,"Europe",61.52401,105.318756,37.09024,-95.712891,21411
2003,"RWA",646,"COD",180,"Africa",-1.940278,29.873888,-4.038333,21.758664,19938
2003,"RWA",646,"COG",178,"Africa",-1.940278,29.873888,-0.228021,15.827659,5921
2003,"RWA",646,"MWI",454,"Africa",-1.940278,29.873888,-13.254308,34.301525,6658
2003,"RWA",646,"UGA",800,"Africa",-1.940278,29.873888,1.373333,32.290275,19786
2003,"RWA",646,"ZMB",894,"Africa",-1.940278,29.873888,-13.133897,27.849332,5801
2003,"SDN",729,"AUS",36,"Africa",12.862807,30.217636,-25.274398,133.775136,10042
2003,"SDN",729,"CAF",140,"Africa",12.862807,30.217636,6.611111,20.939444,37394
2003,"SDN",729,"CAN",124,"Africa",12.862807,30.217636,56.130366,-106.346771,5261
2003,"SDN",729,"COD",180,"Africa",12.862807,30.217636,-4.038333,21.758664,45069
2003,"SDN",729,"EGY",818,"Africa",12.862807,30.217636,26.820553,30.802498,16551
2003,"SDN",729,"ETH",231,"Africa",12.862807,30.217636,9.145,40.489673,94899
2003,"SDN",729,"KEN",404,"Africa",12.862807,30.217636,-0.023559,37.906193,63229
2003,"SDN",729,"NLD",528,"Africa",12.862807,30.217636,52.132633,5.291266,5202
2003,"SDN",729,"TCD",148,"Africa",12.862807,30.217636,15.454166,18.732207,110021
2003,"SDN",729,"UGA",800,"Africa",12.862807,30.217636,1.373333,32.290275,198352
2003,"SDN",729,"USA",840,"Africa",12.862807,30.217636,37.09024,-95.712891,17654
2003,"SEN",686,"GNB",624,"Africa",14.497401,-14.452362,11.803749,-15.180413,7322
2003,"SLE",694,"GIN",324,"Africa",8.460555,-11.779889,9.945587,-9.696645,26166
2003,"SLE",694,"GMB",270,"Africa",8.460555,-11.779889,13.443182,-15.310139,6127
2003,"SLE",694,"LBR",430,"Africa",8.460555,-11.779889,6.428055,-9.429499,13941
2003,"SLE",694,"NLD",528,"Africa",8.460555,-11.779889,52.132633,5.291266,5880
2003,"SLE",694,"USA",840,"Africa",8.460555,-11.779889,37.09024,-95.712891,7785
2003,"SLV",222,"USA",840,"Americas",13.794185,-88.89653,37.09024,-95.712891,129317
2003,"SOM",706,"CAN",124,"Africa",5.152149,46.199616,56.130366,-106.346771,5300
2003,"SOM",706,"DJI",262,"Africa",5.152149,46.199616,11.825138,42.590275,25803
2003,"SOM",706,"DNK",208,"Africa",5.152149,46.199616,56.26392,9.501785,8662
2003,"SOM",706,"ETH",231,"Africa",5.152149,46.199616,9.145,40.489673,28276
2003,"SOM",706,"GBR",826,"Africa",5.152149,46.199616,55.378051,-3.435973,36106
2003,"SOM",706,"KEN",404,"Africa",5.152149,46.199616,-0.023559,37.906193,154317
2003,"SOM",706,"NLD",528,"Africa",5.152149,46.199616,52.132633,5.291266,15782
2003,"SOM",706,"NOR",578,"Africa",5.152149,46.199616,60.472024,8.468946,5633
2003,"SOM",706,"SWE",752,"Africa",5.152149,46.199616,60.128161,18.643501,6776
2003,"SOM",706,"USA",840,"Africa",5.152149,46.199616,37.09024,-95.712891,26421
2003,"SOM",706,"YEM",887,"Africa",5.152149,46.199616,15.552727,48.516388,59246
2003,"SOM",706,"ZAF",710,"Africa",5.152149,46.199616,-30.559482,22.937506,11595
2003,"SRB",688,"AUS",36,"Europe",44.016521,21.005859,-25.274398,133.775136,7358
2003,"SRB",688,"CAN",124,"Europe",44.016521,21.005859,56.130366,-106.346771,7235
2003,"SRB",688,"CHE",756,"Europe",44.016521,21.005859,46.818188,8.227512,12121
2003,"SRB",688,"DEU",276,"Europe",44.016521,21.005859,51.165691,10.451526,171565
2003,"SRB",688,"FRA",250,"Europe",44.016521,21.005859,46.227638,2.213749,5642
2003,"SRB",688,"GBR",826,"Europe",44.016521,21.005859,55.378051,-3.435973,21301
2003,"SRB",688,"NLD",528,"Europe",44.016521,21.005859,52.132633,5.291266,5882
2003,"SRB",688,"SWE",752,"Europe",44.016521,21.005859,60.128161,18.643501,32474
2003,"SRB",688,"USA",840,"Europe",44.016521,21.005859,37.09024,-95.712891,17623
2003,"SYR",760,"DEU",276,"Asia",34.802075,38.996815,51.165691,10.451526,16448
2003,"TCD",148,"CMR",120,"Africa",15.454166,18.732207,7.369722,12.354722,39886
2003,"TCD",148,"SDN",729,"Africa",15.454166,18.732207,12.862807,30.217636,5028
2003,"TGO",768,"DEU",276,"Africa",8.619543,0.824782,51.165691,10.451526,6054
2003,"TJK",762,"TKM",795,"Asia",38.861034,71.276093,38.969719,59.556278,12142
2003,"TJK",762,"UZB",860,"Asia",38.861034,71.276093,41.377491,64.585262,39216
2003,"TUR",792,"CHE",756,"Asia",38.963745,35.243322,46.818188,8.227512,6872
2003,"TUR",792,"DEU",276,"Asia",38.963745,35.243322,51.165691,10.451526,143798
2003,"TUR",792,"FRA",250,"Asia",38.963745,35.243322,46.227638,2.213749,8862
2003,"TUR",792,"GBR",826,"Asia",38.963745,35.243322,55.378051,-3.435973,7716
2003,"TUR",792,"IRQ",368,"Asia",38.963745,35.243322,33.223191,43.679291,13327
2003,"UGA",800,"COD",180,"Africa",1.373333,32.290275,-4.038333,21.758664,18958
2003,"UGA",800,"SDN",729,"Africa",1.373333,32.290275,12.862807,30.217636,7983
2003,"UKR",804,"DEU",276,"Europe",48.379433,31.16558,51.165691,10.451526,57391
2003,"UKR",804,"USA",840,"Europe",48.379433,31.16558,37.09024,-95.712891,34384
2003,"VNM",704,"CHN",156,"Asia",14.058324,108.277199,35.86166,104.195397,299287
2003,"VNM",704,"DEU",276,"Asia",14.058324,108.277199,51.165691,10.451526,25813
2003,"VNM",704,"FRA",250,"Asia",14.058324,108.277199,46.227638,2.213749,9274
2003,"VNM",704,"USA",840,"Asia",14.058324,108.277199,37.09024,-95.712891,21375
2003,"ZWE",716,"GBR",826,"Africa",-19.015438,29.154857,55.378051,-3.435973,5753
2004,"AFG",4,"AUS",36,"Asia",33.93911,67.709953,-25.274398,133.775136,8326
2004,"AFG",4,"CAN",124,"Asia",33.93911,67.709953,56.130366,-106.346771,15395
2004,"AFG",4,"DEU",276,"Asia",33.93911,67.709953,51.165691,10.451526,39081
2004,"AFG",4,"DNK",208,"Asia",33.93911,67.709953,56.26392,9.501785,6596
2004,"AFG",4,"GBR",826,"Asia",33.93911,67.709953,55.378051,-3.435973,22494
2004,"AFG",4,"IND",356,"Asia",33.93911,67.709953,20.593684,78.96288,9831
2004,"AFG",4,"IRN",364,"Asia",33.93911,67.709953,32.427908,53.688046,952826
2004,"AFG",4,"NLD",528,"Asia",33.93911,67.709953,52.132633,5.291266,28695
2004,"AFG",4,"PAK",586,"Asia",33.93911,67.709953,30.375321,69.345116,1297572
2004,"AFG",4,"SWE",752,"Asia",33.93911,67.709953,60.128161,18.643501,5075
2004,"AFG",4,"USA",840,"Asia",33.93911,67.709953,37.09024,-95.712891,9923
2004,"AFG",4,"UZB",860,"Asia",33.93911,67.709953,41.377491,64.585262,5664
2004,"AGO",24,"COD",180,"Africa",-11.202692,17.873887,-4.038333,21.758664,98415
2004,"AGO",24,"NAM",516,"Africa",-11.202692,17.873887,-22.95764,18.49041,12618
2004,"AGO",24,"NLD",528,"Africa",-11.202692,17.873887,52.132633,5.291266,5059
2004,"AGO",24,"ZAF",710,"Africa",-11.202692,17.873887,-30.559482,22.937506,12048
2004,"AGO",24,"ZMB",894,"Africa",-11.202692,17.873887,-13.133897,27.849332,88842
2004,"ALB",8,"USA",840,"Europe",41.153332,20.168331,37.09024,-95.712891,6334
2004,"ARM",51,"DEU",276,"Asia",40.069099,45.038189,51.165691,10.451526,5058
2004,"ARM",51,"USA",840,"Asia",40.069099,45.038189,37.09024,-95.712891,6393
2004,"AZE",31,"ARM",51,"Asia",40.143105,47.576927,40.069099,45.038189,235101
2004,"AZE",31,"DEU",276,"Asia",40.143105,47.576927,51.165691,10.451526,9643
2004,"BDI",108,"COD",180,"Africa",-3.373056,29.918886,-4.038333,21.758664,19471
2004,"BDI",108,"RWA",646,"Africa",-3.373056,29.918886,-1.940278,29.873888,5702
2004,"BDI",108,"TZA",834,"Africa",-3.373056,29.918886,-6.369028,34.888822,443706
2004,"BDI",108,"ZAF",710,"Africa",-3.373056,29.918886,-30.559482,22.937506,5012
2004,"BIH",70,"CHE",756,"Europe",43.915886,17.679076,46.818188,8.227512,6621
2004,"BIH",70,"DEU",276,"Europe",43.915886,17.679076,51.165691,10.451526,30251
2004,"BIH",70,"DNK",208,"Europe",43.915886,17.679076,56.26392,9.501785,22188
2004,"BIH",70,"NLD",528,"Europe",43.915886,17.679076,52.132633,5.291266,13790
2004,"BIH",70,"SRB",688,"Europe",43.915886,17.679076,44.016521,21.005859,95297
2004,"BIH",70,"SWE",752,"Europe",43.915886,17.679076,60.128161,18.643501,7583
2004,"BIH",70,"USA",840,"Europe",43.915886,17.679076,37.09024,-95.712891,39470
2004,"BTN",64,"NPL",524,"Asia",27.514162,90.433601,28.394857,84.124008,105360
2004,"CAF",140,"TCD",148,"Africa",6.611111,20.939444,15.454166,18.732207,29683
2004,"CHN",156,"CAN",124,"Asia",35.86166,104.195397,56.130366,-106.346771,9883
2004,"CHN",156,"DEU",276,"Asia",35.86166,104.195397,51.165691,10.451526,7135
2004,"CHN",156,"IND",356,"Asia",35.86166,104.195397,20.593684,78.96288,94349
2004,"CHN",156,"USA",840,"Asia",35.86166,104.195397,37.09024,-95.712891,29257
2004,"CIV",384,"GIN",324,"Africa",7.539989,-5.54708,9.945587,-9.696645,6103
2004,"CIV",384,"LBR",430,"Africa",7.539989,-5.54708,6.428055,-9.429499,12408
2004,"COD",180,"AGO",24,"Africa",-4.038333,21.758664,-11.202692,17.873887,14111
2004,"COD",180,"BDI",108,"Africa",-4.038333,21.758664,-3.373056,29.918886,59096
2004,"COD",180,"CAN",124,"Africa",-4.038333,21.758664,56.130366,-106.346771,5430
2004,"COD",180,"COG",178,"Africa",-4.038333,21.758664,-0.228021,15.827659,61635
2004,"COD",180,"DEU",276,"Africa",-4.038333,21.758664,51.165691,10.451526,6878
2004,"COD",180,"FRA",250,"Africa",-4.038333,21.758664,46.227638,2.213749,7665
2004,"COD",180,"GBR",826,"Africa",-4.038333,21.758664,55.378051,-3.435973,5973
2004,"COD",180,"RWA",646,"Africa",-4.038333,21.758664,-1.940278,29.873888,47635
2004,"COD",180,"TZA",834,"Africa",-4.038333,21.758664,-6.369028,34.888822,153474
2004,"COD",180,"UGA",800,"Africa",-4.038333,21.758664,1.373333,32.290275,15318
2004,"COD",180,"ZAF",710,"Africa",-4.038333,21.758664,-30.559482,22.937506,27509
2004,"COD",180,"ZMB",894,"Africa",-4.038333,21.758664,-13.133897,27.849332,66281
2004,"COG",178,"COD",180,"Africa",-0.228021,15.827659,-4.038333,21.758664,5291
2004,"COG",178,"GAB",266,"Africa",-0.228021,15.827659,-0.803689,11.609444,14001
2004,"COL",170,"CAN",124,"Americas",4.570868,-74.297333,56.130366,-106.346771,12712
2004,"COL",170,"CRI",188,"Americas",4.570868,-74.297333,9.748917,-83.753428,8750
2004,"COL",170,"ECU",218,"Americas",4.570868,-74.297333,-1.831239,-78.183406,9823
2004,"COL",170,"USA",840,"Americas",4.570868,-74.297333,37.09024,-95.712891,26899
2004,"CUB",192,"USA",840,"Americas",21.521757,-77.781167,37.09024,-95.712891,13360
2004,"ERI",232,"ETH",231,"Africa",15.179384,39.782334,9.145,40.489673,8719
2004,"ERI",232,"SDN",729,"Africa",15.179384,39.782334,12.862807,30.217636,110986
2004,"ESH",732,"DZA",12,"Africa",24.215527,-12.885834,28.033886,1.659626,165000
2004,"ETH",231,"DEU",276,"Africa",9.145,40.489673,51.165691,10.451526,6793
2004,"ETH",231,"KEN",404,"Africa",9.145,40.489673,-0.023559,37.906193,16105
2004,"ETH",231,"SDN",729,"Africa",9.145,40.489673,12.862807,30.217636,14992
2004,"ETH",231,"USA",840,"Africa",9.145,40.489673,37.09024,-95.712891,14053
2004,"ETH",231,"ZAF",710,"Africa",9.145,40.489673,-30.559482,22.937506,5698
2004,"GHA",288,"TGO",768,"Africa",7.946527,-1.023194,8.619543,0.824782,10000
2004,"GTM",320,"USA",840,"Americas",15.783471,-90.230759,37.09024,-95.712891,59906
2004,"HRV",191,"BIH",70,"Europe",45.1,15.2,43.915886,17.679076,19213
2004,"HRV",191,"SRB",688,"Europe",45.1,15.2,44.016521,21.005859,180117
2004,"HTI",332,"USA",840,"Americas",18.971187,-72.285215,37.09024,-95.712891,22807
2004,"IDN",360,"MYS",458,"Asia",-0.789275,113.921327,4.210484,101.975766,15627
2004,"IDN",360,"PNG",598,"Asia",-0.789275,113.921327,-6.314993,143.95555,7812
2004,"IDN",360,"USA",840,"Asia",-0.789275,113.921327,37.09024,-95.712891,7947
2004,"IND",356,"USA",840,"Asia",20.593684,78.96288,37.09024,-95.712891,8266
2004,"IND",356,"ZAF",710,"Asia",20.593684,78.96288,-30.559482,22.937506,5925
2004,"IRN",364,"CAN",124,"Asia",32.427908,53.688046,56.130366,-106.346771,6857
2004,"IRN",364,"DEU",276,"Asia",32.427908,53.688046,51.165691,10.451526,40765
2004,"IRN",364,"GBR",826,"Asia",32.427908,53.688046,55.378051,-3.435973,8044
2004,"IRN",364,"IRQ",368,"Asia",32.427908,53.688046,33.223191,43.679291,10033
2004,"IRN",364,"NLD",528,"Asia",32.427908,53.688046,52.132633,5.291266,7641
2004,"IRN",364,"SWE",752,"Asia",32.427908,53.688046,60.128161,18.643501,6523
2004,"IRN",364,"USA",840,"Asia",32.427908,53.688046,37.09024,-95.712891,21389
2004,"IRQ",368,"AUS",36,"Asia",33.223191,43.679291,-25.274398,133.775136,11889
2004,"IRQ",368,"CAN",124,"Asia",33.223191,43.679291,56.130366,-106.346771,5513
2004,"IRQ",368,"DEU",276,"Asia",33.223191,43.679291,51.165691,10.451526,68915
2004,"IRQ",368,"DNK",208,"Asia",33.223191,43.679291,56.26392,9.501785,11717
2004,"IRQ",368,"GBR",826,"Asia",33.223191,43.679291,55.378051,-3.435973,22763
2004,"IRQ",368,"IRN",364,"Asia",33.223191,43.679291,32.427908,53.688046,93173
2004,"IRQ",368,"JOR",400,"Asia",33.223191,43.679291,30.585164,36.238414,12967
2004,"IRQ",368,"NLD",528,"Asia",33.223191,43.679291,52.132633,5.291266,31685
2004,"IRQ",368,"NOR",578,"Asia",33.223191,43.679291,60.472024,8.468946,8265
2004,"IRQ",368,"SWE",752,"Asia",33.223191,43.679291,60.128161,18.643501,26785
2004,"IRQ",368,"SYR",760,"Asia",33.223191,43.679291,34.802075,38.996815,14391
2004,"IRQ",368,"USA",840,"Asia",33.223191,43.679291,37.09024,-95.712891,9057
2004,"KEN",404,"ZAF",710,"Africa",-0.023559,37.906193,-30.559482,22.937506,10069
2004,"KHM",116,"FRA",250,"Asia",12.565679,104.990963,46.227638,2.213749,14097
2004,"LAO",418,"FRA",250,"Asia",19.85627,102.495496,46.227638,2.213749,7864
2004,"LAO",418,"USA",840,"Asia",19.85627,102.495496,37.09024,-95.712891,6522
2004,"LBN",422,"DEU",276,"Asia",33.854721,35.862285,51.165691,10.451526,17405
2004,"LBR",430,"CIV",384,"Africa",6.428055,-9.429499,7.539989,-5.54708,70402
2004,"LBR",430,"GHA",288,"Africa",6.428055,-9.429499,7.946527,-1.023194,41904
2004,"LBR",430,"GIN",324,"Africa",6.428055,-9.429499,9.945587,-9.696645,129221
2004,"LBR",430,"SLE",694,"Africa",6.428055,-9.429499,8.460555,-11.779889,65564
2004,"LBR",430,"USA",840,"Africa",6.428055,-9.429499,37.09024,-95.712891,20386
2004,"LKA",144,"CAN",124,"Asia",7.873054,80.771797,56.130366,-106.346771,12979
2004,"LKA",144,"DEU",276,"Asia",7.873054,80.771797,51.165691,10.451526,12960
2004,"LKA",144,"FRA",250,"Asia",7.873054,80.771797,46.227638,2.213749,15304
2004,"LKA",144,"GBR",826,"Asia",7.873054,80.771797,55.378051,-3.435973,8064
2004,"LKA",144,"IND",356,"Asia",7.873054,80.771797,20.593684,78.96288,57274
2004,"MDA",498,"DEU",276,"Europe",47.411631,28.369885,51.165691,10.451526,5524
2004,"MDA",498,"USA",840,"Europe",47.411631,28.369885,37.09024,-95.712891,5581
2004,"MEX",484,"USA",840,"Americas",23.634501,-102.552784,37.09024,-95.712891,15855
2004,"MMR",104,"BGD",50,"Asia",21.913965,95.956223,23.684994,90.356331,20411
2004,"MMR",104,"MYS",458,"Asia",21.913965,95.956223,4.210484,101.975766,18458
2004,"MMR",104,"THA",764,"Asia",21.913965,95.956223,15.870032,100.992541,121139
2004,"MMR",104,"USA",840,"Asia",21.913965,95.956223,37.09024,-95.712891,5734
2004,"MRT",478,"MLI",466,"Africa",21.00789,-10.940835,17.570692,-3.996166,6263
2004,"MRT",478,"SEN",686,"Africa",21.00789,-10.940835,14.497401,-14.452362,19847
2004,"NGA",566,"CMR",120,"Africa",9.081999,8.675277,7.369722,12.354722,16708
2004,"NGA",566,"ZAF",710,"Africa",9.081999,8.675277,-30.559482,22.937506,9011
2004,"NIC",558,"USA",840,"Americas",12.865416,-85.207229,37.09024,-95.712891,6246
2004,"PAK",586,"CAN",124,"Asia",30.375321,69.345116,56.130366,-106.346771,11659
2004,"PAK",586,"DEU",276,"Asia",30.375321,69.345116,51.165691,10.451526,8900
2004,"PAK",586,"ZAF",710,"Asia",30.375321,69.345116,-30.559482,22.937506,9108
2004,"POL",616,"DEU",276,"Europe",51.919438,19.145136,51.165691,10.451526,9297
2004,"PSE",275,"EGY",818,"Asia",31.952162,35.233154,26.820553,30.802498,70245
2004,"PSE",275,"IRQ",368,"Asia",31.952162,35.233154,33.223191,43.679291,22711
2004,"PSE",275,"LBY",434,"Asia",31.952162,35.233154,26.3351,17.228331,8873
2004,"PSE",275,"SAU",682,"Asia",31.952162,35.233154,23.885942,45.079162,240014
2004,"RUS",643,"AZE",31,"Europe",61.52401,105.318756,40.143105,47.576927,8367
2004,"RUS",643,"DEU",276,"Europe",61.52401,105.318756,51.165691,10.451526,47155
2004,"RUS",643,"KAZ",398,"Europe",61.52401,105.318756,48.019573,66.923684,13684
2004,"RUS",643,"POL",616,"Europe",61.52401,105.318756,51.919438,19.145136,5002
2004,"RUS",643,"USA",840,"Europe",61.52401,105.318756,37.09024,-95.712891,18325
2004,"RWA",646,"COD",180,"Africa",-1.940278,29.873888,-4.038333,21.758664,11906
2004,"RWA",646,"COG",178,"Africa",-1.940278,29.873888,-0.228021,15.827659,5852
2004,"RWA",646,"UGA",800,"Africa",-1.940278,29.873888,1.373333,32.290275,19189
2004,"RWA",646,"ZMB",894,"Africa",-1.940278,29.873888,-13.133897,27.849332,5796
2004,"SDN",729,"AUS",36,"Africa",12.862807,30.217636,-25.274398,133.775136,16365
2004,"SDN",729,"CAF",140,"Africa",12.862807,30.217636,6.611111,20.939444,20161
2004,"SDN",729,"CAN",124,"Africa",12.862807,30.217636,56.130366,-106.346771,6383
2004,"SDN",729,"COD",180,"Africa",12.862807,30.217636,-4.038333,21.758664,45232
2004,"SDN",729,"EGY",818,"Africa",12.862807,30.217636,26.820553,30.802498,23026
2004,"SDN",729,"ETH",231,"Africa",12.862807,30.217636,9.145,40.489673,90451
2004,"SDN",729,"KEN",404,"Africa",12.862807,30.217636,-0.023559,37.906193,67596
2004,"SDN",729,"TCD",148,"Africa",12.862807,30.217636,15.454166,18.732207,224924
2004,"SDN",729,"UGA",800,"Africa",12.862807,30.217636,1.373333,32.290275,214796
2004,"SDN",729,"USA",840,"Africa",12.862807,30.217636,37.09024,-95.712891,18248
2004,"SEN",686,"GNB",624,"Africa",14.497401,-14.452362,11.803749,-15.180413,7322
2004,"SLE",694,"GIN",324,"Africa",8.460555,-11.779889,9.945587,-9.696645,10044
2004,"SLE",694,"GMB",270,"Africa",8.460555,-11.779889,13.443182,-15.310139,5955
2004,"SLE",694,"USA",840,"Africa",8.460555,-11.779889,37.09024,-95.712891,7934
2004,"SLV",222,"USA",840,"Americas",13.794185,-88.89653,37.09024,-95.712891,92188
2004,"SOM",706,"CAN",124,"Africa",5.152149,46.199616,56.130366,-106.346771,5159
2004,"SOM",706,"DJI",262,"Africa",5.152149,46.199616,11.825138,42.590275,17331
2004,"SOM",706,"DNK",208,"Africa",5.152149,46.199616,56.26392,9.501785,7822
2004,"SOM",706,"ETH",231,"Africa",5.152149,46.199616,9.145,40.489673,16470
2004,"SOM",706,"GBR",826,"Africa",5.152149,46.199616,55.378051,-3.435973,36700
2004,"SOM",706,"KEN",404,"Africa",5.152149,46.199616,-0.023559,37.906193,158149
2004,"SOM",706,"NLD",528,"Africa",5.152149,46.199616,52.132633,5.291266,12575
2004,"SOM",706,"NOR",578,"Africa",5.152149,46.199616,60.472024,8.468946,6242
2004,"SOM",706,"SWE",752,"Africa",5.152149,46.199616,60.128161,18.643501,5111
2004,"SOM",706,"USA",840,"Africa",5.152149,46.199616,37.09024,-95.712891,31922
2004,"SOM",706,"YEM",887,"Africa",5.152149,46.199616,15.552727,48.516388,63511
2004,"SOM",706,"ZAF",710,"Africa",5.152149,46.199616,-30.559482,22.937506,15478
2004,"SRB",688,"AUS",36,"Europe",44.016521,21.005859,-25.274398,133.775136,5510
2004,"SRB",688,"CAN",124,"Europe",44.016521,21.005859,56.130366,-106.346771,6502
2004,"SRB",688,"CHE",756,"Europe",44.016521,21.005859,46.818188,8.227512,11367
2004,"SRB",688,"DEU",276,"Europe",44.016521,21.005859,51.165691,10.451526,144282
2004,"SRB",688,"FRA",250,"Europe",44.016521,21.005859,46.227638,2.213749,6292
2004,"SRB",688,"GBR",826,"Europe",44.016521,21.005859,55.378051,-3.435973,20527
2004,"SRB",688,"SWE",752,"Europe",44.016521,21.005859,60.128161,18.643501,15228
2004,"SYR",760,"DEU",276,"Asia",34.802075,38.996815,51.165691,10.451526,16659
2004,"TCD",148,"CMR",120,"Africa",15.454166,18.732207,7.369722,12.354722,40035
2004,"TCD",148,"SDN",729,"Africa",15.454166,18.732207,12.862807,30.217636,5028
2004,"TGO",768,"DEU",276,"Africa",8.619543,0.824782,51.165691,10.451526,5747
2004,"TJK",762,"TKM",795,"Asia",38.861034,71.276093,38.969719,59.556278,12085
2004,"TJK",762,"UZB",860,"Asia",38.861034,71.276093,41.377491,64.585262,39211
2004,"TUR",792,"CHE",756,"Asia",38.963745,35.243322,46.818188,8.227512,6218
2004,"TUR",792,"DEU",276,"Asia",38.963745,35.243322,51.165691,10.451526,130336
2004,"TUR",792,"FRA",250,"Asia",38.963745,35.243322,46.227638,2.213749,9387
2004,"TUR",792,"GBR",826,"Asia",38.963745,35.243322,55.378051,-3.435973,8602
2004,"TUR",792,"IRQ",368,"Asia",38.963745,35.243322,33.223191,43.679291,13571
2004,"UGA",800,"COD",180,"Africa",1.373333,32.290275,-4.038333,21.758664,18958
2004,"UGA",800,"SDN",729,"Africa",1.373333,32.290275,12.862807,30.217636,7901
2004,"UKR",804,"DEU",276,"Europe",48.379433,31.16558,51.165691,10.451526,57777
2004,"UKR",804,"USA",840,"Europe",48.379433,31.16558,37.09024,-95.712891,29052
2004,"VNM",704,"CHN",156,"Asia",14.058324,108.277199,35.86166,104.195397,299287
2004,"VNM",704,"DEU",276,"Asia",14.058324,108.277199,51.165691,10.451526,21261
2004,"VNM",704,"FRA",250,"Asia",14.058324,108.277199,46.227638,2.213749,9132
2004,"VNM",704,"USA",840,"Asia",14.058324,108.277199,37.09024,-95.712891,12489
2004,"ZWE",716,"GBR",826,"Africa",-19.015438,29.154857,55.378051,-3.435973,6505
2004,"ZWE",716,"ZAF",710,"Africa",-19.015438,29.154857,-30.559482,22.937506,8498
2005,"AFG",4,"AUS",36,"Asia",33.93911,67.709953,-25.274398,133.775136,8112
2005,"AFG",4,"CAN",124,"Asia",33.93911,67.709953,56.130366,-106.346771,15759
2005,"AFG",4,"DEU",276,"Asia",33.93911,67.709953,51.165691,10.451526,36136
2005,"AFG",4,"DNK",208,"Asia",33.93911,67.709953,56.26392,9.501785,6461
2005,"AFG",4,"GBR",826,"Asia",33.93911,67.709953,55.378051,-3.435973,22532
2005,"AFG",4,"IND",356,"Asia",33.93911,67.709953,20.593684,78.96288,9720
2005,"AFG",4,"IRN",364,"Asia",33.93911,67.709953,32.427908,53.688046,920304
2005,"AFG",4,"NLD",528,"Asia",33.93911,67.709953,52.132633,5.291266,26564
2005,"AFG",4,"PAK",586,"Asia",33.93911,67.709953,30.375321,69.345116,1086973
2005,"AFG",4,"USA",840,"Asia",33.93911,67.709953,37.09024,-95.712891,8931
2005,"AFG",4,"UZB",860,"Asia",33.93911,67.709953,41.377491,64.585262,5274
2005,"AGO",24,"COD",180,"Africa",-11.202692,17.873887,-4.038333,21.758664,106777
2005,"AGO",24,"ZAF",710,"Africa",-11.202692,17.873887,-30.559482,22.937506,12079
2005,"AGO",24,"ZMB",894,"Africa",-11.202692,17.873887,-13.133897,27.849332,75468
2005,"ALB",8,"USA",840,"Europe",41.153332,20.168331,37.09024,-95.712891,6037
2005,"ARM",51,"DEU",276,"Asia",40.069099,45.038189,51.165691,10.451526,5028
2005,"ARM",51,"USA",840,"Asia",40.069099,45.038189,37.09024,-95.712891,6708
2005,"AZE",31,"ARM",51,"Asia",40.143105,47.576927,40.069099,45.038189,219324
2005,"AZE",31,"DEU",276,"Asia",40.143105,47.576927,51.165691,10.451526,9209
2005,"BDI",108,"COD",180,"Africa",-3.373056,29.918886,-4.038333,21.758664,19056
2005,"BDI",108,"TZA",834,"Africa",-3.373056,29.918886,-6.369028,34.888822,393611
2005,"BDI",108,"ZAF",710,"Africa",-3.373056,29.918886,-30.559482,22.937506,5937
2005,"BGD",50,"ZAF",710,"Asia",23.684994,90.356331,-30.559482,22.937506,6274
2005,"BIH",70,"CHE",756,"Europe",43.915886,17.679076,46.818188,8.227512,6253
2005,"BIH",70,"DEU",276,"Europe",43.915886,17.679076,51.165691,10.451526,10111
2005,"BIH",70,"NLD",528,"Europe",43.915886,17.679076,52.132633,5.291266,6625
2005,"BIH",70,"SRB",688,"Europe",43.915886,17.679076,44.016521,21.005859,46951
2005,"BIH",70,"SWE",752,"Europe",43.915886,17.679076,60.128161,18.643501,6111
2005,"BIH",70,"USA",840,"Europe",43.915886,17.679076,37.09024,-95.712891,20516
2005,"BTN",64,"NPL",524,"Asia",27.514162,90.433601,28.394857,84.124008,107282
2005,"CAF",140,"TCD",148,"Africa",6.611111,20.939444,15.454166,18.732207,41246
2005,"CHN",156,"CAN",124,"Asia",35.86166,104.195397,56.130366,-106.346771,11843
2005,"CHN",156,"IND",356,"Asia",35.86166,104.195397,20.593684,78.96288,77200
2005,"CHN",156,"USA",840,"Asia",35.86166,104.195397,37.09024,-95.712891,36136
2005,"CIV",384,"LBR",430,"Africa",7.539989,-5.54708,6.428055,-9.429499,6599
2005,"CMR",120,"USA",840,"Africa",7.369722,12.354722,37.09024,-95.712891,5750
2005,"COD",180,"AGO",24,"Africa",-4.038333,21.758664,-11.202692,17.873887,14058
2005,"COD",180,"BDI",108,"Africa",-4.038333,21.758664,-3.373056,29.918886,31598
2005,"COD",180,"CAN",124,"Africa",-4.038333,21.758664,56.130366,-106.346771,5460
2005,"COD",180,"COG",178,"Africa",-4.038333,21.758664,-0.228021,15.827659,59299
2005,"COD",180,"DEU",276,"Africa",-4.038333,21.758664,51.165691,10.451526,7490
2005,"COD",180,"FRA",250,"Africa",-4.038333,21.758664,46.227638,2.213749,8537
2005,"COD",180,"GBR",826,"Africa",-4.038333,21.758664,55.378051,-3.435973,6502
2005,"COD",180,"RWA",646,"Africa",-4.038333,21.758664,-1.940278,29.873888,45047
2005,"COD",180,"TZA",834,"Africa",-4.038333,21.758664,-6.369028,34.888822,150112
2005,"COD",180,"UGA",800,"Africa",-4.038333,21.758664,1.373333,32.290275,20900
2005,"COD",180,"ZAF",710,"Africa",-4.038333,21.758664,-30.559482,22.937506,29707
2005,"COD",180,"ZMB",894,"Africa",-4.038333,21.758664,-13.133897,27.849332,61293
2005,"COD",180,"ZWE",716,"Africa",-4.038333,21.758664,-19.015438,29.154857,6536
2005,"COG",178,"COD",180,"Africa",-0.228021,15.827659,-4.038333,21.758664,5253
2005,"COG",178,"GAB",266,"Africa",-0.228021,15.827659,-0.803689,11.609444,9393
2005,"COL",170,"CAN",124,"Americas",4.570868,-74.297333,56.130366,-106.346771,14972
2005,"COL",170,"CRI",188,"Americas",4.570868,-74.297333,9.748917,-83.753428,9470
2005,"COL",170,"ECU",218,"Americas",4.570868,-74.297333,-1.831239,-78.183406,12006
2005,"COL",170,"USA",840,"Americas",4.570868,-74.297333,37.09024,-95.712891,28780
2005,"COL",170,"VEN",862,"Americas",4.570868,-74.297333,6.42375,-66.58973,6220
2005,"CUB",192,"USA",840,"Americas",21.521757,-77.781167,37.09024,-95.712891,16169
2005,"DZA",12,"DEU",276,"Africa",28.033886,1.659626,51.165691,10.451526,5926
2005,"ERI",232,"ETH",231,"Africa",15.179384,39.782334,9.145,40.489673,10700
2005,"ERI",232,"SDN",729,"Africa",15.179384,39.782334,12.862807,30.217636,116910
2005,"ESH",732,"DZA",12,"Africa",24.215527,-12.885834,28.033886,1.659626,90000
2005,"ETH",231,"DEU",276,"Africa",9.145,40.489673,51.165691,10.451526,5872
2005,"ETH",231,"KEN",404,"Africa",9.145,40.489673,-0.023559,37.906193,17494
2005,"ETH",231,"SDN",729,"Africa",9.145,40.489673,12.862807,30.217636,14858
2005,"ETH",231,"USA",840,"Africa",9.145,40.489673,37.09024,-95.712891,14823
2005,"ETH",231,"ZAF",710,"Africa",9.145,40.489673,-30.559482,22.937506,8434
2005,"GHA",288,"DEU",276,"Africa",7.946527,-1.023194,51.165691,10.451526,7521
2005,"GHA",288,"TGO",768,"Africa",7.946527,-1.023194,8.619543,0.824782,8000
2005,"GTM",320,"USA",840,"Americas",15.783471,-90.230759,37.09024,-95.712891,33445
2005,"HRV",191,"BIH",70,"Europe",45.1,15.2,43.915886,17.679076,7458
2005,"HRV",191,"SRB",688,"Europe",45.1,15.2,44.016521,21.005859,100651
2005,"HTI",332,"USA",840,"Americas",18.971187,-72.285215,37.09024,-95.712891,23691
2005,"IDN",360,"MYS",458,"Asia",-0.789275,113.921327,4.210484,101.975766,19751
2005,"IDN",360,"PNG",598,"Asia",-0.789275,113.921327,-6.314993,143.95555,9991
2005,"IDN",360,"USA",840,"Asia",-0.789275,113.921327,37.09024,-95.712891,6696
2005,"IND",356,"DEU",276,"Asia",20.593684,78.96288,51.165691,10.451526,6651
2005,"IND",356,"USA",840,"Asia",20.593684,78.96288,37.09024,-95.712891,8176
2005,"IND",356,"ZAF",710,"Asia",20.593684,78.96288,-30.559482,22.937506,6257
2005,"IRN",364,"CAN",124,"Asia",32.427908,53.688046,56.130366,-106.346771,6026
2005,"IRN",364,"DEU",276,"Asia",32.427908,53.688046,51.165691,10.451526,28899
2005,"IRN",364,"GBR",826,"Asia",32.427908,53.688046,55.378051,-3.435973,9039
2005,"IRN",364,"IRQ",368,"Asia",32.427908,53.688046,33.223191,43.679291,14338
2005,"IRN",364,"NLD",528,"Asia",32.427908,53.688046,52.132633,5.291266,6261
2005,"IRN",364,"SWE",752,"Asia",32.427908,53.688046,60.128161,18.643501,5860
2005,"IRN",364,"USA",840,"Asia",32.427908,53.688046,37.09024,-95.712891,18164
2005,"IRQ",368,"AUS",36,"Asia",33.223191,43.679291,-25.274398,133.775136,10916
2005,"IRQ",368,"DEU",276,"Asia",33.223191,43.679291,51.165691,10.451526,58612
2005,"IRQ",368,"DNK",208,"Asia",33.223191,43.679291,56.26392,9.501785,10728
2005,"IRQ",368,"GBR",826,"Asia",33.223191,43.679291,55.378051,-3.435973,22363
2005,"IRQ",368,"IRN",364,"Asia",33.223191,43.679291,32.427908,53.688046,54000
2005,"IRQ",368,"JOR",400,"Asia",33.223191,43.679291,30.585164,36.238414,16964
2005,"IRQ",368,"NLD",528,"Asia",33.223191,43.679291,52.132633,5.291266,28436
2005,"IRQ",368,"NOR",578,"Asia",33.223191,43.679291,60.472024,8.468946,8459
2005,"IRQ",368,"SWE",752,"Asia",33.223191,43.679291,60.128161,18.643501,23182
2005,"IRQ",368,"SYR",760,"Asia",33.223191,43.679291,34.802075,38.996815,24874
2005,"IRQ",368,"USA",840,"Asia",33.223191,43.679291,37.09024,-95.712891,6470
2005,"KEN",404,"ZAF",710,"Africa",-0.023559,37.906193,-30.559482,22.937506,10371
2005,"KHM",116,"FRA",250,"Asia",12.565679,104.990963,46.227638,2.213749,13736
2005,"LAO",418,"FRA",250,"Asia",19.85627,102.495496,46.227638,2.213749,7668
2005,"LAO",418,"USA",840,"Asia",19.85627,102.495496,37.09024,-95.712891,14957
2005,"LBN",422,"DEU",276,"Asia",33.854721,35.862285,51.165691,10.451526,16394
2005,"LBR",430,"CIV",384,"Africa",6.428055,-9.429499,7.539989,-5.54708,39919
2005,"LBR",430,"GHA",288,"Africa",6.428055,-9.429499,7.946527,-1.023194,39735
2005,"LBR",430,"GIN",324,"Africa",6.428055,-9.429499,9.945587,-9.696645,56175
2005,"LBR",430,"NGA",566,"Africa",6.428055,-9.429499,9.081999,8.675277,6169
2005,"LBR",430,"SLE",694,"Africa",6.428055,-9.429499,8.460555,-11.779889,60083
2005,"LBR",430,"USA",840,"Africa",6.428055,-9.429499,37.09024,-95.712891,22120
2005,"LKA",144,"CAN",124,"Asia",7.873054,80.771797,56.130366,-106.346771,12157
2005,"LKA",144,"DEU",276,"Asia",7.873054,80.771797,51.165691,10.451526,15846
2005,"LKA",144,"FRA",250,"Asia",7.873054,80.771797,46.227638,2.213749,15602
2005,"LKA",144,"GBR",826,"Asia",7.873054,80.771797,55.378051,-3.435973,8098
2005,"LKA",144,"IND",356,"Asia",7.873054,80.771797,20.593684,78.96288,50730
2005,"MDA",498,"DEU",276,"Europe",47.411631,28.369885,51.165691,10.451526,5541
2005,"MDA",498,"USA",840,"Europe",47.411631,28.369885,37.09024,-95.712891,5617
2005,"MEX",484,"USA",840,"Americas",23.634501,-102.552784,37.09024,-95.712891,9937
2005,"MKD",807,"DEU",276,"Europe",41.608635,21.745275,51.165691,10.451526,6832
2005,"MMR",104,"BGD",50,"Asia",21.913965,95.956223,23.684994,90.356331,21105
2005,"MMR",104,"MYS",458,"Asia",21.913965,95.956223,4.210484,101.975766,22475
2005,"MMR",104,"THA",764,"Asia",21.913965,95.956223,15.870032,100.992541,148072
2005,"MMR",104,"USA",840,"Asia",21.913965,95.956223,37.09024,-95.712891,7122
2005,"MRT",478,"MLI",466,"Africa",21.00789,-10.940835,17.570692,-3.996166,6283
2005,"MRT",478,"SEN",686,"Africa",21.00789,-10.940835,14.497401,-14.452362,19771
2005,"NGA",566,"CMR",120,"Africa",9.081999,8.675277,7.369722,12.354722,9728
2005,"NGA",566,"DEU",276,"Africa",9.081999,8.675277,51.165691,10.451526,7154
2005,"NGA",566,"ZAF",710,"Africa",9.081999,8.675277,-30.559482,22.937506,9739
2005,"PAK",586,"CAN",124,"Asia",30.375321,69.345116,56.130366,-106.346771,11646
2005,"PAK",586,"DEU",276,"Asia",30.375321,69.345116,51.165691,10.451526,11968
2005,"PAK",586,"ZAF",710,"Asia",30.375321,69.345116,-30.559482,22.937506,9905
2005,"POL",616,"DEU",276,"Europe",51.919438,19.145136,51.165691,10.451526,18273
2005,"PSE",275,"EGY",818,"Asia",31.952162,35.233154,26.820553,30.802498,70255
2005,"PSE",275,"IRQ",368,"Asia",31.952162,35.233154,33.223191,43.679291,22698
2005,"PSE",275,"LBY",434,"Asia",31.952162,35.233154,26.3351,17.228331,8873
2005,"PSE",275,"SAU",682,"Asia",31.952162,35.233154,23.885942,45.079162,240015
2005,"ROU",642,"DEU",276,"Europe",45.943161,24.96676,51.165691,10.451526,8540
2005,"RUS",643,"AUT",40,"Europe",61.52401,105.318756,47.516231,14.550072,6438
2005,"RUS",643,"BEL",56,"Europe",61.52401,105.318756,50.503887,4.469936,5513
2005,"RUS",643,"DEU",276,"Europe",61.52401,105.318756,51.165691,10.451526,46632
2005,"RUS",643,"FRA",250,"Europe",61.52401,105.318756,46.227638,2.213749,5292
2005,"RUS",643,"POL",616,"Europe",61.52401,105.318756,51.919438,19.145136,5288
2005,"RUS",643,"USA",840,"Europe",61.52401,105.318756,37.09024,-95.712891,21710
2005,"RWA",646,"BDI",108,"Africa",-1.940278,29.873888,-3.373056,29.918886,8960
2005,"RWA",646,"COD",180,"Africa",-1.940278,29.873888,-4.038333,21.758664,42438
2005,"RWA",646,"COG",178,"Africa",-1.940278,29.873888,-0.228021,15.827659,6478
2005,"RWA",646,"UGA",800,"Africa",-1.940278,29.873888,1.373333,32.290275,20500
2005,"RWA",646,"ZMB",894,"Africa",-1.940278,29.873888,-13.133897,27.849332,5678
2005,"SDN",729,"AUS",36,"Africa",12.862807,30.217636,-25.274398,133.775136,18832
2005,"SDN",729,"CAF",140,"Africa",12.862807,30.217636,6.611111,20.939444,20329
2005,"SDN",729,"CAN",124,"Africa",12.862807,30.217636,56.130366,-106.346771,6278
2005,"SDN",729,"COD",180,"Africa",12.862807,30.217636,-4.038333,21.758664,11728
2005,"SDN",729,"EGY",818,"Africa",12.862807,30.217636,26.820553,30.802498,23637
2005,"SDN",729,"ETH",231,"Africa",12.862807,30.217636,9.145,40.489673,73927
2005,"SDN",729,"KEN",404,"Africa",12.862807,30.217636,-0.023559,37.906193,76711
2005,"SDN",729,"TCD",148,"Africa",12.862807,30.217636,15.454166,18.732207,228836
2005,"SDN",729,"UGA",800,"Africa",12.862807,30.217636,1.373333,32.290275,212980
2005,"SDN",729,"USA",840,"Africa",12.862807,30.217636,37.09024,-95.712891,16533
2005,"SEN",686,"GNB",624,"Africa",14.497401,-14.452362,11.803749,-15.180413,7327
2005,"SLE",694,"GIN",324,"Africa",8.460555,-11.779889,9.945587,-9.696645,7140
2005,"SLE",694,"GMB",270,"Africa",8.460555,-11.779889,13.443182,-15.310139,5955
2005,"SLE",694,"USA",840,"Africa",8.460555,-11.779889,37.09024,-95.712891,7489
2005,"SLV",222,"USA",840,"Americas",13.794185,-88.89653,37.09024,-95.712891,45904
2005,"SOM",706,"DJI",262,"Africa",5.152149,46.199616,11.825138,42.590275,9828
2005,"SOM",706,"DNK",208,"Africa",5.152149,46.199616,56.26392,9.501785,6674
2005,"SOM",706,"ETH",231,"Africa",5.152149,46.199616,9.145,40.489673,15901
2005,"SOM",706,"GBR",826,"Africa",5.152149,46.199616,55.378051,-3.435973,36319
2005,"SOM",706,"KEN",404,"Africa",5.152149,46.199616,-0.023559,37.906193,162913
2005,"SOM",706,"NLD",528,"Africa",5.152149,46.199616,52.132633,5.291266,11389
2005,"SOM",706,"NOR",578,"Africa",5.152149,46.199616,60.472024,8.468946,6437
2005,"SOM",706,"USA",840,"Africa",5.152149,46.199616,37.09024,-95.712891,34817
2005,"SOM",706,"YEM",887,"Africa",5.152149,46.199616,15.552727,48.516388,78582
2005,"SOM",706,"ZAF",710,"Africa",5.152149,46.199616,-30.559482,22.937506,19096
2005,"SRB",688,"AUT",40,"Europe",44.016521,21.005859,47.516231,14.550072,5091
2005,"SRB",688,"CHE",756,"Europe",44.016521,21.005859,46.818188,8.227512,11109
2005,"SRB",688,"DEU",276,"Europe",44.016521,21.005859,51.165691,10.451526,111757
2005,"SRB",688,"FRA",250,"Europe",44.016521,21.005859,46.227638,2.213749,6988
2005,"SRB",688,"GBR",826,"Europe",44.016521,21.005859,55.378051,-3.435973,19717
2005,"SRB",688,"SWE",752,"Europe",44.016521,21.005859,60.128161,18.643501,14213
2005,"SYR",760,"DEU",276,"Asia",34.802075,38.996815,51.165691,10.451526,13357
2005,"TCD",148,"CMR",120,"Africa",15.454166,18.732207,7.369722,12.354722,40500
2005,"TCD",148,"SDN",729,"Africa",15.454166,18.732207,12.862807,30.217636,5028
2005,"TGO",768,"BEN",204,"Africa",8.619543,0.824782,9.30769,2.315834,26803
2005,"TGO",768,"DEU",276,"Africa",8.619543,0.824782,51.165691,10.451526,7278
2005,"TGO",768,"GHA",288,"Africa",8.619543,0.824782,7.946527,-1.023194,17793
2005,"TJK",762,"TKM",795,"Asia",38.861034,71.276093,38.969719,59.556278,11173
2005,"TJK",762,"UZB",860,"Asia",38.861034,71.276093,41.377491,64.585262,39207
2005,"TUR",792,"CHE",756,"Asia",38.963745,35.243322,46.818188,8.227512,5910
2005,"TUR",792,"DEU",276,"Asia",38.963745,35.243322,51.165691,10.451526,131258
2005,"TUR",792,"FRA",250,"Asia",38.963745,35.243322,46.227638,2.213749,9676
2005,"TUR",792,"GBR",826,"Asia",38.963745,35.243322,55.378051,-3.435973,9055
2005,"TUR",792,"IRQ",368,"Asia",38.963745,35.243322,33.223191,43.679291,13550
2005,"TZA",834,"ZAF",710,"Africa",-6.369028,34.888822,-30.559482,22.937506,5116
2005,"UGA",800,"COD",180,"Africa",1.373333,32.290275,-4.038333,21.758664,18954
2005,"UGA",800,"SDN",729,"Africa",1.373333,32.290275,12.862807,30.217636,7895
2005,"UKR",804,"DEU",276,"Europe",48.379433,31.16558,51.165691,10.451526,56471
2005,"UKR",804,"USA",840,"Europe",48.379433,31.16558,37.09024,-95.712891,24820
2005,"VNM",704,"CHN",156,"Asia",14.058324,108.277199,35.86166,104.195397,300897
2005,"VNM",704,"DEU",276,"Asia",14.058324,108.277199,51.165691,10.451526,31932
2005,"VNM",704,"FRA",250,"Asia",14.058324,108.277199,46.227638,2.213749,8832
2005,"VNM",704,"USA",840,"Asia",14.058324,108.277199,37.09024,-95.712891,10336
2005,"ZWE",716,"GBR",826,"Africa",-19.015438,29.154857,55.378051,-3.435973,7093
2005,"ZWE",716,"ZAF",710,"Africa",-19.015438,29.154857,-30.559482,22.937506,16092
2006,"AFG",4,"AUS",36,"Asia",33.93911,67.709953,-25.274398,133.775136,7923
2006,"AFG",4,"AUT",40,"Asia",33.93911,67.709953,47.516231,14.550072,5239
2006,"AFG",4,"CAN",124,"Asia",33.93911,67.709953,56.130366,-106.346771,14713
2006,"AFG",4,"DEU",276,"Asia",33.93911,67.709953,51.165691,10.451526,25878
2006,"AFG",4,"DNK",208,"Asia",33.93911,67.709953,56.26392,9.501785,6367
2006,"AFG",4,"GBR",826,"Asia",33.93911,67.709953,55.378051,-3.435973,23069
2006,"AFG",4,"IND",356,"Asia",33.93911,67.709953,20.593684,78.96288,9609
2006,"AFG",4,"IRN",364,"Asia",33.93911,67.709953,32.427908,53.688046,914786
2006,"AFG",4,"NLD",528,"Asia",33.93911,67.709953,52.132633,5.291266,22650
2006,"AFG",4,"PAK",586,"Asia",33.93911,67.709953,30.375321,69.345116,1046075
2006,"AFG",4,"USA",840,"Asia",33.93911,67.709953,37.09024,-95.712891,13348
2006,"AGO",24,"COD",180,"Africa",-11.202692,17.873887,-4.038333,21.758664,132300
2006,"AGO",24,"ZAF",710,"Africa",-11.202692,17.873887,-30.559482,22.937506,5759
2006,"AGO",24,"ZMB",894,"Africa",-11.202692,17.873887,-13.133897,27.849332,42675
2006,"ALB",8,"USA",840,"Europe",41.153332,20.168331,37.09024,-95.712891,9032
2006,"ARM",51,"USA",840,"Asia",40.069099,45.038189,37.09024,-95.712891,9433
2006,"AZE",31,"ARM",51,"Asia",40.143105,47.576927,40.069099,45.038189,113224
2006,"AZE",31,"DEU",276,"Asia",40.143105,47.576927,51.165691,10.451526,5203
2006,"BDI",108,"COD",180,"Africa",-3.373056,29.918886,-4.038333,21.758664,17785
2006,"BDI",108,"TZA",834,"Africa",-3.373056,29.918886,-6.369028,34.888822,352959
2006,"BIH",70,"CHE",756,"Europe",43.915886,17.679076,46.818188,8.227512,5592
2006,"BIH",70,"DEU",276,"Europe",43.915886,17.679076,51.165691,10.451526,28665
2006,"BIH",70,"MNE",499,"Europe",43.915886,17.679076,42.708678,19.37439,5010
2006,"BIH",70,"SRB",688,"Europe",43.915886,17.679076,44.016521,21.005859,27414
2006,"BIH",70,"SWE",752,"Europe",43.915886,17.679076,60.128161,18.643501,5816
2006,"BIH",70,"USA",840,"Europe",43.915886,17.679076,37.09024,-95.712891,114685
2006,"BLR",112,"USA",840,"Europe",53.709807,27.953389,37.09024,-95.712891,6619
2006,"BTN",64,"NPL",524,"Asia",27.514162,90.433601,28.394857,84.124008,109146
2006,"CAF",140,"CMR",120,"Africa",6.611111,20.939444,7.369722,12.354722,23888
2006,"CAF",140,"TCD",148,"Africa",6.611111,20.939444,15.454166,18.732207,48400
2006,"CHN",156,"CAN",124,"Asia",35.86166,104.195397,56.130366,-106.346771,13055
2006,"CHN",156,"IND",356,"Asia",35.86166,104.195397,20.593684,78.96288,77200
2006,"CHN",156,"USA",840,"Asia",35.86166,104.195397,37.09024,-95.712891,52158
2006,"CIV",384,"GIN",324,"Africa",7.539989,-5.54708,9.945587,-9.696645,5021
2006,"CIV",384,"LBR",430,"Africa",7.539989,-5.54708,6.428055,-9.429499,12596
2006,"CMR",120,"USA",840,"Africa",7.369722,12.354722,37.09024,-95.712891,7582
2006,"COD",180,"AGO",24,"Africa",-4.038333,21.758664,-11.202692,17.873887,13199
2006,"COD",180,"BDI",108,"Africa",-4.038333,21.758664,-3.373056,29.918886,19711
2006,"COD",180,"CAN",124,"Africa",-4.038333,21.758664,56.130366,-106.346771,5643
2006,"COD",180,"COG",178,"Africa",-4.038333,21.758664,-0.228021,15.827659,49733
2006,"COD",180,"FRA",250,"Africa",-4.038333,21.758664,46.227638,2.213749,8924
2006,"COD",180,"GBR",826,"Africa",-4.038333,21.758664,55.378051,-3.435973,6882
2006,"COD",180,"RWA",646,"Africa",-4.038333,21.758664,-1.940278,29.873888,49648
2006,"COD",180,"TZA",834,"Africa",-4.038333,21.758664,-6.369028,34.888822,128003
2006,"COD",180,"UGA",800,"Africa",-4.038333,21.758664,1.373333,32.290275,28766
2006,"COD",180,"USA",840,"Africa",-4.038333,21.758664,37.09024,-95.712891,5558
2006,"COD",180,"ZAF",710,"Africa",-4.038333,21.758664,-30.559482,22.937506,10772
2006,"COD",180,"ZMB",894,"Africa",-4.038333,21.758664,-13.133897,27.849332,60967
2006,"COG",178,"GAB",266,"Africa",-0.228021,15.827659,-0.803689,11.609444,9440
2006,"COL",170,"CAN",124,"Americas",4.570868,-74.297333,56.130366,-106.346771,18790
2006,"COL",170,"CRI",188,"Americas",4.570868,-74.297333,9.748917,-83.753428,10006
2006,"COL",170,"ECU",218,"Americas",4.570868,-74.297333,-1.831239,-78.183406,16146
2006,"COL",170,"USA",840,"Americas",4.570868,-74.297333,37.09024,-95.712891,30866
2006,"COL",170,"VEN",862,"Americas",4.570868,-74.297333,6.42375,-66.58973,8320
2006,"CUB",192,"USA",840,"Americas",21.521757,-77.781167,37.09024,-95.712891,30111
2006,"EGY",818,"USA",840,"Africa",26.820553,30.802498,37.09024,-95.712891,5288
2006,"ERI",232,"ETH",231,"Africa",15.179384,39.782334,9.145,40.489673,13078
2006,"ERI",232,"ITA",380,"Africa",15.179384,39.782334,41.87194,12.56738,5021
2006,"ERI",232,"SDN",729,"Africa",15.179384,39.782334,12.862807,30.217636,157645
2006,"ESH",732,"DZA",12,"Africa",24.215527,-12.885834,28.033886,1.659626,90000
2006,"ETH",231,"KEN",404,"Africa",9.145,40.489673,-0.023559,37.906193,21640
2006,"ETH",231,"SDN",729,"Africa",9.145,40.489673,12.862807,30.217636,14690
2006,"ETH",231,"USA",840,"Africa",9.145,40.489673,37.09024,-95.712891,25987
2006,"GTM",320,"USA",840,"Americas",15.783471,-90.230759,37.09024,-95.712891,25168
2006,"HRV",191,"BIH",70,"Europe",45.1,15.2,43.915886,17.679076,7274
2006,"HRV",191,"SRB",688,"Europe",45.1,15.2,44.016521,21.005859,71111
2006,"HRV",191,"USA",840,"Europe",45.1,15.2,37.09024,-95.712891,6544
2006,"HTI",332,"USA",840,"Americas",18.971187,-72.285215,37.09024,-95.712891,26976
2006,"IDN",360,"MYS",458,"Asia",-0.789275,113.921327,4.210484,101.975766,15703
2006,"IDN",360,"PNG",598,"Asia",-0.789275,113.921327,-6.314993,143.95555,10177
2006,"IDN",360,"USA",840,"Asia",-0.789275,113.921327,37.09024,-95.712891,9199
2006,"IND",356,"USA",840,"Asia",20.593684,78.96288,37.09024,-95.712891,12693
2006,"IRN",364,"CAN",124,"Asia",32.427908,53.688046,56.130366,-106.346771,5256
2006,"IRN",364,"DEU",276,"Asia",32.427908,53.688046,51.165691,10.451526,17137
2006,"IRN",364,"GBR",826,"Asia",32.427908,53.688046,55.378051,-3.435973,9566
2006,"IRN",364,"IRQ",368,"Asia",32.427908,53.688046,33.223191,43.679291,12776
2006,"IRN",364,"NLD",528,"Asia",32.427908,53.688046,52.132633,5.291266,5354
2006,"IRN",364,"SWE",752,"Asia",32.427908,53.688046,60.128161,18.643501,5821
2006,"IRN",364,"USA",840,"Asia",32.427908,53.688046,37.09024,-95.712891,34475
2006,"IRQ",368,"AUS",36,"Asia",33.223191,43.679291,-25.274398,133.775136,11233
2006,"IRQ",368,"CHE",756,"Asia",33.223191,43.679291,46.818188,8.227512,5354
2006,"IRQ",368,"DEU",276,"Asia",33.223191,43.679291,51.165691,10.451526,41432
2006,"IRQ",368,"DNK",208,"Asia",33.223191,43.679291,56.26392,9.501785,9954
2006,"IRQ",368,"GBR",826,"Asia",33.223191,43.679291,55.378051,-3.435973,21984
2006,"IRQ",368,"IRN",364,"Asia",33.223191,43.679291,32.427908,53.688046,54450
2006,"IRQ",368,"JOR",400,"Asia",33.223191,43.679291,30.585164,36.238414,518950
2006,"IRQ",368,"LBN",422,"Asia",33.223191,43.679291,33.854721,35.862285,22429
2006,"IRQ",368,"NLD",528,"Asia",33.223191,43.679291,52.132633,5.291266,23729
2006,"IRQ",368,"NOR",578,"Asia",33.223191,43.679291,60.472024,8.468946,9979
2006,"IRQ",368,"SWE",752,"Asia",33.223191,43.679291,60.128161,18.643501,29564
2006,"IRQ",368,"SYR",760,"Asia",33.223191,43.679291,34.802075,38.996815,7e+05
2006,"IRQ",368,"USA",840,"Asia",33.223191,43.679291,37.09024,-95.712891,20309
2006,"KHM",116,"FRA",250,"Asia",12.565679,104.990963,46.227638,2.213749,13514
2006,"LAO",418,"FRA",250,"Asia",19.85627,102.495496,46.227638,2.213749,7599
2006,"LAO",418,"USA",840,"Asia",19.85627,102.495496,37.09024,-95.712891,16849
2006,"LBN",422,"DEU",276,"Asia",33.854721,35.862285,51.165691,10.451526,10295
2006,"LBR",430,"CIV",384,"Africa",6.428055,-9.429499,7.539989,-5.54708,25621
2006,"LBR",430,"GHA",288,"Africa",6.428055,-9.429499,7.946527,-1.023194,36704
2006,"LBR",430,"GIN",324,"Africa",6.428055,-9.429499,9.945587,-9.696645,23192
2006,"LBR",430,"NGA",566,"Africa",6.428055,-9.429499,9.081999,8.675277,5952
2006,"LBR",430,"SLE",694,"Africa",6.428055,-9.429499,8.460555,-11.779889,27311
2006,"LBR",430,"USA",840,"Africa",6.428055,-9.429499,37.09024,-95.712891,34516
2006,"LKA",144,"CAN",124,"Asia",7.873054,80.771797,56.130366,-106.346771,10963
2006,"LKA",144,"DEU",276,"Asia",7.873054,80.771797,51.165691,10.451526,6277
2006,"LKA",144,"FRA",250,"Asia",7.873054,80.771797,46.227638,2.213749,15669
2006,"LKA",144,"GBR",826,"Asia",7.873054,80.771797,55.378051,-3.435973,8223
2006,"LKA",144,"IND",356,"Asia",7.873054,80.771797,20.593684,78.96288,69609
2006,"MDA",498,"USA",840,"Europe",47.411631,28.369885,37.09024,-95.712891,8440
2006,"MEX",484,"CAN",124,"Americas",23.634501,-102.552784,56.130366,-106.346771,7149
2006,"MEX",484,"USA",840,"Americas",23.634501,-102.552784,37.09024,-95.712891,7934
2006,"MKD",807,"DEU",276,"Europe",41.608635,21.745275,51.165691,10.451526,6266
2006,"MMR",104,"BGD",50,"Asia",21.913965,95.956223,23.684994,90.356331,26335
2006,"MMR",104,"MYS",458,"Asia",21.913965,95.956223,4.210484,101.975766,28298
2006,"MMR",104,"THA",764,"Asia",21.913965,95.956223,15.870032,100.992541,150104
2006,"MMR",104,"USA",840,"Asia",21.913965,95.956223,37.09024,-95.712891,11907
2006,"MRT",478,"MLI",466,"Africa",21.00789,-10.940835,17.570692,-3.996166,6294
2006,"MRT",478,"SEN",686,"Africa",21.00789,-10.940835,14.497401,-14.452362,19689
2006,"PAK",586,"CAN",124,"Asia",30.375321,69.345116,56.130366,-106.346771,11598
2006,"PAK",586,"USA",840,"Asia",30.375321,69.345116,37.09024,-95.712891,5315
2006,"POL",616,"DEU",276,"Europe",51.919438,19.145136,51.165691,10.451526,12193
2006,"PSE",275,"EGY",818,"Asia",31.952162,35.233154,26.820553,30.802498,70203
2006,"PSE",275,"IRQ",368,"Asia",31.952162,35.233154,33.223191,43.679291,15000
2006,"PSE",275,"SAU",682,"Asia",31.952162,35.233154,23.885942,45.079162,240016
2006,"RUS",643,"AUT",40,"Europe",61.52401,105.318756,47.516231,14.550072,15700
2006,"RUS",643,"BEL",56,"Europe",61.52401,105.318756,50.503887,4.469936,6155
2006,"RUS",643,"DEU",276,"Europe",61.52401,105.318756,51.165691,10.451526,28867
2006,"RUS",643,"FRA",250,"Europe",61.52401,105.318756,46.227638,2.213749,5945
2006,"RUS",643,"POL",616,"Europe",61.52401,105.318756,51.919438,19.145136,7795
2006,"RUS",643,"USA",840,"Europe",61.52401,105.318756,37.09024,-95.712891,89151
2006,"RWA",646,"COD",180,"Africa",-1.940278,29.873888,-4.038333,21.758664,37348
2006,"RWA",646,"COG",178,"Africa",-1.940278,29.873888,-0.228021,15.827659,6564
2006,"RWA",646,"UGA",800,"Africa",-1.940278,29.873888,1.373333,32.290275,24934
2006,"SDN",729,"AUS",36,"Africa",12.862807,30.217636,-25.274398,133.775136,21246
2006,"SDN",729,"CAF",140,"Africa",12.862807,30.217636,6.611111,20.939444,8303
2006,"SDN",729,"CAN",124,"Africa",12.862807,30.217636,56.130366,-106.346771,6309
2006,"SDN",729,"COD",180,"Africa",12.862807,30.217636,-4.038333,21.758664,6186
2006,"SDN",729,"EGY",818,"Africa",12.862807,30.217636,26.820553,30.802498,24678
2006,"SDN",729,"ETH",231,"Africa",12.862807,30.217636,9.145,40.489673,66996
2006,"SDN",729,"KEN",404,"Africa",12.862807,30.217636,-0.023559,37.906193,73127
2006,"SDN",729,"TCD",148,"Africa",12.862807,30.217636,15.454166,18.732207,233025
2006,"SDN",729,"UGA",800,"Africa",12.862807,30.217636,1.373333,32.290275,215722
2006,"SDN",729,"USA",840,"Africa",12.862807,30.217636,37.09024,-95.712891,28280
2006,"SEN",686,"GMB",270,"Africa",14.497401,-14.452362,13.443182,-15.310139,7546
2006,"SEN",686,"GNB",624,"Africa",14.497401,-14.452362,11.803749,-15.180413,7642
2006,"SLE",694,"GIN",324,"Africa",8.460555,-11.779889,9.945587,-9.696645,7010
2006,"SLE",694,"GMB",270,"Africa",8.460555,-11.779889,13.443182,-15.310139,5955
2006,"SLE",694,"USA",840,"Africa",8.460555,-11.779889,37.09024,-95.712891,10562
2006,"SLV",222,"USA",840,"Americas",13.794185,-88.89653,37.09024,-95.712891,31560
2006,"SOM",706,"DJI",262,"Africa",5.152149,46.199616,11.825138,42.590275,8642
2006,"SOM",706,"DNK",208,"Africa",5.152149,46.199616,56.26392,9.501785,5123
2006,"SOM",706,"ETH",231,"Africa",5.152149,46.199616,9.145,40.489673,16584
2006,"SOM",706,"GBR",826,"Africa",5.152149,46.199616,55.378051,-3.435973,34138
2006,"SOM",706,"KEN",404,"Africa",5.152149,46.199616,-0.023559,37.906193,185501
2006,"SOM",706,"NLD",528,"Africa",5.152149,46.199616,52.132633,5.291266,8798
2006,"SOM",706,"NOR",578,"Africa",5.152149,46.199616,60.472024,8.468946,7670
2006,"SOM",706,"USA",840,"Africa",5.152149,46.199616,37.09024,-95.712891,73056
2006,"SOM",706,"YEM",887,"Africa",5.152149,46.199616,15.552727,48.516388,91587
2006,"SOM",706,"ZAF",710,"Africa",5.152149,46.199616,-30.559482,22.937506,7818
2006,"SRB",688,"AUT",40,"Europe",44.016521,21.005859,47.516231,14.550072,12017
2006,"SRB",688,"CHE",756,"Europe",44.016521,21.005859,46.818188,8.227512,10306
2006,"SRB",688,"DEU",276,"Europe",44.016521,21.005859,51.165691,10.451526,82895
2006,"SRB",688,"FRA",250,"Europe",44.016521,21.005859,46.227638,2.213749,7334
2006,"SRB",688,"GBR",826,"Europe",44.016521,21.005859,55.378051,-3.435973,18331
2006,"SRB",688,"SWE",752,"Europe",44.016521,21.005859,60.128161,18.643501,13406
2006,"SRB",688,"USA",840,"Europe",44.016521,21.005859,37.09024,-95.712891,19623
2006,"SYR",760,"DEU",276,"Asia",34.802075,38.996815,51.165691,10.451526,7961
2006,"TCD",148,"CMR",120,"Africa",15.454166,18.732207,7.369722,12.354722,8499
2006,"TCD",148,"SDN",729,"Africa",15.454166,18.732207,12.862807,30.217636,25023
2006,"TGO",768,"BEN",204,"Africa",8.619543,0.824782,9.30769,2.315834,9600
2006,"TGO",768,"GHA",288,"Africa",8.619543,0.824782,7.946527,-1.023194,12200
2006,"TUR",792,"CHE",756,"Asia",38.963745,35.243322,46.818188,8.227512,5877
2006,"TUR",792,"DEU",276,"Asia",38.963745,35.243322,51.165691,10.451526,181344
2006,"TUR",792,"FRA",250,"Asia",38.963745,35.243322,46.227638,2.213749,10059
2006,"TUR",792,"GBR",826,"Asia",38.963745,35.243322,55.378051,-3.435973,9200
2006,"TUR",792,"IRQ",368,"Asia",38.963745,35.243322,33.223191,43.679291,17098
2006,"UGA",800,"COD",180,"Africa",1.373333,32.290275,-4.038333,21.758664,13904
2006,"UKR",804,"DEU",276,"Europe",48.379433,31.16558,51.165691,10.451526,16572
2006,"UKR",804,"USA",840,"Europe",48.379433,31.16558,37.09024,-95.712891,44101
2006,"UZB",860,"USA",840,"Asia",41.377491,64.585262,37.09024,-95.712891,5664
2006,"VEN",862,"USA",840,"Americas",6.42375,-66.58973,37.09024,-95.712891,5428
2006,"VNM",704,"CHN",156,"Asia",14.058324,108.277199,35.86166,104.195397,300897
2006,"VNM",704,"DEU",276,"Asia",14.058324,108.277199,51.165691,10.451526,12558
2006,"VNM",704,"FRA",250,"Asia",14.058324,108.277199,46.227638,2.213749,8750
2006,"VNM",704,"USA",840,"Asia",14.058324,108.277199,37.09024,-95.712891,45869
2006,"ZWE",716,"GBR",826,"Africa",-19.015438,29.154857,55.378051,-3.435973,8062
2007,"AFG",4,"AUS",36,"Asia",33.93911,67.709953,-25.274398,133.775136,5002
2007,"AFG",4,"AUT",40,"Asia",33.93911,67.709953,47.516231,14.550072,5735
2007,"AFG",4,"DEU",276,"Asia",33.93911,67.709953,51.165691,10.451526,26459
2007,"AFG",4,"DNK",208,"Asia",33.93911,67.709953,56.26392,9.501785,5436
2007,"AFG",4,"GBR",826,"Asia",33.93911,67.709953,55.378051,-3.435973,23565
2007,"AFG",4,"IND",356,"Asia",33.93911,67.709953,20.593684,78.96288,9701
2007,"AFG",4,"IRN",364,"Asia",33.93911,67.709953,32.427908,53.688046,907038
2007,"AFG",4,"NLD",528,"Asia",33.93911,67.709953,52.132633,5.291266,17296
2007,"AFG",4,"PAK",586,"Asia",33.93911,67.709953,30.375321,69.345116,2036934
2007,"AGO",24,"COD",180,"Africa",-11.202692,17.873887,-4.038333,21.758664,112680
2007,"AGO",24,"NAM",516,"Africa",-11.202692,17.873887,-22.95764,18.49041,5705
2007,"AGO",24,"ZAF",710,"Africa",-11.202692,17.873887,-30.559482,22.937506,5817
2007,"AGO",24,"ZMB",894,"Africa",-11.202692,17.873887,-13.133897,27.849332,40757
2007,"ALB",8,"USA",840,"Europe",41.153332,20.168331,37.09024,-95.712891,8363
2007,"ARM",51,"USA",840,"Asia",40.069099,45.038189,37.09024,-95.712891,8951
2007,"AZE",31,"DEU",276,"Asia",40.143105,47.576927,51.165691,10.451526,5453
2007,"BDI",108,"COD",180,"Africa",-3.373056,29.918886,-4.038333,21.758664,17608
2007,"BDI",108,"TZA",834,"Africa",-3.373056,29.918886,-6.369028,34.888822,336491
2007,"BIH",70,"DEU",276,"Europe",43.915886,17.679076,51.165691,10.451526,26580
2007,"BIH",70,"MNE",499,"Europe",43.915886,17.679076,42.708678,19.37439,6166
2007,"BIH",70,"SRB",688,"Europe",43.915886,17.679076,44.016521,21.005859,27328
2007,"BTN",64,"NPL",524,"Asia",27.514162,90.433601,28.394857,84.124008,111860
2007,"CAF",140,"CMR",120,"Africa",6.611111,20.939444,7.369722,12.354722,49265
2007,"CAF",140,"TCD",148,"Africa",6.611111,20.939444,15.454166,18.732207,46181
2007,"CHN",156,"CAN",124,"Asia",35.86166,104.195397,56.130366,-106.346771,17292
2007,"CHN",156,"IND",356,"Asia",35.86166,104.195397,20.593684,78.96288,77200
2007,"CHN",156,"USA",840,"Asia",35.86166,104.195397,37.09024,-95.712891,54029
2007,"CIV",384,"LBR",430,"Africa",7.539989,-5.54708,6.428055,-9.429499,6918
2007,"CMR",120,"USA",840,"Africa",7.369722,12.354722,37.09024,-95.712891,7797
2007,"COD",180,"AGO",24,"Africa",-4.038333,21.758664,-11.202692,17.873887,11964
2007,"COD",180,"BDI",108,"Africa",-4.038333,21.758664,-3.373056,29.918886,31374
2007,"COD",180,"CAN",124,"Africa",-4.038333,21.758664,56.130366,-106.346771,6529
2007,"COD",180,"COG",178,"Africa",-4.038333,21.758664,-0.228021,15.827659,31300
2007,"COD",180,"FRA",250,"Africa",-4.038333,21.758664,46.227638,2.213749,9329
2007,"COD",180,"GBR",826,"Africa",-4.038333,21.758664,55.378051,-3.435973,6988
2007,"COD",180,"RWA",646,"Africa",-4.038333,21.758664,-1.940278,29.873888,51319
2007,"COD",180,"TZA",834,"Africa",-4.038333,21.758664,-6.369028,34.888822,97135
2007,"COD",180,"UGA",800,"Africa",-4.038333,21.758664,1.373333,32.290275,41782
2007,"COD",180,"ZAF",710,"Africa",-4.038333,21.758664,-30.559482,22.937506,22250
2007,"COD",180,"ZMB",894,"Africa",-4.038333,21.758664,-13.133897,27.849332,55451
2007,"COG",178,"GAB",266,"Africa",-0.228021,15.827659,-0.803689,11.609444,9726
2007,"COL",170,"BRA",76,"Americas",4.570868,-74.297333,-14.235004,-51.92528,17579
2007,"COL",170,"CAN",124,"Americas",4.570868,-74.297333,56.130366,-106.346771,14922
2007,"COL",170,"CRI",188,"Americas",4.570868,-74.297333,9.748917,-83.753428,10215
2007,"COL",170,"ECU",218,"Americas",4.570868,-74.297333,-1.831239,-78.183406,288668
2007,"COL",170,"PAN",591,"Americas",4.570868,-74.297333,8.537981,-80.782127,16377
2007,"COL",170,"USA",840,"Americas",4.570868,-74.297333,37.09024,-95.712891,28976
2007,"COL",170,"VEN",862,"Americas",4.570868,-74.297333,6.42375,-66.58973,210333
2007,"EGY",818,"USA",840,"Africa",26.820553,30.802498,37.09024,-95.712891,5347
2007,"ERI",232,"ETH",231,"Africa",15.179384,39.782334,9.145,40.489673,20758
2007,"ERI",232,"GBR",826,"Africa",15.179384,39.782334,55.378051,-3.435973,6427
2007,"ERI",232,"ITA",380,"Africa",15.179384,39.782334,41.87194,12.56738,7404
2007,"ERI",232,"SDN",729,"Africa",15.179384,39.782334,12.862807,30.217636,163496
2007,"ESH",732,"DZA",12,"Africa",24.215527,-12.885834,28.033886,1.659626,90000
2007,"ESH",732,"MRT",478,"Africa",24.215527,-12.885834,21.00789,-10.940835,26000
2007,"ETH",231,"KEN",404,"Africa",9.145,40.489673,-0.023559,37.906193,21597
2007,"ETH",231,"SDN",729,"Africa",9.145,40.489673,12.862807,30.217636,15442
2007,"ETH",231,"SOM",706,"Africa",9.145,40.489673,5.152149,46.199616,9514
2007,"ETH",231,"USA",840,"Africa",9.145,40.489673,37.09024,-95.712891,13535
2007,"ETH",231,"ZAF",710,"Africa",9.145,40.489673,-30.559482,22.937506,7266
2007,"GEO",268,"UKR",804,"Asia",42.315407,43.356892,48.379433,31.16558,5101
2007,"GTM",320,"USA",840,"Americas",15.783471,-90.230759,37.09024,-95.712891,19805
2007,"HRV",191,"BIH",70,"Europe",45.1,15.2,43.915886,17.679076,7163
2007,"HRV",191,"DEU",276,"Europe",45.1,15.2,51.165691,10.451526,17767
2007,"HRV",191,"SRB",688,"Europe",45.1,15.2,44.016521,21.005859,70169
2007,"HTI",332,"CAN",124,"Americas",18.971187,-72.285215,56.130366,-106.346771,5476
2007,"HTI",332,"USA",840,"Americas",18.971187,-72.285215,37.09024,-95.712891,23675
2007,"IDN",360,"PNG",598,"Asia",-0.789275,113.921327,-6.314993,143.95555,10000
2007,"IDN",360,"USA",840,"Asia",-0.789275,113.921327,37.09024,-95.712891,9216
2007,"IND",356,"CAN",124,"Asia",20.593684,78.96288,56.130366,-106.346771,8095
2007,"IND",356,"USA",840,"Asia",20.593684,78.96288,37.09024,-95.712891,11247
2007,"IRN",364,"CAN",124,"Asia",32.427908,53.688046,56.130366,-106.346771,6585
2007,"IRN",364,"DEU",276,"Asia",32.427908,53.688046,51.165691,10.451526,17586
2007,"IRN",364,"GBR",826,"Asia",32.427908,53.688046,55.378051,-3.435973,10227
2007,"IRN",364,"IRQ",368,"Asia",32.427908,53.688046,33.223191,43.679291,12176
2007,"IRN",364,"USA",840,"Asia",32.427908,53.688046,37.09024,-95.712891,7371
2007,"IRQ",368,"AUS",36,"Asia",33.223191,43.679291,-25.274398,133.775136,5919
2007,"IRQ",368,"CHE",756,"Asia",33.223191,43.679291,46.818188,8.227512,5329
2007,"IRQ",368,"DEU",276,"Asia",33.223191,43.679291,51.165691,10.451526,39884
2007,"IRQ",368,"DNK",208,"Asia",33.223191,43.679291,56.26392,9.501785,8530
2007,"IRQ",368,"EGY",818,"Asia",33.223191,43.679291,26.820553,30.802498,10477
2007,"IRQ",368,"GBR",826,"Asia",33.223191,43.679291,55.378051,-3.435973,22021
2007,"IRQ",368,"IRN",364,"Asia",33.223191,43.679291,32.427908,53.688046,57548
2007,"IRQ",368,"JOR",400,"Asia",33.223191,43.679291,30.585164,36.238414,5e+05
2007,"IRQ",368,"KWT",414,"Asia",33.223191,43.679291,29.31166,47.481766,30476
2007,"IRQ",368,"LBN",422,"Asia",33.223191,43.679291,33.854721,35.862285,50224
2007,"IRQ",368,"NLD",528,"Asia",33.223191,43.679291,52.132633,5.291266,19234
2007,"IRQ",368,"NOR",578,"Asia",33.223191,43.679291,60.472024,8.468946,9029
2007,"IRQ",368,"SWE",752,"Asia",33.223191,43.679291,60.128161,18.643501,41805
2007,"IRQ",368,"SYR",760,"Asia",33.223191,43.679291,34.802075,38.996815,1500000
2007,"KHM",116,"FRA",250,"Asia",12.565679,104.990963,46.227638,2.213749,13370
2007,"LAO",418,"FRA",250,"Asia",19.85627,102.495496,46.227638,2.213749,7550
2007,"LBN",422,"DEU",276,"Asia",33.854721,35.862285,51.165691,10.451526,10076
2007,"LBR",430,"CIV",384,"Africa",6.428055,-9.429499,7.539989,-5.54708,24152
2007,"LBR",430,"GHA",288,"Africa",6.428055,-9.429499,7.946527,-1.023194,26967
2007,"LBR",430,"GIN",324,"Africa",6.428055,-9.429499,9.945587,-9.696645,15955
2007,"LBR",430,"NGA",566,"Africa",6.428055,-9.429499,9.081999,8.675277,5701
2007,"LBR",430,"SLE",694,"Africa",6.428055,-9.429499,8.460555,-11.779889,8738
2007,"LBR",430,"USA",840,"Africa",6.428055,-9.429499,37.09024,-95.712891,6376
2007,"LKA",144,"CAN",124,"Asia",7.873054,80.771797,56.130366,-106.346771,22352
2007,"LKA",144,"DEU",276,"Asia",7.873054,80.771797,51.165691,10.451526,6950
2007,"LKA",144,"FRA",250,"Asia",7.873054,80.771797,46.227638,2.213749,16605
2007,"LKA",144,"GBR",826,"Asia",7.873054,80.771797,55.378051,-3.435973,8554
2007,"LKA",144,"IND",356,"Asia",7.873054,80.771797,20.593684,78.96288,72934
2007,"MEX",484,"CAN",124,"Americas",23.634501,-102.552784,56.130366,-106.346771,12524
2007,"MEX",484,"USA",840,"Americas",23.634501,-102.552784,37.09024,-95.712891,7595
2007,"MKD",807,"DEU",276,"Europe",41.608635,21.745275,51.165691,10.451526,6034
2007,"MMR",104,"BGD",50,"Asia",21.913965,95.956223,23.684994,90.356331,27574
2007,"MMR",104,"MYS",458,"Asia",21.913965,95.956223,4.210484,101.975766,33306
2007,"MMR",104,"THA",764,"Asia",21.913965,95.956223,15.870032,100.992541,137323
2007,"MMR",104,"USA",840,"Asia",21.913965,95.956223,37.09024,-95.712891,5524
2007,"MRT",478,"MLI",466,"Africa",21.00789,-10.940835,17.570692,-3.996166,6293
2007,"MRT",478,"SEN",686,"Africa",21.00789,-10.940835,14.497401,-14.452362,19561
2007,"MWI",454,"ZAF",710,"Africa",-13.254308,34.301525,-30.559482,22.937506,8182
2007,"PAK",586,"CAN",124,"Asia",30.375321,69.345116,56.130366,-106.346771,16483
2007,"PSE",275,"EGY",818,"Asia",31.952162,35.233154,26.820553,30.802498,70232
2007,"PSE",275,"IRQ",368,"Asia",31.952162,35.233154,33.223191,43.679291,14937
2007,"PSE",275,"KWT",414,"Asia",31.952162,35.233154,29.31166,47.481766,6104
2007,"PSE",275,"SAU",682,"Asia",31.952162,35.233154,23.885942,45.079162,240016
2007,"RUS",643,"AUT",40,"Europe",61.52401,105.318756,47.516231,14.550072,17132
2007,"RUS",643,"BEL",56,"Europe",61.52401,105.318756,50.503887,4.469936,5150
2007,"RUS",643,"DEU",276,"Europe",61.52401,105.318756,51.165691,10.451526,32719
2007,"RUS",643,"FRA",250,"Europe",61.52401,105.318756,46.227638,2.213749,6613
2007,"RUS",643,"POL",616,"Europe",61.52401,105.318756,51.919438,19.145136,15008
2007,"RUS",643,"USA",840,"Europe",61.52401,105.318756,37.09024,-95.712891,9263
2007,"RWA",646,"COD",180,"Africa",-1.940278,29.873888,-4.038333,21.758664,29847
2007,"RWA",646,"COG",178,"Africa",-1.940278,29.873888,-0.228021,15.827659,7941
2007,"RWA",646,"UGA",800,"Africa",-1.940278,29.873888,1.373333,32.290275,20914
2007,"SDN",729,"EGY",818,"Africa",12.862807,30.217636,26.820553,30.802498,23725
2007,"SDN",729,"ETH",231,"Africa",12.862807,30.217636,9.145,40.489673,35507
2007,"SDN",729,"KEN",404,"Africa",12.862807,30.217636,-0.023559,37.906193,46216
2007,"SDN",729,"TCD",148,"Africa",12.862807,30.217636,15.454166,18.732207,242563
2007,"SDN",729,"UGA",800,"Africa",12.862807,30.217636,1.373333,32.290275,162110
2007,"SEN",686,"GMB",270,"Africa",14.497401,-14.452362,13.443182,-15.310139,7546
2007,"SEN",686,"GNB",624,"Africa",14.497401,-14.452362,11.803749,-15.180413,7643
2007,"SLE",694,"GIN",324,"Africa",8.460555,-11.779889,9.945587,-9.696645,8147
2007,"SLE",694,"GMB",270,"Africa",8.460555,-11.779889,13.443182,-15.310139,6465
2007,"SLV",222,"USA",840,"Americas",13.794185,-88.89653,37.09024,-95.712891,21582
2007,"SOM",706,"CAN",124,"Africa",5.152149,46.199616,56.130366,-106.346771,7537
2007,"SOM",706,"DJI",262,"Africa",5.152149,46.199616,11.825138,42.590275,6000
2007,"SOM",706,"EGY",818,"Africa",5.152149,46.199616,26.820553,30.802498,5289
2007,"SOM",706,"ETH",231,"Africa",5.152149,46.199616,9.145,40.489673,25856
2007,"SOM",706,"GBR",826,"Africa",5.152149,46.199616,55.378051,-3.435973,33659
2007,"SOM",706,"KEN",404,"Africa",5.152149,46.199616,-0.023559,37.906193,193130
2007,"SOM",706,"NLD",528,"Africa",5.152149,46.199616,52.132633,5.291266,7919
2007,"SOM",706,"NOR",578,"Africa",5.152149,46.199616,60.472024,8.468946,7695
2007,"SOM",706,"SWE",752,"Africa",5.152149,46.199616,60.128161,18.643501,7275
2007,"SOM",706,"SYR",760,"Africa",5.152149,46.199616,34.802075,38.996815,5179
2007,"SOM",706,"UGA",800,"Africa",5.152149,46.199616,1.373333,32.290275,5628
2007,"SOM",706,"USA",840,"Africa",5.152149,46.199616,37.09024,-95.712891,12529
2007,"SOM",706,"YEM",887,"Africa",5.152149,46.199616,15.552727,48.516388,110616
2007,"SOM",706,"ZAF",710,"Africa",5.152149,46.199616,-30.559482,22.937506,12565
2007,"SRB",688,"AUT",40,"Europe",44.016521,21.005859,47.516231,14.550072,11114
2007,"SRB",688,"CHE",756,"Europe",44.016521,21.005859,46.818188,8.227512,8682
2007,"SRB",688,"DEU",276,"Europe",44.016521,21.005859,51.165691,10.451526,95591
2007,"SRB",688,"FRA",250,"Europe",44.016521,21.005859,46.227638,2.213749,7848
2007,"SRB",688,"GBR",826,"Europe",44.016521,21.005859,55.378051,-3.435973,16237
2007,"SRB",688,"SWE",752,"Europe",44.016521,21.005859,60.128161,18.643501,11810
2007,"SYR",760,"DEU",276,"Asia",34.802075,38.996815,51.165691,10.451526,8410
2007,"TCD",148,"CMR",120,"Africa",15.454166,18.732207,7.369722,12.354722,6440
2007,"TCD",148,"SDN",729,"Africa",15.454166,18.732207,12.862807,30.217636,45024
2007,"TGO",768,"BEN",204,"Africa",8.619543,0.824782,9.30769,2.315834,6234
2007,"TGO",768,"GHA",288,"Africa",8.619543,0.824782,7.946527,-1.023194,7252
2007,"TUR",792,"CAN",124,"Asia",38.963745,35.243322,56.130366,-106.346771,5080
2007,"TUR",792,"CHE",756,"Asia",38.963745,35.243322,46.818188,8.227512,5700
2007,"TUR",792,"DEU",276,"Asia",38.963745,35.243322,51.165691,10.451526,173325
2007,"TUR",792,"FRA",250,"Asia",38.963745,35.243322,46.227638,2.213749,10276
2007,"TUR",792,"GBR",826,"Asia",38.963745,35.243322,55.378051,-3.435973,9260
2007,"TUR",792,"IRQ",368,"Asia",38.963745,35.243322,33.223191,43.679291,15949
2007,"UGA",800,"COD",180,"Africa",1.373333,32.290275,-4.038333,21.758664,13905
2007,"UKR",804,"DEU",276,"Europe",48.379433,31.16558,51.165691,10.451526,19649
2007,"VEN",862,"USA",840,"Americas",6.42375,-66.58973,37.09024,-95.712891,5520
2007,"VNM",704,"CHN",156,"Asia",14.058324,108.277199,35.86166,104.195397,300897
2007,"VNM",704,"DEU",276,"Asia",14.058324,108.277199,51.165691,10.451526,13824
2007,"VNM",704,"FRA",250,"Asia",14.058324,108.277199,46.227638,2.213749,8668
2007,"ZWE",716,"GBR",826,"Africa",-19.015438,29.154857,55.378051,-3.435973,8707
2007,"ZWE",716,"ZAF",710,"Africa",-19.015438,29.154857,-30.559482,22.937506,33828
2008,"AFG",4,"AUT",40,"Asia",33.93911,67.709953,47.516231,14.550072,7403
2008,"AFG",4,"DEU",276,"Asia",33.93911,67.709953,51.165691,10.451526,26837
2008,"AFG",4,"DNK",208,"Asia",33.93911,67.709953,56.26392,9.501785,5296
2008,"AFG",4,"GBR",826,"Asia",33.93911,67.709953,55.378051,-3.435973,23079
2008,"AFG",4,"IND",356,"Asia",33.93911,67.709953,20.593684,78.96288,10102
2008,"AFG",4,"IRN",364,"Asia",33.93911,67.709953,32.427908,53.688046,937170
2008,"AFG",4,"NLD",528,"Asia",33.93911,67.709953,52.132633,5.291266,13477
2008,"AFG",4,"NOR",578,"Asia",33.93911,67.709953,60.472024,8.468946,5257
2008,"AFG",4,"PAK",586,"Asia",33.93911,67.709953,30.375321,69.345116,1782685
2008,"AGO",24,"COD",180,"Africa",-11.202692,17.873887,-4.038333,21.758664,111589
2008,"AGO",24,"NAM",516,"Africa",-11.202692,17.873887,-22.95764,18.49041,5916
2008,"AGO",24,"ZAF",710,"Africa",-11.202692,17.873887,-30.559482,22.937506,5816
2008,"AGO",24,"ZMB",894,"Africa",-11.202692,17.873887,-13.133897,27.849332,27131
2008,"ALB",8,"USA",840,"Europe",41.153332,20.168331,37.09024,-95.712891,7698
2008,"ARM",51,"USA",840,"Asia",40.069099,45.038189,37.09024,-95.712891,8806
2008,"AZE",31,"DEU",276,"Asia",40.143105,47.576927,51.165691,10.451526,6235
2008,"BDI",108,"COD",180,"Africa",-3.373056,29.918886,-4.038333,21.758664,17588
2008,"BDI",108,"TZA",834,"Africa",-3.373056,29.918886,-6.369028,34.888822,240655
2008,"BIH",70,"DEU",276,"Europe",43.915886,17.679076,51.165691,10.451526,25014
2008,"BIH",70,"MNE",499,"Europe",43.915886,17.679076,42.708678,19.37439,6168
2008,"BIH",70,"SRB",688,"Europe",43.915886,17.679076,44.016521,21.005859,27165
2008,"BTN",64,"NPL",524,"Asia",27.514162,90.433601,28.394857,84.124008,105536
2008,"CAF",140,"CMR",120,"Africa",6.611111,20.939444,7.369722,12.354722,67495
2008,"CAF",140,"TCD",148,"Africa",6.611111,20.939444,15.454166,18.732207,57264
2008,"CHN",156,"CAN",124,"Asia",35.86166,104.195397,56.130366,-106.346771,18629
2008,"CHN",156,"IND",356,"Asia",35.86166,104.195397,20.593684,78.96288,100003
2008,"CHN",156,"USA",840,"Asia",35.86166,104.195397,37.09024,-95.712891,59241
2008,"CIV",384,"LBR",430,"Africa",7.539989,-5.54708,6.428055,-9.429499,6613
2008,"CMR",120,"USA",840,"Africa",7.369722,12.354722,37.09024,-95.712891,7919
2008,"COD",180,"AGO",24,"Africa",-4.038333,21.758664,-11.202692,17.873887,12687
2008,"COD",180,"BDI",108,"Africa",-4.038333,21.758664,-3.373056,29.918886,25969
2008,"COD",180,"CAN",124,"Africa",-4.038333,21.758664,56.130366,-106.346771,6416
2008,"COD",180,"COG",178,"Africa",-4.038333,21.758664,-0.228021,15.827659,16865
2008,"COD",180,"FRA",250,"Africa",-4.038333,21.758664,46.227638,2.213749,9952
2008,"COD",180,"GBR",826,"Africa",-4.038333,21.758664,55.378051,-3.435973,6673
2008,"COD",180,"RWA",646,"Africa",-4.038333,21.758664,-1.940278,29.873888,52652
2008,"COD",180,"SDN",729,"Africa",-4.038333,21.758664,12.862807,30.217636,5452
2008,"COD",180,"TZA",834,"Africa",-4.038333,21.758664,-6.369028,34.888822,79727
2008,"COD",180,"UGA",800,"Africa",-4.038333,21.758664,1.373333,32.290275,78995
2008,"COD",180,"ZAF",710,"Africa",-4.038333,21.758664,-30.559482,22.937506,22122
2008,"COD",180,"ZMB",894,"Africa",-4.038333,21.758664,-13.133897,27.849332,47364
2008,"COG",178,"GAB",266,"Africa",-0.228021,15.827659,-0.803689,11.609444,9637
2008,"COL",170,"CAN",124,"Americas",4.570868,-74.297333,56.130366,-106.346771,17751
2008,"COL",170,"CRI",188,"Americas",4.570868,-74.297333,9.748917,-83.753428,10340
2008,"COL",170,"ECU",218,"Americas",4.570868,-74.297333,-1.831239,-78.183406,131726
2008,"COL",170,"PAN",591,"Americas",4.570868,-74.297333,8.537981,-80.782127,15834
2008,"COL",170,"USA",840,"Americas",4.570868,-74.297333,37.09024,-95.712891,28811
2008,"COL",170,"VEN",862,"Americas",4.570868,-74.297333,6.42375,-66.58973,212893
2008,"EGY",818,"USA",840,"Africa",26.820553,30.802498,37.09024,-95.712891,5394
2008,"ERI",232,"CHE",756,"Africa",15.179384,39.782334,46.818188,8.227512,5720
2008,"ERI",232,"ETH",231,"Africa",15.179384,39.782334,9.145,40.489673,21732
2008,"ERI",232,"GBR",826,"Africa",15.179384,39.782334,55.378051,-3.435973,7701
2008,"ERI",232,"ITA",380,"Africa",15.179384,39.782334,41.87194,12.56738,9033
2008,"ERI",232,"SDN",729,"Africa",15.179384,39.782334,12.862807,30.217636,127147
2008,"ESH",732,"DZA",12,"Africa",24.215527,-12.885834,28.033886,1.659626,90000
2008,"ESH",732,"MRT",478,"Africa",24.215527,-12.885834,21.00789,-10.940835,26000
2008,"ETH",231,"KEN",404,"Africa",9.145,40.489673,-0.023559,37.906193,29203
2008,"ETH",231,"SDN",729,"Africa",9.145,40.489673,12.862807,30.217636,11774
2008,"ETH",231,"SOM",706,"Africa",9.145,40.489673,5.152149,46.199616,10948
2008,"ETH",231,"USA",840,"Africa",9.145,40.489673,37.09024,-95.712891,13444
2008,"ETH",231,"ZAF",710,"Africa",9.145,40.489673,-30.559482,22.937506,7260
2008,"GEO",268,"UKR",804,"Asia",42.315407,43.356892,48.379433,31.16558,5121
2008,"GHA",288,"TGO",768,"Africa",7.946527,-1.023194,8.619543,0.824782,8247
2008,"GTM",320,"USA",840,"Americas",15.783471,-90.230759,37.09024,-95.712891,14672
2008,"HRV",191,"BIH",70,"Europe",45.1,15.2,43.915886,17.679076,7070
2008,"HRV",191,"DEU",276,"Europe",45.1,15.2,51.165691,10.451526,16261
2008,"HRV",191,"SRB",688,"Europe",45.1,15.2,44.016521,21.005859,69505
2008,"HTI",332,"CAN",124,"Americas",18.971187,-72.285215,56.130366,-106.346771,9772
2008,"HTI",332,"USA",840,"Americas",18.971187,-72.285215,37.09024,-95.712891,22396
2008,"IDN",360,"PNG",598,"Asia",-0.789275,113.921327,-6.314993,143.95555,10000
2008,"IDN",360,"USA",840,"Asia",-0.789275,113.921327,37.09024,-95.712891,9645
2008,"IND",356,"CAN",124,"Asia",20.593684,78.96288,56.130366,-106.346771,7847
2008,"IND",356,"USA",840,"Asia",20.593684,78.96288,37.09024,-95.712891,10835
2008,"IRN",364,"CAN",124,"Asia",32.427908,53.688046,56.130366,-106.346771,5693
2008,"IRN",364,"DEU",276,"Asia",32.427908,53.688046,51.165691,10.451526,18204
2008,"IRN",364,"GBR",826,"Asia",32.427908,53.688046,55.378051,-3.435973,10320
2008,"IRN",364,"IRQ",368,"Asia",32.427908,53.688046,33.223191,43.679291,11466
2008,"IRN",364,"USA",840,"Asia",32.427908,53.688046,37.09024,-95.712891,6739
2008,"IRQ",368,"AUS",36,"Asia",33.223191,43.679291,-25.274398,133.775136,6034
2008,"IRQ",368,"DEU",276,"Asia",33.223191,43.679291,51.165691,10.451526,44655
2008,"IRQ",368,"DNK",208,"Asia",33.223191,43.679291,56.26392,9.501785,7227
2008,"IRQ",368,"EGY",818,"Asia",33.223191,43.679291,26.820553,30.802498,10185
2008,"IRQ",368,"GBR",826,"Asia",33.223191,43.679291,55.378051,-3.435973,21483
2008,"IRQ",368,"IRN",364,"Asia",33.223191,43.679291,32.427908,53.688046,44551
2008,"IRQ",368,"JOR",400,"Asia",33.223191,43.679291,30.585164,36.238414,5e+05
2008,"IRQ",368,"KWT",414,"Asia",33.223191,43.679291,29.31166,47.481766,30612
2008,"IRQ",368,"LBN",422,"Asia",33.223191,43.679291,33.854721,35.862285,50183
2008,"IRQ",368,"NLD",528,"Asia",33.223191,43.679291,52.132633,5.291266,15553
2008,"IRQ",368,"NOR",578,"Asia",33.223191,43.679291,60.472024,8.468946,10553
2008,"IRQ",368,"SWE",752,"Asia",33.223191,43.679291,60.128161,18.643501,39944
2008,"IRQ",368,"SYR",760,"Asia",33.223191,43.679291,34.802075,38.996815,1100000
2008,"IRQ",368,"TUR",792,"Asia",33.223191,43.679291,38.963745,35.243322,8292
2008,"IRQ",368,"USA",840,"Asia",33.223191,43.679291,37.09024,-95.712891,5133
2008,"KHM",116,"FRA",250,"Asia",12.565679,104.990963,46.227638,2.213749,13195
2008,"LAO",418,"FRA",250,"Asia",19.85627,102.495496,46.227638,2.213749,7496
2008,"LBN",422,"DEU",276,"Asia",33.854721,35.862285,51.165691,10.451526,10330
2008,"LBR",430,"CIV",384,"Africa",6.428055,-9.429499,7.539989,-5.54708,24281
2008,"LBR",430,"GHA",288,"Africa",6.428055,-9.429499,7.946527,-1.023194,15797
2008,"LBR",430,"GIN",324,"Africa",6.428055,-9.429499,9.945587,-9.696645,11501
2008,"LBR",430,"NGA",566,"Africa",6.428055,-9.429499,9.081999,8.675277,5508
2008,"LBR",430,"SLE",694,"Africa",6.428055,-9.429499,8.460555,-11.779889,7938
2008,"LBR",430,"USA",840,"Africa",6.428055,-9.429499,37.09024,-95.712891,5778
2008,"LKA",144,"CAN",124,"Asia",7.873054,80.771797,56.130366,-106.346771,21467
2008,"LKA",144,"DEU",276,"Asia",7.873054,80.771797,51.165691,10.451526,7332
2008,"LKA",144,"FRA",250,"Asia",7.873054,80.771797,46.227638,2.213749,18102
2008,"LKA",144,"GBR",826,"Asia",7.873054,80.771797,55.378051,-3.435973,8725
2008,"LKA",144,"IND",356,"Asia",7.873054,80.771797,20.593684,78.96288,73286
2008,"MEX",484,"CAN",124,"Americas",23.634501,-102.552784,56.130366,-106.346771,15415
2008,"MEX",484,"USA",840,"Americas",23.634501,-102.552784,37.09024,-95.712891,7999
2008,"MKD",807,"DEU",276,"Europe",41.608635,21.745275,51.165691,10.451526,5837
2008,"MMR",104,"BGD",50,"Asia",21.913965,95.956223,23.684994,90.356331,28337
2008,"MMR",104,"MYS",458,"Asia",21.913965,95.956223,4.210484,101.975766,40511
2008,"MMR",104,"THA",764,"Asia",21.913965,95.956223,15.870032,100.992541,123564
2008,"MMR",104,"USA",840,"Asia",21.913965,95.956223,37.09024,-95.712891,5369
2008,"MRT",478,"MLI",466,"Africa",21.00789,-10.940835,17.570692,-3.996166,6289
2008,"MRT",478,"SEN",686,"Africa",21.00789,-10.940835,14.497401,-14.452362,32354
2008,"MWI",454,"ZAF",710,"Africa",-13.254308,34.301525,-30.559482,22.937506,8182
2008,"PAK",586,"CAN",124,"Asia",30.375321,69.345116,56.130366,-106.346771,16541
2008,"PAK",586,"DEU",276,"Asia",30.375321,69.345116,51.165691,10.451526,5262
2008,"PSE",275,"EGY",818,"Asia",31.952162,35.233154,26.820553,30.802498,70199
2008,"PSE",275,"IRQ",368,"Asia",31.952162,35.233154,33.223191,43.679291,12302
2008,"PSE",275,"KWT",414,"Asia",31.952162,35.233154,29.31166,47.481766,6111
2008,"PSE",275,"SAU",682,"Asia",31.952162,35.233154,23.885942,45.079162,240025
2008,"RUS",643,"AUT",40,"Europe",61.52401,105.318756,47.516231,14.550072,19434
2008,"RUS",643,"DEU",276,"Europe",61.52401,105.318756,51.165691,10.451526,37317
2008,"RUS",643,"FRA",250,"Europe",61.52401,105.318756,46.227638,2.213749,7615
2008,"RUS",643,"POL",616,"Europe",61.52401,105.318756,51.919438,19.145136,16058
2008,"RUS",643,"USA",840,"Europe",61.52401,105.318756,37.09024,-95.712891,9130
2008,"RWA",646,"COD",180,"Africa",-1.940278,29.873888,-4.038333,21.758664,22643
2008,"RWA",646,"COG",178,"Africa",-1.940278,29.873888,-0.228021,15.827659,7897
2008,"RWA",646,"UGA",800,"Africa",-1.940278,29.873888,1.373333,32.290275,17261
2008,"SDN",729,"EGY",818,"Africa",12.862807,30.217636,26.820553,30.802498,23283
2008,"SDN",729,"ETH",231,"Africa",12.862807,30.217636,9.145,40.489673,25923
2008,"SDN",729,"KEN",404,"Africa",12.862807,30.217636,-0.023559,37.906193,28935
2008,"SDN",729,"TCD",148,"Africa",12.862807,30.217636,15.454166,18.732207,267977
2008,"SDN",729,"UGA",800,"Africa",12.862807,30.217636,1.373333,32.290275,57282
2008,"SEN",686,"GMB",270,"Africa",14.497401,-14.452362,13.443182,-15.310139,7546
2008,"SEN",686,"GNB",624,"Africa",14.497401,-14.452362,11.803749,-15.180413,7658
2008,"SLE",694,"GIN",324,"Africa",8.460555,-11.779889,9.945587,-9.696645,6603
2008,"SLE",694,"GMB",270,"Africa",8.460555,-11.779889,13.443182,-15.310139,6454
2008,"SLV",222,"USA",840,"Americas",13.794185,-88.89653,37.09024,-95.712891,13575
2008,"SOM",706,"CAN",124,"Africa",5.152149,46.199616,56.130366,-106.346771,6845
2008,"SOM",706,"DJI",262,"Africa",5.152149,46.199616,11.825138,42.590275,8522
2008,"SOM",706,"EGY",818,"Africa",5.152149,46.199616,26.820553,30.802498,5698
2008,"SOM",706,"ETH",231,"Africa",5.152149,46.199616,9.145,40.489673,34335
2008,"SOM",706,"GBR",826,"Africa",5.152149,46.199616,55.378051,-3.435973,31665
2008,"SOM",706,"ITA",380,"Africa",5.152149,46.199616,41.87194,12.56738,5251
2008,"SOM",706,"KEN",404,"Africa",5.152149,46.199616,-0.023559,37.906193,259815
2008,"SOM",706,"NLD",528,"Africa",5.152149,46.199616,52.132633,5.291266,8565
2008,"SOM",706,"NOR",578,"Africa",5.152149,46.199616,60.472024,8.468946,8157
2008,"SOM",706,"SWE",752,"Africa",5.152149,46.199616,60.128161,18.643501,9629
2008,"SOM",706,"UGA",800,"Africa",5.152149,46.199616,1.373333,32.290275,8239
2008,"SOM",706,"USA",840,"Africa",5.152149,46.199616,37.09024,-95.712891,10377
2008,"SOM",706,"YEM",887,"Africa",5.152149,46.199616,15.552727,48.516388,132275
2008,"SOM",706,"ZAF",710,"Africa",5.152149,46.199616,-30.559482,22.937506,12554
2008,"SRB",688,"AUT",40,"Europe",44.016521,21.005859,47.516231,14.550072,10905
2008,"SRB",688,"CHE",756,"Europe",44.016521,21.005859,46.818188,8.227512,9078
2008,"SRB",688,"DEU",276,"Europe",44.016521,21.005859,51.165691,10.451526,102247
2008,"SRB",688,"FRA",250,"Europe",44.016521,21.005859,46.227638,2.213749,8395
2008,"SRB",688,"GBR",826,"Europe",44.016521,21.005859,55.378051,-3.435973,15242
2008,"SRB",688,"MNE",499,"Europe",44.016521,21.005859,42.708678,19.37439,16210
2008,"SRB",688,"SWE",752,"Europe",44.016521,21.005859,60.128161,18.643501,10576
2008,"SYR",760,"DEU",276,"Asia",34.802075,38.996815,51.165691,10.451526,9623
2008,"TCD",148,"CMR",120,"Africa",15.454166,18.732207,7.369722,12.354722,9637
2008,"TCD",148,"SDN",729,"Africa",15.454166,18.732207,12.862807,30.217636,41202
2008,"TGO",768,"BEN",204,"Africa",8.619543,0.824782,9.30769,2.315834,5662
2008,"TUR",792,"CAN",124,"Asia",38.963745,35.243322,56.130366,-106.346771,5114
2008,"TUR",792,"CHE",756,"Asia",38.963745,35.243322,46.818188,8.227512,6127
2008,"TUR",792,"DEU",276,"Asia",38.963745,35.243322,51.165691,10.451526,165131
2008,"TUR",792,"FRA",250,"Asia",38.963745,35.243322,46.227638,2.213749,10564
2008,"TUR",792,"GBR",826,"Asia",38.963745,35.243322,55.378051,-3.435973,9219
2008,"TUR",792,"IRQ",368,"Asia",38.963745,35.243322,33.223191,43.679291,16115
2008,"UKR",804,"DEU",276,"Europe",48.379433,31.16558,51.165691,10.451526,22204
2008,"VEN",862,"USA",840,"Americas",6.42375,-66.58973,37.09024,-95.712891,5897
2008,"VNM",704,"CHN",156,"Asia",14.058324,108.277199,35.86166,104.195397,300897
2008,"VNM",704,"DEU",276,"Asia",14.058324,108.277199,51.165691,10.451526,14759
2008,"VNM",704,"FRA",250,"Asia",14.058324,108.277199,46.227638,2.213749,8583
2008,"ZWE",716,"GBR",826,"Africa",-19.015438,29.154857,55.378051,-3.435973,9637
2008,"ZWE",716,"ZAF",710,"Africa",-19.015438,29.154857,-30.559482,22.937506,33824
2009,"AFG",4,"AUS",36,"Asia",33.93911,67.709953,-25.274398,133.775136,5718
2009,"AFG",4,"AUT",40,"Asia",33.93911,67.709953,47.516231,14.550072,9209
2009,"AFG",4,"DEU",276,"Asia",33.93911,67.709953,51.165691,10.451526,34211
2009,"AFG",4,"DNK",208,"Asia",33.93911,67.709953,56.26392,9.501785,5354
2009,"AFG",4,"GBR",826,"Asia",33.93911,67.709953,55.378051,-3.435973,23658
2009,"AFG",4,"IND",356,"Asia",33.93911,67.709953,20.593684,78.96288,9863
2009,"AFG",4,"IRN",364,"Asia",33.93911,67.709953,32.427908,53.688046,1024212
2009,"AFG",4,"NLD",528,"Asia",33.93911,67.709953,52.132633,5.291266,10987
2009,"AFG",4,"NOR",578,"Asia",33.93911,67.709953,60.472024,8.468946,7666
2009,"AFG",4,"PAK",586,"Asia",33.93911,67.709953,30.375321,69.345116,1742124
2009,"AGO",24,"COD",180,"Africa",-11.202692,17.873887,-4.038333,21.758664,84374
2009,"AGO",24,"NAM",516,"Africa",-11.202692,17.873887,-22.95764,18.49041,5924
2009,"AGO",24,"ZAF",710,"Africa",-11.202692,17.873887,-30.559482,22.937506,5758
2009,"AGO",24,"ZMB",894,"Africa",-11.202692,17.873887,-13.133897,27.849332,25329
2009,"ALB",8,"USA",840,"Europe",41.153332,20.168331,37.09024,-95.712891,7159
2009,"ARM",51,"USA",840,"Asia",40.069099,45.038189,37.09024,-95.712891,8612
2009,"AZE",31,"DEU",276,"Asia",40.143105,47.576927,51.165691,10.451526,7304
2009,"BDI",108,"COD",180,"Africa",-3.373056,29.918886,-4.038333,21.758664,18168
2009,"BDI",108,"TZA",834,"Africa",-3.373056,29.918886,-6.369028,34.888822,53840
2009,"BIH",70,"DEU",276,"Europe",43.915886,17.679076,51.165691,10.451526,25276
2009,"BIH",70,"MNE",499,"Europe",43.915886,17.679076,42.708678,19.37439,5636
2009,"BIH",70,"SRB",688,"Europe",43.915886,17.679076,44.016521,21.005859,24154
2009,"BTN",64,"NPL",524,"Asia",27.514162,90.433601,28.394857,84.124008,89132
2009,"CAF",140,"CMR",120,"Africa",6.611111,20.939444,7.369722,12.354722,86363
2009,"CAF",140,"TCD",148,"Africa",6.611111,20.939444,15.454166,18.732207,71022
2009,"CHN",156,"CAN",124,"Asia",35.86166,104.195397,56.130366,-106.346771,19046
2009,"CHN",156,"IND",356,"Asia",35.86166,104.195397,20.593684,78.96288,100003
2009,"CHN",156,"USA",840,"Asia",35.86166,104.195397,37.09024,-95.712891,63396
2009,"CIV",384,"LBR",430,"Africa",7.539989,-5.54708,6.428055,-9.429499,6422
2009,"CMR",120,"USA",840,"Africa",7.369722,12.354722,37.09024,-95.712891,7982
2009,"COD",180,"AGO",24,"Africa",-4.038333,21.758664,-11.202692,17.873887,14888
2009,"COD",180,"BDI",108,"Africa",-4.038333,21.758664,-3.373056,29.918886,30860
2009,"COD",180,"CAF",140,"Africa",-4.038333,21.758664,6.611111,20.939444,21682
2009,"COD",180,"CAN",124,"Africa",-4.038333,21.758664,56.130366,-106.346771,5979
2009,"COD",180,"COG",178,"Africa",-4.038333,21.758664,-0.228021,15.827659,107729
2009,"COD",180,"DEU",276,"Africa",-4.038333,21.758664,51.165691,10.451526,6601
2009,"COD",180,"FRA",250,"Africa",-4.038333,21.758664,46.227638,2.213749,10841
2009,"COD",180,"GBR",826,"Africa",-4.038333,21.758664,55.378051,-3.435973,5561
2009,"COD",180,"KEN",404,"Africa",-4.038333,21.758664,-0.023559,37.906193,6027
2009,"COD",180,"RWA",646,"Africa",-4.038333,21.758664,-1.940278,29.873888,53899
2009,"COD",180,"SDN",729,"Africa",-4.038333,21.758664,12.862807,30.217636,19714
2009,"COD",180,"TZA",834,"Africa",-4.038333,21.758664,-6.369028,34.888822,64059
2009,"COD",180,"UGA",800,"Africa",-4.038333,21.758664,1.373333,32.290275,76188
2009,"COD",180,"ZAF",710,"Africa",-4.038333,21.758664,-30.559482,22.937506,11708
2009,"COD",180,"ZMB",894,"Africa",-4.038333,21.758664,-13.133897,27.849332,22000
2009,"COG",178,"GAB",266,"Africa",-0.228021,15.827659,-0.803689,11.609444,9476
2009,"COL",170,"CAN",124,"Americas",4.570868,-74.297333,56.130366,-106.346771,18025
2009,"COL",170,"CRI",188,"Americas",4.570868,-74.297333,9.748917,-83.753428,10576
2009,"COL",170,"ECU",218,"Americas",4.570868,-74.297333,-1.831239,-78.183406,158214
2009,"COL",170,"PAN",591,"Americas",4.570868,-74.297333,8.537981,-80.782127,15836
2009,"COL",170,"USA",840,"Americas",4.570868,-74.297333,37.09024,-95.712891,29130
2009,"COL",170,"VEN",862,"Americas",4.570868,-74.297333,6.42375,-66.58973,215467
2009,"EGY",818,"USA",840,"Africa",26.820553,30.802498,37.09024,-95.712891,5235
2009,"ERI",232,"CHE",756,"Africa",15.179384,39.782334,46.818188,8.227512,6700
2009,"ERI",232,"ETH",231,"Africa",15.179384,39.782334,9.145,40.489673,36629
2009,"ERI",232,"GBR",826,"Africa",15.179384,39.782334,55.378051,-3.435973,8829
2009,"ERI",232,"ISR",376,"Africa",15.179384,39.782334,31.046051,34.851612,11852
2009,"ERI",232,"ITA",380,"Africa",15.179384,39.782334,41.87194,12.56738,10377
2009,"ERI",232,"NOR",578,"Africa",15.179384,39.782334,60.472024,8.468946,5025
2009,"ERI",232,"SDN",729,"Africa",15.179384,39.782334,12.862807,30.217636,115910
2009,"ESH",732,"DZA",12,"Africa",24.215527,-12.885834,28.033886,1.659626,90000
2009,"ESH",732,"MRT",478,"Africa",24.215527,-12.885834,21.00789,-10.940835,26000
2009,"ETH",231,"DEU",276,"Africa",9.145,40.489673,51.165691,10.451526,5084
2009,"ETH",231,"KEN",404,"Africa",9.145,40.489673,-0.023559,37.906193,31598
2009,"ETH",231,"SDN",729,"Africa",9.145,40.489673,12.862807,30.217636,12370
2009,"ETH",231,"SOM",706,"Africa",9.145,40.489673,5.152149,46.199616,26348
2009,"ETH",231,"USA",840,"Africa",9.145,40.489673,37.09024,-95.712891,13146
2009,"GEO",268,"UKR",804,"Asia",42.315407,43.356892,48.379433,31.16558,5109
2009,"GHA",288,"TGO",768,"Africa",7.946527,-1.023194,8.619543,0.824782,8073
2009,"GTM",320,"USA",840,"Americas",15.783471,-90.230759,37.09024,-95.712891,13231
2009,"HRV",191,"BIH",70,"Europe",45.1,15.2,43.915886,17.679076,6941
2009,"HRV",191,"SRB",688,"Europe",45.1,15.2,44.016521,21.005859,62145
2009,"HTI",332,"CAN",124,"Americas",18.971187,-72.285215,56.130366,-106.346771,9168
2009,"HTI",332,"USA",840,"Americas",18.971187,-72.285215,37.09024,-95.712891,22688
2009,"IDN",360,"PNG",598,"Asia",-0.789275,113.921327,-6.314993,143.95555,9689
2009,"IDN",360,"USA",840,"Asia",-0.789275,113.921327,37.09024,-95.712891,8233
2009,"IND",356,"CAN",124,"Asia",20.593684,78.96288,56.130366,-106.346771,7284
2009,"IND",356,"USA",840,"Asia",20.593684,78.96288,37.09024,-95.712891,10275
2009,"IRN",364,"CAN",124,"Asia",32.427908,53.688046,56.130366,-106.346771,5056
2009,"IRN",364,"DEU",276,"Asia",32.427908,53.688046,51.165691,10.451526,22910
2009,"IRN",364,"GBR",826,"Asia",32.427908,53.688046,55.378051,-3.435973,10845
2009,"IRN",364,"IRQ",368,"Asia",32.427908,53.688046,33.223191,43.679291,14198
2009,"IRN",364,"USA",840,"Asia",32.427908,53.688046,37.09024,-95.712891,6080
2009,"IRQ",368,"AUS",36,"Asia",33.223191,43.679291,-25.274398,133.775136,5756
2009,"IRQ",368,"CHE",756,"Asia",33.223191,43.679291,46.818188,8.227512,5648
2009,"IRQ",368,"DEU",276,"Asia",33.223191,43.679291,51.165691,10.451526,54436
2009,"IRQ",368,"DNK",208,"Asia",33.223191,43.679291,56.26392,9.501785,5538
2009,"IRQ",368,"EGY",818,"Asia",33.223191,43.679291,26.820553,30.802498,6644
2009,"IRQ",368,"GBR",826,"Asia",33.223191,43.679291,55.378051,-3.435973,21287
2009,"IRQ",368,"IRN",364,"Asia",33.223191,43.679291,32.427908,53.688046,48020
2009,"IRQ",368,"JOR",400,"Asia",33.223191,43.679291,30.585164,36.238414,450000
2009,"IRQ",368,"LBN",422,"Asia",33.223191,43.679291,33.854721,35.862285,50124
2009,"IRQ",368,"NLD",528,"Asia",33.223191,43.679291,52.132633,5.291266,21737
2009,"IRQ",368,"NOR",578,"Asia",33.223191,43.679291,60.472024,8.468946,9022
2009,"IRQ",368,"SWE",752,"Asia",33.223191,43.679291,60.128161,18.643501,34664
2009,"IRQ",368,"SYR",760,"Asia",33.223191,43.679291,34.802075,38.996815,1050000
2009,"IRQ",368,"TUR",792,"Asia",33.223191,43.679291,38.963745,35.243322,6804
2009,"IRQ",368,"USA",840,"Asia",33.223191,43.679291,37.09024,-95.712891,5652
2009,"KHM",116,"FRA",250,"Asia",12.565679,104.990963,46.227638,2.213749,13122
2009,"LAO",418,"FRA",250,"Asia",19.85627,102.495496,46.227638,2.213749,7473
2009,"LBN",422,"DEU",276,"Asia",33.854721,35.862285,51.165691,10.451526,13574
2009,"LBR",430,"CIV",384,"Africa",6.428055,-9.429499,7.539989,-5.54708,24073
2009,"LBR",430,"GHA",288,"Africa",6.428055,-9.429499,7.946527,-1.023194,11476
2009,"LBR",430,"GIN",324,"Africa",6.428055,-9.429499,9.945587,-9.696645,11755
2009,"LBR",430,"NGA",566,"Africa",6.428055,-9.429499,9.081999,8.675277,5286
2009,"LBR",430,"SLE",694,"Africa",6.428055,-9.429499,8.460555,-11.779889,9037
2009,"LKA",144,"CAN",124,"Asia",7.873054,80.771797,56.130366,-106.346771,19906
2009,"LKA",144,"DEU",276,"Asia",7.873054,80.771797,51.165691,10.451526,12996
2009,"LKA",144,"FRA",250,"Asia",7.873054,80.771797,46.227638,2.213749,20464
2009,"LKA",144,"GBR",826,"Asia",7.873054,80.771797,55.378051,-3.435973,8621
2009,"LKA",144,"IND",356,"Asia",7.873054,80.771797,20.593684,78.96288,72883
2009,"MEX",484,"CAN",124,"Americas",23.634501,-102.552784,56.130366,-106.346771,18873
2009,"MEX",484,"USA",840,"Americas",23.634501,-102.552784,37.09024,-95.712891,7856
2009,"MKD",807,"DEU",276,"Europe",41.608635,21.745275,51.165691,10.451526,6248
2009,"MMR",104,"BGD",50,"Asia",21.913965,95.956223,23.684994,90.356331,228557
2009,"MMR",104,"IND",356,"Asia",21.913965,95.956223,20.593684,78.96288,6731
2009,"MMR",104,"MYS",458,"Asia",21.913965,95.956223,4.210484,101.975766,69673
2009,"MMR",104,"THA",764,"Asia",21.913965,95.956223,15.870032,100.992541,113068
2009,"MMR",104,"USA",840,"Asia",21.913965,95.956223,37.09024,-95.712891,5184
2009,"MRT",478,"MLI",466,"Africa",21.00789,-10.940835,17.570692,-3.996166,10614
2009,"MRT",478,"SEN",686,"Africa",21.00789,-10.940835,14.497401,-14.452362,21441
2009,"PAK",586,"CAN",124,"Asia",30.375321,69.345116,56.130366,-106.346771,16085
2009,"PAK",586,"DEU",276,"Asia",30.375321,69.345116,51.165691,10.451526,8212
2009,"PER",604,"ECU",218,"Americas",-9.189967,-75.015152,-1.831239,-78.183406,5246
2009,"PSE",275,"EGY",818,"Asia",31.952162,35.233154,26.820553,30.802498,70048
2009,"PSE",275,"IRQ",368,"Asia",31.952162,35.233154,33.223191,43.679291,11930
2009,"RUS",643,"AUT",40,"Europe",61.52401,105.318756,47.516231,14.550072,20521
2009,"RUS",643,"DEU",276,"Europe",61.52401,105.318756,51.165691,10.451526,39590
2009,"RUS",643,"FRA",250,"Europe",61.52401,105.318756,46.227638,2.213749,8942
2009,"RUS",643,"POL",616,"Europe",61.52401,105.318756,51.919438,19.145136,16291
2009,"RUS",643,"USA",840,"Europe",61.52401,105.318756,37.09024,-95.712891,8868
2009,"RWA",646,"COD",180,"Africa",-1.940278,29.873888,-4.038333,21.758664,80559
2009,"RWA",646,"COG",178,"Africa",-1.940278,29.873888,-0.228021,15.827659,7121
2009,"RWA",646,"UGA",800,"Africa",-1.940278,29.873888,1.373333,32.290275,16960
2009,"RWA",646,"ZMB",894,"Africa",-1.940278,29.873888,-13.133897,27.849332,5145
2009,"SDN",729,"EGY",818,"Africa",12.862807,30.217636,26.820553,30.802498,21802
2009,"SDN",729,"ETH",231,"Africa",12.862807,30.217636,9.145,40.489673,23636
2009,"SDN",729,"ISR",376,"Africa",12.862807,30.217636,31.046051,34.851612,5502
2009,"SDN",729,"KEN",404,"Africa",12.862807,30.217636,-0.023559,37.906193,21223
2009,"SDN",729,"TCD",148,"Africa",12.862807,30.217636,15.454166,18.732207,262205
2009,"SDN",729,"UGA",800,"Africa",12.862807,30.217636,1.373333,32.290275,21151
2009,"SEN",686,"GMB",270,"Africa",14.497401,-14.452362,13.443182,-15.310139,7546
2009,"SEN",686,"GNB",624,"Africa",14.497401,-14.452362,11.803749,-15.180413,7658
2009,"SLV",222,"USA",840,"Americas",13.794185,-88.89653,37.09024,-95.712891,11793
2009,"SOM",706,"CAN",124,"Africa",5.152149,46.199616,56.130366,-106.346771,6085
2009,"SOM",706,"DJI",262,"Africa",5.152149,46.199616,11.825138,42.590275,11223
2009,"SOM",706,"EGY",818,"Africa",5.152149,46.199616,26.820553,30.802498,6226
2009,"SOM",706,"ETH",231,"Africa",5.152149,46.199616,9.145,40.489673,59197
2009,"SOM",706,"GBR",826,"Africa",5.152149,46.199616,55.378051,-3.435973,32299
2009,"SOM",706,"ITA",380,"Africa",5.152149,46.199616,41.87194,12.56738,7747
2009,"SOM",706,"KEN",404,"Africa",5.152149,46.199616,-0.023559,37.906193,310458
2009,"SOM",706,"NLD",528,"Africa",5.152149,46.199616,52.132633,5.291266,14835
2009,"SOM",706,"NOR",578,"Africa",5.152149,46.199616,60.472024,8.468946,8711
2009,"SOM",706,"SWE",752,"Africa",5.152149,46.199616,60.128161,18.643501,13525
2009,"SOM",706,"UGA",800,"Africa",5.152149,46.199616,1.373333,32.290275,11625
2009,"SOM",706,"USA",840,"Africa",5.152149,46.199616,37.09024,-95.712891,7270
2009,"SOM",706,"YEM",887,"Africa",5.152149,46.199616,15.552727,48.516388,161468
2009,"SOM",706,"ZAF",710,"Africa",5.152149,46.199616,-30.559482,22.937506,9718
2009,"SRB",688,"AUT",40,"Europe",44.016521,21.005859,47.516231,14.550072,7430
2009,"SRB",688,"CHE",756,"Europe",44.016521,21.005859,46.818188,8.227512,7955
2009,"SRB",688,"DEU",276,"Europe",44.016521,21.005859,51.165691,10.451526,127456
2009,"SRB",688,"FRA",250,"Europe",44.016521,21.005859,46.227638,2.213749,9437
2009,"SRB",688,"GBR",826,"Europe",44.016521,21.005859,55.378051,-3.435973,8009
2009,"SRB",688,"MNE",499,"Europe",44.016521,21.005859,42.708678,19.37439,16204
2009,"SRB",688,"SWE",752,"Europe",44.016521,21.005859,60.128161,18.643501,10108
2009,"SYR",760,"DEU",276,"Asia",34.802075,38.996815,51.165691,10.451526,12028
2009,"TCD",148,"CMR",120,"Africa",15.454166,18.732207,7.369722,12.354722,8637
2009,"TCD",148,"SDN",729,"Africa",15.454166,18.732207,12.862807,30.217636,41150
2009,"TGO",768,"BEN",204,"Africa",8.619543,0.824782,9.30769,2.315834,5948
2009,"TUR",792,"CAN",124,"Asia",38.963745,35.243322,56.130366,-106.346771,5097
2009,"TUR",792,"CHE",756,"Asia",38.963745,35.243322,46.818188,8.227512,5636
2009,"TUR",792,"DEU",276,"Asia",38.963745,35.243322,51.165691,10.451526,104209
2009,"TUR",792,"FRA",250,"Asia",38.963745,35.243322,46.227638,2.213749,10895
2009,"TUR",792,"GBR",826,"Asia",38.963745,35.243322,55.378051,-3.435973,7666
2009,"TUR",792,"IRQ",368,"Asia",38.963745,35.243322,33.223191,43.679291,11972
2009,"UKR",804,"DEU",276,"Europe",48.379433,31.16558,51.165691,10.451526,18485
2009,"VEN",862,"USA",840,"Americas",6.42375,-66.58973,37.09024,-95.712891,6263
2009,"VNM",704,"CHN",156,"Asia",14.058324,108.277199,35.86166,104.195397,300897
2009,"VNM",704,"DEU",276,"Asia",14.058324,108.277199,51.165691,10.451526,25839
2009,"VNM",704,"FRA",250,"Asia",14.058324,108.277199,46.227638,2.213749,8771
2009,"ZWE",716,"GBR",826,"Africa",-19.015438,29.154857,55.378051,-3.435973,14119
2010,"AFG",4,"AUS",36,"Asia",33.93911,67.709953,-25.274398,133.775136,5586
2010,"AFG",4,"AUT",40,"Asia",33.93911,67.709953,47.516231,14.550072,10055
2010,"AFG",4,"DEU",276,"Asia",33.93911,67.709953,51.165691,10.451526,37428
2010,"AFG",4,"DNK",208,"Asia",33.93911,67.709953,56.26392,9.501785,5441
2010,"AFG",4,"GBR",826,"Asia",33.93911,67.709953,55.378051,-3.435973,23406
2010,"AFG",4,"IND",356,"Asia",33.93911,67.709953,20.593684,78.96288,9317
2010,"AFG",4,"IRN",364,"Asia",33.93911,67.709953,32.427908,53.688046,1029216
2010,"AFG",4,"NLD",528,"Asia",33.93911,67.709953,52.132633,5.291266,8241
2010,"AFG",4,"NOR",578,"Asia",33.93911,67.709953,60.472024,8.468946,7645
2010,"AFG",4,"PAK",586,"Asia",33.93911,67.709953,30.375321,69.345116,1901788
2010,"AFG",4,"SWE",752,"Asia",33.93911,67.709953,60.128161,18.643501,5858
2010,"AGO",24,"COD",180,"Africa",-11.202692,17.873887,-4.038333,21.758664,79617
2010,"AGO",24,"NAM",516,"Africa",-11.202692,17.873887,-22.95764,18.49041,5904
2010,"AGO",24,"ZAF",710,"Africa",-11.202692,17.873887,-30.559482,22.937506,5808
2010,"AGO",24,"ZMB",894,"Africa",-11.202692,17.873887,-13.133897,27.849332,25276
2010,"ALB",8,"USA",840,"Europe",41.153332,20.168331,37.09024,-95.712891,6022
2010,"ARM",51,"USA",840,"Asia",40.069099,45.038189,37.09024,-95.712891,6663
2010,"AZE",31,"DEU",276,"Asia",40.143105,47.576927,51.165691,10.451526,7442
2010,"BDI",108,"COD",180,"Africa",-3.373056,29.918886,-4.038333,21.758664,13565
2010,"BDI",108,"TZA",834,"Africa",-3.373056,29.918886,-6.369028,34.888822,47366
2010,"BDI",108,"UGA",800,"Africa",-3.373056,29.918886,1.373333,32.290275,6603
2010,"BIH",70,"DEU",276,"Europe",43.915886,17.679076,51.165691,10.451526,25019
2010,"BIH",70,"SRB",688,"Europe",43.915886,17.679076,44.016521,21.005859,21047
2010,"BTN",64,"NPL",524,"Asia",27.514162,90.433601,28.394857,84.124008,75457
2010,"CAF",140,"CMR",120,"Africa",6.611111,20.939444,7.369722,12.354722,91019
2010,"CAF",140,"TCD",148,"Africa",6.611111,20.939444,15.454166,18.732207,69433
2010,"CHN",156,"CAN",124,"Asia",35.86166,104.195397,56.130366,-106.346771,19422
2010,"CHN",156,"IND",356,"Asia",35.86166,104.195397,20.593684,78.96288,100003
2010,"CHN",156,"USA",840,"Asia",35.86166,104.195397,37.09024,-95.712891,56151
2010,"CIV",384,"LBR",430,"Africa",7.539989,-5.54708,6.428055,-9.429499,24536
2010,"CMR",120,"USA",840,"Africa",7.369722,12.354722,37.09024,-95.712891,7367
2010,"COD",180,"AGO",24,"Africa",-4.038333,21.758664,-11.202692,17.873887,15156
2010,"COD",180,"BDI",108,"Africa",-4.038333,21.758664,-3.373056,29.918886,40520
2010,"COD",180,"CAF",140,"Africa",-4.038333,21.758664,6.611111,20.939444,16083
2010,"COD",180,"CAN",124,"Africa",-4.038333,21.758664,56.130366,-106.346771,5407
2010,"COD",180,"COG",178,"Africa",-4.038333,21.758664,-0.228021,15.827659,128879
2010,"COD",180,"DEU",276,"Africa",-4.038333,21.758664,51.165691,10.451526,6052
2010,"COD",180,"FRA",250,"Africa",-4.038333,21.758664,46.227638,2.213749,11369
2010,"COD",180,"KEN",404,"Africa",-4.038333,21.758664,-0.023559,37.906193,9133
2010,"COD",180,"MOZ",508,"Africa",-4.038333,21.758664,-18.665695,35.529562,5219
2010,"COD",180,"RWA",646,"Africa",-4.038333,21.758664,-1.940278,29.873888,55284
2010,"COD",180,"SDN",729,"Africa",-4.038333,21.758664,12.862807,30.217636,20980
2010,"COD",180,"TZA",834,"Africa",-4.038333,21.758664,-6.369028,34.888822,61383
2010,"COD",180,"UGA",800,"Africa",-4.038333,21.758664,1.373333,32.290275,87085
2010,"COD",180,"ZAF",710,"Africa",-4.038333,21.758664,-30.559482,22.937506,12973
2010,"COD",180,"ZMB",894,"Africa",-4.038333,21.758664,-13.133897,27.849332,12415
2010,"COG",178,"GAB",266,"Africa",-0.228021,15.827659,-0.803689,11.609444,9464
2010,"COL",170,"CAN",124,"Americas",4.570868,-74.297333,56.130366,-106.346771,18746
2010,"COL",170,"CRI",188,"Americas",4.570868,-74.297333,9.748917,-83.753428,10510
2010,"COL",170,"ECU",218,"Americas",4.570868,-74.297333,-1.831239,-78.183406,160147
2010,"COL",170,"PAN",591,"Americas",4.570868,-74.297333,8.537981,-80.782127,15649
2010,"COL",170,"USA",840,"Americas",4.570868,-74.297333,37.09024,-95.712891,25772
2010,"COL",170,"VEN",862,"Americas",4.570868,-74.297333,6.42375,-66.58973,217161
2010,"ERI",232,"CHE",756,"Africa",15.179384,39.782334,46.818188,8.227512,8093
2010,"ERI",232,"DEU",276,"Africa",15.179384,39.782334,51.165691,10.451526,5055
2010,"ERI",232,"ETH",231,"Africa",15.179384,39.782334,9.145,40.489673,44934
2010,"ERI",232,"GBR",826,"Africa",15.179384,39.782334,55.378051,-3.435973,9430
2010,"ERI",232,"ISR",376,"Africa",15.179384,39.782334,31.046051,34.851612,16997
2010,"ERI",232,"ITA",380,"Africa",15.179384,39.782334,41.87194,12.56738,11011
2010,"ERI",232,"NOR",578,"Africa",15.179384,39.782334,60.472024,8.468946,6068
2010,"ERI",232,"SDN",729,"Africa",15.179384,39.782334,12.862807,30.217636,106193
2010,"ERI",232,"UGA",800,"Africa",15.179384,39.782334,1.373333,32.290275,5923
2010,"ESH",732,"DZA",12,"Africa",24.215527,-12.885834,28.033886,1.659626,90000
2010,"ESH",732,"MRT",478,"Africa",24.215527,-12.885834,21.00789,-10.940835,26000
2010,"ETH",231,"DEU",276,"Africa",9.145,40.489673,51.165691,10.451526,5094
2010,"ETH",231,"KEN",404,"Africa",9.145,40.489673,-0.023559,37.906193,35309
2010,"ETH",231,"SDN",729,"Africa",9.145,40.489673,12.862807,30.217636,12321
2010,"ETH",231,"SOM",706,"Africa",9.145,40.489673,5.152149,46.199616,25936
2010,"ETH",231,"USA",840,"Africa",9.145,40.489673,37.09024,-95.712891,11626
2010,"ETH",231,"YEM",887,"Africa",9.145,40.489673,15.552727,48.516388,5945
2010,"GHA",288,"TGO",768,"Africa",7.946527,-1.023194,8.619543,0.824782,13575
2010,"HRV",191,"BIH",70,"Europe",45.1,15.2,43.915886,17.679076,6836
2010,"HRV",191,"SRB",688,"Europe",45.1,15.2,44.016521,21.005859,52483
2010,"HTI",332,"CAN",124,"Americas",18.971187,-72.285215,56.130366,-106.346771,6842
2010,"HTI",332,"USA",840,"Americas",18.971187,-72.285215,37.09024,-95.712891,18686
2010,"IDN",360,"PNG",598,"Asia",-0.789275,113.921327,-6.314993,143.95555,9689
2010,"IDN",360,"USA",840,"Asia",-0.789275,113.921327,37.09024,-95.712891,5662
2010,"IND",356,"CAN",124,"Asia",20.593684,78.96288,56.130366,-106.346771,7098
2010,"IND",356,"USA",840,"Asia",20.593684,78.96288,37.09024,-95.712891,7931
2010,"IRN",364,"DEU",276,"Asia",32.427908,53.688046,51.165691,10.451526,23880
2010,"IRN",364,"GBR",826,"Asia",32.427908,53.688046,55.378051,-3.435973,10837
2010,"IRN",364,"IRQ",368,"Asia",32.427908,53.688046,33.223191,43.679291,9667
2010,"IRN",364,"USA",840,"Asia",32.427908,53.688046,37.09024,-95.712891,5249
2010,"IRQ",368,"CHE",756,"Asia",33.223191,43.679291,46.818188,8.227512,5205
2010,"IRQ",368,"DEU",276,"Asia",33.223191,43.679291,51.165691,10.451526,56021
2010,"IRQ",368,"EGY",818,"Asia",33.223191,43.679291,26.820553,30.802498,6939
2010,"IRQ",368,"GBR",826,"Asia",33.223191,43.679291,55.378051,-3.435973,18143
2010,"IRQ",368,"GRC",300,"Asia",33.223191,43.679291,39.074208,21.824312,9200
2010,"IRQ",368,"IRN",364,"Asia",33.223191,43.679291,32.427908,53.688046,45805
2010,"IRQ",368,"JOR",400,"Asia",33.223191,43.679291,30.585164,36.238414,451360
2010,"IRQ",368,"LBN",422,"Asia",33.223191,43.679291,33.854721,35.862285,8278
2010,"IRQ",368,"NLD",528,"Asia",33.223191,43.679291,52.132633,5.291266,20804
2010,"IRQ",368,"NOR",578,"Asia",33.223191,43.679291,60.472024,8.468946,7364
2010,"IRQ",368,"SWE",752,"Asia",33.223191,43.679291,60.128161,18.643501,30593
2010,"IRQ",368,"SYR",760,"Asia",33.223191,43.679291,34.802075,38.996815,1000623
2010,"IRQ",368,"TUR",792,"Asia",33.223191,43.679291,38.963745,35.243322,5877
2010,"IRQ",368,"USA",840,"Asia",33.223191,43.679291,37.09024,-95.712891,5551
2010,"KHM",116,"FRA",250,"Asia",12.565679,104.990963,46.227638,2.213749,12956
2010,"LAO",418,"FRA",250,"Asia",19.85627,102.495496,46.227638,2.213749,7445
2010,"LBN",422,"DEU",276,"Asia",33.854721,35.862285,51.165691,10.451526,13001
2010,"LBR",430,"CIV",384,"Africa",6.428055,-9.429499,7.539989,-5.54708,25638
2010,"LBR",430,"GHA",288,"Africa",6.428055,-9.429499,7.946527,-1.023194,11585
2010,"LBR",430,"GIN",324,"Africa",6.428055,-9.429499,9.945587,-9.696645,10116
2010,"LBR",430,"NGA",566,"Africa",6.428055,-9.429499,9.081999,8.675277,5345
2010,"LBR",430,"SLE",694,"Africa",6.428055,-9.429499,8.460555,-11.779889,8341
2010,"LKA",144,"CAN",124,"Asia",7.873054,80.771797,56.130366,-106.346771,18250
2010,"LKA",144,"CHE",756,"Asia",7.873054,80.771797,46.818188,8.227512,5277
2010,"LKA",144,"DEU",276,"Asia",7.873054,80.771797,51.165691,10.451526,12744
2010,"LKA",144,"FRA",250,"Asia",7.873054,80.771797,46.227638,2.213749,21833
2010,"LKA",144,"GBR",826,"Asia",7.873054,80.771797,55.378051,-3.435973,6822
2010,"LKA",144,"IND",356,"Asia",7.873054,80.771797,20.593684,78.96288,69998
2010,"MEX",484,"CAN",124,"Americas",23.634501,-102.552784,56.130366,-106.346771,14603
2010,"MKD",807,"DEU",276,"Europe",41.608635,21.745275,51.165691,10.451526,7912
2010,"MMR",104,"BGD",50,"Asia",21.913965,95.956223,23.684994,90.356331,229226
2010,"MMR",104,"IND",356,"Asia",21.913965,95.956223,20.593684,78.96288,7977
2010,"MMR",104,"MYS",458,"Asia",21.913965,95.956223,4.210484,101.975766,84673
2010,"MMR",104,"THA",764,"Asia",21.913965,95.956223,15.870032,100.992541,104680
2010,"MRT",478,"MLI",466,"Africa",21.00789,-10.940835,17.570692,-3.996166,10600
2010,"MRT",478,"SEN",686,"Africa",21.00789,-10.940835,14.497401,-14.452362,20004
2010,"PAK",586,"AFG",4,"Asia",30.375321,69.345116,33.93911,67.709953,6407
2010,"PAK",586,"CAN",124,"Asia",30.375321,69.345116,56.130366,-106.346771,15347
2010,"PAK",586,"DEU",276,"Asia",30.375321,69.345116,51.165691,10.451526,8353
2010,"PAK",586,"GRC",300,"Asia",30.375321,69.345116,39.074208,21.824312,13712
2010,"PSE",275,"EGY",818,"Asia",31.952162,35.233154,26.820553,30.802498,70053
2010,"PSE",275,"IRQ",368,"Asia",31.952162,35.233154,33.223191,43.679291,10798
2010,"RUS",643,"AUT",40,"Europe",61.52401,105.318756,47.516231,14.550072,21099
2010,"RUS",643,"DEU",276,"Europe",61.52401,105.318756,51.165691,10.451526,41480
2010,"RUS",643,"FRA",250,"Europe",61.52401,105.318756,46.227638,2.213749,9858
2010,"RUS",643,"POL",616,"Europe",61.52401,105.318756,51.919438,19.145136,15686
2010,"RUS",643,"USA",840,"Europe",61.52401,105.318756,37.09024,-95.712891,7172
2010,"RWA",646,"COD",180,"Africa",-1.940278,29.873888,-4.038333,21.758664,69988
2010,"RWA",646,"COG",178,"Africa",-1.940278,29.873888,-0.228021,15.827659,7889
2010,"RWA",646,"MWI",454,"Africa",-1.940278,29.873888,-13.254308,34.301525,6482
2010,"RWA",646,"UGA",800,"Africa",-1.940278,29.873888,1.373333,32.290275,16020
2010,"RWA",646,"ZMB",894,"Africa",-1.940278,29.873888,-13.133897,27.849332,5814
2010,"SDN",729,"EGY",818,"Africa",12.862807,30.217636,26.820553,30.802498,22511
2010,"SDN",729,"ETH",231,"Africa",12.862807,30.217636,9.145,40.489673,25338
2010,"SDN",729,"ISR",376,"Africa",12.862807,30.217636,31.046051,34.851612,8137
2010,"SDN",729,"KEN",404,"Africa",12.862807,30.217636,-0.023559,37.906193,26998
2010,"SDN",729,"TCD",148,"Africa",12.862807,30.217636,15.454166,18.732207,278262
2010,"SDN",729,"UGA",800,"Africa",12.862807,30.217636,1.373333,32.290275,19889
2010,"SEN",686,"GMB",270,"Africa",14.497401,-14.452362,13.443182,-15.310139,7359
2010,"SEN",686,"GNB",624,"Africa",14.497401,-14.452362,11.803749,-15.180413,7647
2010,"SOM",706,"CAN",124,"Africa",5.152149,46.199616,56.130366,-106.346771,5024
2010,"SOM",706,"DJI",262,"Africa",5.152149,46.199616,11.825138,42.590275,14216
2010,"SOM",706,"EGY",818,"Africa",5.152149,46.199616,26.820553,30.802498,6550
2010,"SOM",706,"ETH",231,"Africa",5.152149,46.199616,9.145,40.489673,81544
2010,"SOM",706,"GBR",826,"Africa",5.152149,46.199616,55.378051,-3.435973,23893
2010,"SOM",706,"ITA",380,"Africa",5.152149,46.199616,41.87194,12.56738,7924
2010,"SOM",706,"KEN",404,"Africa",5.152149,46.199616,-0.023559,37.906193,353208
2010,"SOM",706,"NLD",528,"Africa",5.152149,46.199616,52.132633,5.291266,16004
2010,"SOM",706,"NOR",578,"Africa",5.152149,46.199616,60.472024,8.468946,8617
2010,"SOM",706,"SWE",752,"Africa",5.152149,46.199616,60.128161,18.643501,16791
2010,"SOM",706,"UGA",800,"Africa",5.152149,46.199616,1.373333,32.290275,17411
2010,"SOM",706,"YEM",887,"Africa",5.152149,46.199616,15.552727,48.516388,179845
2010,"SOM",706,"ZAF",710,"Africa",5.152149,46.199616,-30.559482,22.937506,15186
2010,"SRB",688,"AUT",40,"Europe",44.016521,21.005859,47.516231,14.550072,6150
2010,"SRB",688,"CHE",756,"Europe",44.016521,21.005859,46.818188,8.227512,6539
2010,"SRB",688,"DEU",276,"Europe",44.016521,21.005859,51.165691,10.451526,130129
2010,"SRB",688,"FRA",250,"Europe",44.016521,21.005859,46.227638,2.213749,9985
2010,"SRB",688,"GBR",826,"Europe",44.016521,21.005859,55.378051,-3.435973,6759
2010,"SRB",688,"MNE",499,"Europe",44.016521,21.005859,42.708678,19.37439,10948
2010,"SRB",688,"SWE",752,"Europe",44.016521,21.005859,60.128161,18.643501,9672
2010,"SYR",760,"DEU",276,"Asia",34.802075,38.996815,51.165691,10.451526,13208
2010,"TCD",148,"CMR",120,"Africa",15.454166,18.732207,7.369722,12.354722,8951
2010,"TCD",148,"SDN",729,"Africa",15.454166,18.732207,12.862807,30.217636,39593
2010,"TGO",768,"BEN",204,"Africa",8.619543,0.824782,9.30769,2.315834,5947
2010,"TUR",792,"CHE",756,"Asia",38.963745,35.243322,46.818188,8.227512,5210
2010,"TUR",792,"DEU",276,"Asia",38.963745,35.243322,51.165691,10.451526,100768
2010,"TUR",792,"FRA",250,"Asia",38.963745,35.243322,46.227638,2.213749,11009
2010,"TUR",792,"GBR",826,"Asia",38.963745,35.243322,55.378051,-3.435973,6172
2010,"TUR",792,"IRQ",368,"Asia",38.963745,35.243322,33.223191,43.679291,16027
2010,"UKR",804,"DEU",276,"Europe",48.379433,31.16558,51.165691,10.451526,19492
2010,"VEN",862,"USA",840,"Americas",6.42375,-66.58973,37.09024,-95.712891,5810
2010,"VNM",704,"CHN",156,"Asia",14.058324,108.277199,35.86166,104.195397,300897
2010,"VNM",704,"DEU",276,"Asia",14.058324,108.277199,51.165691,10.451526,25492
2010,"VNM",704,"FRA",250,"Asia",14.058324,108.277199,46.227638,2.213749,8719
2010,"ZWE",716,"GBR",826,"Africa",-19.015438,29.154857,55.378051,-3.435973,14819
2011,"AFG",4,"AUT",40,"Asia",33.93911,67.709953,47.516231,14.550072,13212
2011,"AFG",4,"DEU",276,"Asia",33.93911,67.709953,51.165691,10.451526,41512
2011,"AFG",4,"GBR",826,"Asia",33.93911,67.709953,55.378051,-3.435973,15826
2011,"AFG",4,"IND",356,"Asia",33.93911,67.709953,20.593684,78.96288,9780
2011,"AFG",4,"IRN",364,"Asia",33.93911,67.709953,32.427908,53.688046,840872
2011,"AFG",4,"NLD",528,"Asia",33.93911,67.709953,52.132633,5.291266,7170
2011,"AFG",4,"NOR",578,"Asia",33.93911,67.709953,60.472024,8.468946,7411
2011,"AFG",4,"PAK",586,"Asia",33.93911,67.709953,30.375321,69.345116,1703488
2011,"AFG",4,"SWE",752,"Asia",33.93911,67.709953,60.128161,18.643501,8824
2011,"AFG",4,"TJK",762,"Asia",33.93911,67.709953,38.861034,71.276093,5281
2011,"AFG",4,"TUR",792,"Asia",33.93911,67.709953,38.963745,35.243322,5077
2011,"AGO",24,"COD",180,"Africa",-11.202692,17.873887,-4.038333,21.758664,78149
2011,"AGO",24,"ZAF",710,"Africa",-11.202692,17.873887,-30.559482,22.937506,5814
2011,"AGO",24,"ZMB",894,"Africa",-11.202692,17.873887,-13.133897,27.849332,23520
2011,"ALB",8,"USA",840,"Europe",41.153332,20.168331,37.09024,-95.712891,5224
2011,"ARM",51,"USA",840,"Asia",40.069099,45.038189,37.09024,-95.712891,5263
2011,"AZE",31,"DEU",276,"Asia",40.143105,47.576927,51.165691,10.451526,7655
2011,"BDI",108,"COD",180,"Africa",-3.373056,29.918886,-4.038333,21.758664,9700
2011,"BDI",108,"TZA",834,"Africa",-3.373056,29.918886,-6.369028,34.888822,67554
2011,"BDI",108,"UGA",800,"Africa",-3.373056,29.918886,1.373333,32.290275,8143
2011,"BIH",70,"DEU",276,"Europe",43.915886,17.679076,51.165691,10.451526,24422
2011,"BIH",70,"SRB",688,"Europe",43.915886,17.679076,44.016521,21.005859,20673
2011,"BTN",64,"NPL",524,"Asia",27.514162,90.433601,28.394857,84.124008,58295
2011,"CAF",140,"CMR",120,"Africa",6.611111,20.939444,7.369722,12.354722,91644
2011,"CAF",140,"TCD",148,"Africa",6.611111,20.939444,15.454166,18.732207,67420
2011,"CHN",156,"CAN",124,"Asia",35.86166,104.195397,56.130366,-106.346771,20189
2011,"CHN",156,"IND",356,"Asia",35.86166,104.195397,20.593684,78.96288,100003
2011,"CHN",156,"USA",840,"Asia",35.86166,104.195397,37.09024,-95.712891,61778
2011,"CIV",384,"GHA",288,"Africa",7.539989,-5.54708,7.946527,-1.023194,10091
2011,"CIV",384,"GIN",324,"Africa",7.539989,-5.54708,9.945587,-9.696645,6475
2011,"CIV",384,"LBR",430,"Africa",7.539989,-5.54708,6.428055,-9.429499,128067
2011,"CIV",384,"TGO",768,"Africa",7.539989,-5.54708,8.619543,0.824782,5380
2011,"CMR",120,"USA",840,"Africa",7.369722,12.354722,37.09024,-95.712891,7380
2011,"COD",180,"AGO",24,"Africa",-4.038333,21.758664,-11.202692,17.873887,15176
2011,"COD",180,"BDI",108,"Africa",-4.038333,21.758664,-3.373056,29.918886,44642
2011,"COD",180,"CAF",140,"Africa",-4.038333,21.758664,6.611111,20.939444,14720
2011,"COD",180,"CAN",124,"Africa",-4.038333,21.758664,56.130366,-106.346771,5011
2011,"COD",180,"COG",178,"Africa",-4.038333,21.758664,-0.228021,15.827659,133949
2011,"COD",180,"DEU",276,"Africa",-4.038333,21.758664,51.165691,10.451526,5571
2011,"COD",180,"FRA",250,"Africa",-4.038333,21.758664,46.227638,2.213749,11931
2011,"COD",180,"KEN",404,"Africa",-4.038333,21.758664,-0.023559,37.906193,11416
2011,"COD",180,"MOZ",508,"Africa",-4.038333,21.758664,-18.665695,35.529562,6779
2011,"COD",180,"MWI",454,"Africa",-4.038333,21.758664,-13.254308,34.301525,7943
2011,"COD",180,"RWA",646,"Africa",-4.038333,21.758664,-1.940278,29.873888,55219
2011,"COD",180,"TZA",834,"Africa",-4.038333,21.758664,-6.369028,34.888822,62299
2011,"COD",180,"UGA",800,"Africa",-4.038333,21.758664,1.373333,32.290275,88424
2011,"COD",180,"ZAF",710,"Africa",-4.038333,21.758664,-30.559482,22.937506,17440
2011,"COD",180,"ZMB",894,"Africa",-4.038333,21.758664,-13.133897,27.849332,12857
2011,"COL",170,"CAN",124,"Americas",4.570868,-74.297333,56.130366,-106.346771,19125
2011,"COL",170,"CRI",188,"Americas",4.570868,-74.297333,9.748917,-83.753428,10622
2011,"COL",170,"ECU",218,"Americas",4.570868,-74.297333,-1.831239,-78.183406,143410
2011,"COL",170,"PAN",591,"Americas",4.570868,-74.297333,8.537981,-80.782127,16073
2011,"COL",170,"USA",840,"Americas",4.570868,-74.297333,37.09024,-95.712891,22181
2011,"COL",170,"VEN",862,"Americas",4.570868,-74.297333,6.42375,-66.58973,219133
2011,"EGY",818,"USA",840,"Africa",26.820553,30.802498,37.09024,-95.712891,5362
2011,"ERI",232,"CHE",756,"Africa",15.179384,39.782334,46.818188,8.227512,10911
2011,"ERI",232,"DEU",276,"Africa",15.179384,39.782334,51.165691,10.451526,5368
2011,"ERI",232,"ETH",231,"Africa",15.179384,39.782334,9.145,40.489673,54946
2011,"ERI",232,"GBR",826,"Africa",15.179384,39.782334,55.378051,-3.435973,10297
2011,"ERI",232,"ISR",376,"Africa",15.179384,39.782334,31.046051,34.851612,31144
2011,"ERI",232,"ITA",380,"Africa",15.179384,39.782334,41.87194,12.56738,11206
2011,"ERI",232,"NOR",578,"Africa",15.179384,39.782334,60.472024,8.468946,6998
2011,"ERI",232,"SDN",729,"Africa",15.179384,39.782334,12.862807,30.217636,102946
2011,"ERI",232,"SWE",752,"Africa",15.179384,39.782334,60.128161,18.643501,5739
2011,"ERI",232,"UGA",800,"Africa",15.179384,39.782334,1.373333,32.290275,6406
2011,"ESH",732,"DZA",12,"Africa",24.215527,-12.885834,28.033886,1.659626,90000
2011,"ESH",732,"MRT",478,"Africa",24.215527,-12.885834,21.00789,-10.940835,26000
2011,"ETH",231,"DEU",276,"Africa",9.145,40.489673,51.165691,10.451526,5108
2011,"ETH",231,"KEN",404,"Africa",9.145,40.489673,-0.023559,37.906193,35120
2011,"ETH",231,"SDN",729,"Africa",9.145,40.489673,12.862807,30.217636,7680
2011,"ETH",231,"SOM",706,"Africa",9.145,40.489673,5.152149,46.199616,7983
2011,"ETH",231,"USA",840,"Africa",9.145,40.489673,37.09024,-95.712891,11399
2011,"ETH",231,"YEM",887,"Africa",9.145,40.489673,15.552727,48.516388,9578
2011,"ETH",231,"ZAF",710,"Africa",9.145,40.489673,-30.559482,22.937506,7018
2011,"GHA",288,"TGO",768,"Africa",7.946527,-1.023194,8.619543,0.824782,13681
2011,"GTM",320,"USA",840,"Americas",15.783471,-90.230759,37.09024,-95.712891,5483
2011,"HRV",191,"BIH",70,"Europe",45.1,15.2,43.915886,17.679076,6769
2011,"HRV",191,"SRB",688,"Europe",45.1,15.2,44.016521,21.005859,49946
2011,"HTI",332,"CAN",124,"Americas",18.971187,-72.285215,56.130366,-106.346771,6332
2011,"HTI",332,"USA",840,"Americas",18.971187,-72.285215,37.09024,-95.712891,24174
2011,"HUN",348,"CAN",124,"Europe",47.162494,19.503304,56.130366,-106.346771,6868
2011,"IDN",360,"PNG",598,"Asia",-0.789275,113.921327,-6.314993,143.95555,9368
2011,"IDN",360,"USA",840,"Asia",-0.789275,113.921327,37.09024,-95.712891,5154
2011,"IND",356,"CAN",124,"Asia",20.593684,78.96288,56.130366,-106.346771,6794
2011,"IND",356,"USA",840,"Asia",20.593684,78.96288,37.09024,-95.712891,6857
2011,"IRN",364,"DEU",276,"Asia",32.427908,53.688046,51.165691,10.451526,25157
2011,"IRN",364,"GBR",826,"Asia",32.427908,53.688046,55.378051,-3.435973,13336
2011,"IRN",364,"IRQ",368,"Asia",32.427908,53.688046,33.223191,43.679291,10467
2011,"IRN",364,"TUR",792,"Asia",32.427908,53.688046,38.963745,35.243322,5606
2011,"IRQ",368,"DEU",276,"Asia",33.223191,43.679291,51.165691,10.451526,55050
2011,"IRQ",368,"EGY",818,"Asia",33.223191,43.679291,26.820553,30.802498,7438
2011,"IRQ",368,"GBR",826,"Asia",33.223191,43.679291,55.378051,-3.435973,16173
2011,"IRQ",368,"IRN",364,"Asia",33.223191,43.679291,32.427908,53.688046,45937
2011,"IRQ",368,"JOR",400,"Asia",33.223191,43.679291,30.585164,36.238414,451465
2011,"IRQ",368,"LBN",422,"Asia",33.223191,43.679291,33.854721,35.862285,9230
2011,"IRQ",368,"NLD",528,"Asia",33.223191,43.679291,52.132633,5.291266,19639
2011,"IRQ",368,"NOR",578,"Asia",33.223191,43.679291,60.472024,8.468946,6966
2011,"IRQ",368,"SWE",752,"Asia",33.223191,43.679291,60.128161,18.643501,28425
2011,"IRQ",368,"SYR",760,"Asia",33.223191,43.679291,34.802075,38.996815,750892
2011,"IRQ",368,"TUR",792,"Asia",33.223191,43.679291,38.963745,35.243322,10749
2011,"IRQ",368,"USA",840,"Asia",33.223191,43.679291,37.09024,-95.712891,5301
2011,"KHM",116,"FRA",250,"Asia",12.565679,104.990963,46.227638,2.213749,12818
2011,"LAO",418,"FRA",250,"Asia",19.85627,102.495496,46.227638,2.213749,7382
2011,"LBN",422,"DEU",276,"Asia",33.854721,35.862285,51.165691,10.451526,12210
2011,"LBR",430,"CIV",384,"Africa",6.428055,-9.429499,7.539989,-5.54708,24111
2011,"LBR",430,"GHA",288,"Africa",6.428055,-9.429499,7.946527,-1.023194,11301
2011,"LBR",430,"GIN",324,"Africa",6.428055,-9.429499,9.945587,-9.696645,10333
2011,"LBR",430,"NGA",566,"Africa",6.428055,-9.429499,9.081999,8.675277,5326
2011,"LBR",430,"SLE",694,"Africa",6.428055,-9.429499,8.460555,-11.779889,8046
2011,"LKA",144,"CAN",124,"Asia",7.873054,80.771797,56.130366,-106.346771,16606
2011,"LKA",144,"CHE",756,"Asia",7.873054,80.771797,46.818188,8.227512,5137
2011,"LKA",144,"DEU",276,"Asia",7.873054,80.771797,51.165691,10.451526,12599
2011,"LKA",144,"FRA",250,"Asia",7.873054,80.771797,46.227638,2.213749,22719
2011,"LKA",144,"GBR",826,"Asia",7.873054,80.771797,55.378051,-3.435973,7348
2011,"LKA",144,"IND",356,"Asia",7.873054,80.771797,20.593684,78.96288,68152
2011,"MEX",484,"CAN",124,"Americas",23.634501,-102.552784,56.130366,-106.346771,9571
2011,"MKD",807,"DEU",276,"Europe",41.608635,21.745275,51.165691,10.451526,7061
2011,"MMR",104,"BGD",50,"Asia",21.913965,95.956223,23.684994,90.356331,229644
2011,"MMR",104,"IND",356,"Asia",21.913965,95.956223,20.593684,78.96288,9423
2011,"MMR",104,"MYS",458,"Asia",21.913965,95.956223,4.210484,101.975766,88494
2011,"MMR",104,"THA",764,"Asia",21.913965,95.956223,15.870032,100.992541,100543
2011,"MRT",478,"MLI",466,"Africa",21.00789,-10.940835,17.570692,-3.996166,12574
2011,"MRT",478,"SEN",686,"Africa",21.00789,-10.940835,14.497401,-14.452362,19994
2011,"PAK",586,"CAN",124,"Asia",30.375321,69.345116,56.130366,-106.346771,14218
2011,"PAK",586,"DEU",276,"Asia",30.375321,69.345116,51.165691,10.451526,9702
2011,"PAK",586,"GBR",826,"Asia",30.375321,69.345116,55.378051,-3.435973,6938
2011,"PSE",275,"EGY",818,"Asia",31.952162,35.233154,26.820553,30.802498,70049
2011,"PSE",275,"IRQ",368,"Asia",31.952162,35.233154,33.223191,43.679291,11549
2011,"RUS",643,"AUT",40,"Europe",61.52401,105.318756,47.516231,14.550072,21582
2011,"RUS",643,"DEU",276,"Europe",61.52401,105.318756,51.165691,10.451526,42409
2011,"RUS",643,"FRA",250,"Europe",61.52401,105.318756,46.227638,2.213749,10882
2011,"RUS",643,"POL",616,"Europe",61.52401,105.318756,51.919438,19.145136,16815
2011,"RUS",643,"USA",840,"Europe",61.52401,105.318756,37.09024,-95.712891,7119
2011,"RWA",646,"COD",180,"Africa",-1.940278,29.873888,-4.038333,21.758664,61737
2011,"RWA",646,"COG",178,"Africa",-1.940278,29.873888,-0.228021,15.827659,8577
2011,"RWA",646,"MWI",454,"Africa",-1.940278,29.873888,-13.254308,34.301525,5265
2011,"RWA",646,"UGA",800,"Africa",-1.940278,29.873888,1.373333,32.290275,15794
2011,"RWA",646,"ZMB",894,"Africa",-1.940278,29.873888,-13.133897,27.849332,5676
2011,"SDN",729,"EGY",818,"Africa",12.862807,30.217636,26.820553,30.802498,24750
2011,"SDN",729,"ETH",231,"Africa",12.862807,30.217636,9.145,40.489673,46014
2011,"SDN",729,"ISR",376,"Africa",12.862807,30.217636,31.046051,34.851612,9010
2011,"SDN",729,"KEN",404,"Africa",12.862807,30.217636,-0.023559,37.906193,28340
2011,"SDN",729,"TCD",148,"Africa",12.862807,30.217636,15.454166,18.732207,298316
2011,"SDN",729,"UGA",800,"Africa",12.862807,30.217636,1.373333,32.290275,19321
2011,"SEN",686,"GMB",270,"Africa",14.497401,-14.452362,13.443182,-15.310139,8359
2011,"SEN",686,"GNB",624,"Africa",14.497401,-14.452362,11.803749,-15.180413,7663
2011,"SLV",222,"USA",840,"Americas",13.794185,-88.89653,37.09024,-95.712891,5200
2011,"SOM",706,"DJI",262,"Africa",5.152149,46.199616,11.825138,42.590275,19431
2011,"SOM",706,"EGY",818,"Africa",5.152149,46.199616,26.820553,30.802498,7168
2011,"SOM",706,"ETH",231,"Africa",5.152149,46.199616,9.145,40.489673,185604
2011,"SOM",706,"GBR",826,"Africa",5.152149,46.199616,55.378051,-3.435973,20092
2011,"SOM",706,"ITA",380,"Africa",5.152149,46.199616,41.87194,12.56738,8497
2011,"SOM",706,"KEN",404,"Africa",5.152149,46.199616,-0.023559,37.906193,519411
2011,"SOM",706,"NLD",528,"Africa",5.152149,46.199616,52.132633,5.291266,17310
2011,"SOM",706,"NOR",578,"Africa",5.152149,46.199616,60.472024,8.468946,9732
2011,"SOM",706,"SWE",752,"Africa",5.152149,46.199616,60.128161,18.643501,19346
2011,"SOM",706,"UGA",800,"Africa",5.152149,46.199616,1.373333,32.290275,21063
2011,"SOM",706,"YEM",887,"Africa",5.152149,46.199616,15.552727,48.516388,204685
2011,"SOM",706,"ZAF",710,"Africa",5.152149,46.199616,-30.559482,22.937506,20864
2011,"SRB",688,"CHE",756,"Europe",44.016521,21.005859,46.818188,8.227512,6254
2011,"SRB",688,"DEU",276,"Europe",44.016521,21.005859,51.165691,10.451526,118090
2011,"SRB",688,"FRA",250,"Europe",44.016521,21.005859,46.227638,2.213749,10891
2011,"SRB",688,"MNE",499,"Europe",44.016521,21.005859,42.708678,19.37439,9367
2011,"SRB",688,"SWE",752,"Europe",44.016521,21.005859,60.128161,18.643501,8007
2011,"SYR",760,"DEU",276,"Asia",34.802075,38.996815,51.165691,10.451526,14868
2011,"TCD",148,"CMR",120,"Africa",15.454166,18.732207,7.369722,12.354722,5762
2011,"TCD",148,"SDN",729,"Africa",15.454166,18.732207,12.862807,30.217636,31893
2011,"TGO",768,"BEN",204,"Africa",8.619543,0.824782,9.30769,2.315834,5904
2011,"TUR",792,"CHE",756,"Asia",38.963745,35.243322,46.818188,8.227512,5051
2011,"TUR",792,"DEU",276,"Asia",38.963745,35.243322,51.165691,10.451526,95774
2011,"TUR",792,"FRA",250,"Asia",38.963745,35.243322,46.227638,2.213749,10885
2011,"TUR",792,"GBR",826,"Asia",38.963745,35.243322,55.378051,-3.435973,6005
2011,"TUR",792,"IRQ",368,"Asia",38.963745,35.243322,33.223191,43.679291,15622
2011,"UKR",804,"DEU",276,"Europe",48.379433,31.16558,51.165691,10.451526,19992
2011,"UZB",860,"KGZ",417,"Asia",41.377491,64.585262,41.20438,74.766098,5897
2011,"VEN",862,"USA",840,"Americas",6.42375,-66.58973,37.09024,-95.712891,6682
2011,"VNM",704,"CHN",156,"Asia",14.058324,108.277199,35.86166,104.195397,300897
2011,"VNM",704,"DEU",276,"Asia",14.058324,108.277199,51.165691,10.451526,24831
2011,"VNM",704,"FRA",250,"Asia",14.058324,108.277199,46.227638,2.213749,8654
2011,"ZWE",716,"GBR",826,"Africa",-19.015438,29.154857,55.378051,-3.435973,15987
2011,"ZWE",716,"ZAF",710,"Africa",-19.015438,29.154857,-30.559482,22.937506,36144
2012,"AFG",4,"AUS",36,"Asia",33.93911,67.709953,-25.274398,133.775136,8266
2012,"AFG",4,"AUT",40,"Asia",33.93911,67.709953,47.516231,14.550072,16361
2012,"AFG",4,"DEU",276,"Asia",33.93911,67.709953,51.165691,10.451526,46103
2012,"AFG",4,"GBR",826,"Asia",33.93911,67.709953,55.378051,-3.435973,11107
2012,"AFG",4,"IND",356,"Asia",33.93911,67.709953,20.593684,78.96288,10204
2012,"AFG",4,"IRN",364,"Asia",33.93911,67.709953,32.427908,53.688046,824100
2012,"AFG",4,"ITA",380,"Asia",33.93911,67.709953,41.87194,12.56738,6220
2012,"AFG",4,"NLD",528,"Asia",33.93911,67.709953,52.132633,5.291266,7599
2012,"AFG",4,"NOR",578,"Asia",33.93911,67.709953,60.472024,8.468946,6942
2012,"AFG",4,"PAK",586,"Asia",33.93911,67.709953,30.375321,69.345116,1640960
2012,"AFG",4,"SWE",752,"Asia",33.93911,67.709953,60.128161,18.643501,10807
2012,"AFG",4,"TUR",792,"Asia",33.93911,67.709953,38.963745,35.243322,18103
2012,"AGO",24,"ZAF",710,"Africa",-11.202692,17.873887,-30.559482,22.937506,5836
2012,"ARM",51,"DEU",276,"Asia",40.069099,45.038189,51.165691,10.451526,5376
2012,"AZE",31,"DEU",276,"Asia",40.143105,47.576927,51.165691,10.451526,7912
2012,"BDI",108,"COD",180,"Africa",-3.373056,29.918886,-4.038333,21.758664,10230
2012,"BDI",108,"TZA",834,"Africa",-3.373056,29.918886,-6.369028,34.888822,35373
2012,"BDI",108,"UGA",800,"Africa",-3.373056,29.918886,1.373333,32.290275,12524
2012,"BIH",70,"DEU",276,"Europe",43.915886,17.679076,51.165691,10.451526,25131
2012,"BIH",70,"SRB",688,"Europe",43.915886,17.679076,44.016521,21.005859,16418
2012,"BTN",64,"NPL",524,"Asia",27.514162,90.433601,28.394857,84.124008,40971
2012,"CAF",140,"CMR",120,"Africa",6.611111,20.939444,7.369722,12.354722,93645
2012,"CAF",140,"TCD",148,"Africa",6.611111,20.939444,15.454166,18.732207,65887
2012,"CHN",156,"CAN",124,"Asia",35.86166,104.195397,56.130366,-106.346771,19978
2012,"CHN",156,"IND",356,"Asia",35.86166,104.195397,20.593684,78.96288,100003
2012,"CHN",156,"USA",840,"Asia",35.86166,104.195397,37.09024,-95.712891,66018
2012,"CIV",384,"AGO",24,"Africa",7.539989,-5.54708,-11.202692,17.873887,5124
2012,"CIV",384,"GHA",288,"Africa",7.539989,-5.54708,7.946527,-1.023194,8699
2012,"CIV",384,"GIN",324,"Africa",7.539989,-5.54708,9.945587,-9.696645,6697
2012,"CIV",384,"LBR",430,"Africa",7.539989,-5.54708,6.428055,-9.429499,65560
2012,"CIV",384,"TGO",768,"Africa",7.539989,-5.54708,8.619543,0.824782,5806
2012,"CMR",120,"USA",840,"Africa",7.369722,12.354722,37.09024,-95.712891,6797
2012,"COD",180,"AGO",24,"Africa",-4.038333,21.758664,-11.202692,17.873887,22617
2012,"COD",180,"BDI",108,"Africa",-4.038333,21.758664,-3.373056,29.918886,47034
2012,"COD",180,"CAF",140,"Africa",-4.038333,21.758664,6.611111,20.939444,12024
2012,"COD",180,"COG",178,"Africa",-4.038333,21.758664,-0.228021,15.827659,92012
2012,"COD",180,"DEU",276,"Africa",-4.038333,21.758664,51.165691,10.451526,5679
2012,"COD",180,"FRA",250,"Africa",-4.038333,21.758664,46.227638,2.213749,14923
2012,"COD",180,"KEN",404,"Africa",-4.038333,21.758664,-0.023559,37.906193,12768
2012,"COD",180,"MOZ",508,"Africa",-4.038333,21.758664,-18.665695,35.529562,6615
2012,"COD",180,"MWI",454,"Africa",-4.038333,21.758664,-13.254308,34.301525,7822
2012,"COD",180,"RWA",646,"Africa",-4.038333,21.758664,-1.940278,29.873888,59303
2012,"COD",180,"TZA",834,"Africa",-4.038333,21.758664,-6.369028,34.888822,63787
2012,"COD",180,"UGA",800,"Africa",-4.038333,21.758664,1.373333,32.290275,134357
2012,"COD",180,"ZAF",710,"Africa",-4.038333,21.758664,-30.559482,22.937506,23174
2012,"COD",180,"ZMB",894,"Africa",-4.038333,21.758664,-13.133897,27.849332,15431
2012,"COL",170,"CAN",124,"Americas",4.570868,-74.297333,56.130366,-106.346771,18817
2012,"COL",170,"CRI",188,"Americas",4.570868,-74.297333,9.748917,-83.753428,10661
2012,"COL",170,"ECU",218,"Americas",4.570868,-74.297333,-1.831239,-78.183406,137372
2012,"COL",170,"PAN",591,"Americas",4.570868,-74.297333,8.537981,-80.782127,15808
2012,"COL",170,"USA",840,"Americas",4.570868,-74.297333,37.09024,-95.712891,17944
2012,"COL",170,"VEN",862,"Americas",4.570868,-74.297333,6.42375,-66.58973,204313
2012,"EGY",818,"USA",840,"Africa",26.820553,30.802498,37.09024,-95.712891,7202
2012,"ERI",232,"CHE",756,"Africa",15.179384,39.782334,46.818188,8.227512,14745
2012,"ERI",232,"DEU",276,"Africa",15.179384,39.782334,51.165691,10.451526,5854
2012,"ERI",232,"ETH",231,"Africa",15.179384,39.782334,9.145,40.489673,63823
2012,"ERI",232,"GBR",826,"Africa",15.179384,39.782334,55.378051,-3.435973,10278
2012,"ERI",232,"ISR",376,"Africa",15.179384,39.782334,31.046051,34.851612,37347
2012,"ERI",232,"ITA",380,"Africa",15.179384,39.782334,41.87194,12.56738,11962
2012,"ERI",232,"NOR",578,"Africa",15.179384,39.782334,60.472024,8.468946,7937
2012,"ERI",232,"SDN",729,"Africa",15.179384,39.782334,12.862807,30.217636,114874
2012,"ERI",232,"SWE",752,"Africa",15.179384,39.782334,60.128161,18.643501,7400
2012,"ERI",232,"UGA",800,"Africa",15.179384,39.782334,1.373333,32.290275,8944
2012,"ESH",732,"DZA",12,"Africa",24.215527,-12.885834,28.033886,1.659626,90000
2012,"ESH",732,"MRT",478,"Africa",24.215527,-12.885834,21.00789,-10.940835,26000
2012,"ETH",231,"DEU",276,"Africa",9.145,40.489673,51.165691,10.451526,5389
2012,"ETH",231,"KEN",404,"Africa",9.145,40.489673,-0.023559,37.906193,31643
2012,"ETH",231,"SDN",729,"Africa",9.145,40.489673,12.862807,30.217636,8649
2012,"ETH",231,"SOM",706,"Africa",9.145,40.489673,5.152149,46.199616,10586
2012,"ETH",231,"USA",840,"Africa",9.145,40.489673,37.09024,-95.712891,10862
2012,"ETH",231,"YEM",887,"Africa",9.145,40.489673,15.552727,48.516388,10795
2012,"ETH",231,"ZAF",710,"Africa",9.145,40.489673,-30.559482,22.937506,11757
2012,"GHA",288,"TGO",768,"Africa",7.946527,-1.023194,8.619543,0.824782,17376
2012,"GIN",324,"FRA",250,"Africa",9.945587,-9.696645,46.227638,2.213749,5419
2012,"GTM",320,"USA",840,"Americas",15.783471,-90.230759,37.09024,-95.712891,6106
2012,"HRV",191,"BIH",70,"Europe",45.1,15.2,43.915886,17.679076,6733
2012,"HRV",191,"SRB",688,"Europe",45.1,15.2,44.016521,21.005859,49931
2012,"HTI",332,"CAN",124,"Americas",18.971187,-72.285215,56.130366,-106.346771,7359
2012,"HTI",332,"USA",840,"Americas",18.971187,-72.285215,37.09024,-95.712891,27153
2012,"IDN",360,"PNG",598,"Asia",-0.789275,113.921327,-6.314993,143.95555,9368
2012,"IND",356,"CAN",124,"Asia",20.593684,78.96288,56.130366,-106.346771,6571
2012,"IND",356,"USA",840,"Asia",20.593684,78.96288,37.09024,-95.712891,5409
2012,"IRN",364,"DEU",276,"Asia",32.427908,53.688046,51.165691,10.451526,28247
2012,"IRN",364,"GBR",826,"Asia",32.427908,53.688046,55.378051,-3.435973,13393
2012,"IRN",364,"IRQ",368,"Asia",32.427908,53.688046,33.223191,43.679291,11060
2012,"IRN",364,"TUR",792,"Asia",32.427908,53.688046,38.963745,35.243322,6703
2012,"IRQ",368,"DEU",276,"Asia",33.223191,43.679291,51.165691,10.451526,56131
2012,"IRQ",368,"EGY",818,"Asia",33.223191,43.679291,26.820553,30.802498,6795
2012,"IRQ",368,"GBR",826,"Asia",33.223191,43.679291,55.378051,-3.435973,6242
2012,"IRQ",368,"IRN",364,"Asia",33.223191,43.679291,32.427908,53.688046,44085
2012,"IRQ",368,"JOR",400,"Asia",33.223191,43.679291,30.585164,36.238414,64621
2012,"IRQ",368,"LBN",422,"Asia",33.223191,43.679291,33.854721,35.862285,7363
2012,"IRQ",368,"NLD",528,"Asia",33.223191,43.679291,52.132633,5.291266,19396
2012,"IRQ",368,"NOR",578,"Asia",33.223191,43.679291,60.472024,8.468946,6277
2012,"IRQ",368,"SWE",752,"Asia",33.223191,43.679291,60.128161,18.643501,25639
2012,"IRQ",368,"SYR",760,"Asia",33.223191,43.679291,34.802075,38.996815,472111
2012,"IRQ",368,"TUR",792,"Asia",33.223191,43.679291,38.963745,35.243322,12910
2012,"IRQ",368,"USA",840,"Asia",33.223191,43.679291,37.09024,-95.712891,5084
2012,"KHM",116,"FRA",250,"Asia",12.565679,104.990963,46.227638,2.213749,12666
2012,"LAO",418,"FRA",250,"Asia",19.85627,102.495496,46.227638,2.213749,7335
2012,"LBN",422,"DEU",276,"Asia",33.854721,35.862285,51.165691,10.451526,12476
2012,"LBR",430,"GHA",288,"Africa",6.428055,-9.429499,7.946527,-1.023194,5162
2012,"LKA",144,"AUS",36,"Asia",7.873054,80.771797,-25.274398,133.775136,5175
2012,"LKA",144,"CAN",124,"Asia",7.873054,80.771797,56.130366,-106.346771,14894
2012,"LKA",144,"DEU",276,"Asia",7.873054,80.771797,51.165691,10.451526,12666
2012,"LKA",144,"FRA",250,"Asia",7.873054,80.771797,46.227638,2.213749,24963
2012,"LKA",144,"GBR",826,"Asia",7.873054,80.771797,55.378051,-3.435973,6315
2012,"LKA",144,"IND",356,"Asia",7.873054,80.771797,20.593684,78.96288,67165
2012,"MEX",484,"CAN",124,"Americas",23.634501,-102.552784,56.130366,-106.346771,7367
2012,"MKD",807,"DEU",276,"Europe",41.608635,21.745275,51.165691,10.451526,9975
2012,"MLI",466,"BFA",854,"Africa",17.570692,-3.996166,12.238333,-1.561593,38776
2012,"MLI",466,"MRT",478,"Africa",17.570692,-3.996166,21.00789,-10.940835,54034
2012,"MLI",466,"NER",562,"Africa",17.570692,-3.996166,17.607789,8.081666,50204
2012,"MMR",104,"BGD",50,"Asia",21.913965,95.956223,23.684994,90.356331,230674
2012,"MMR",104,"IND",356,"Asia",21.913965,95.956223,20.593684,78.96288,10496
2012,"MMR",104,"MYS",458,"Asia",21.913965,95.956223,4.210484,101.975766,92435
2012,"MMR",104,"THA",764,"Asia",21.913965,95.956223,15.870032,100.992541,96777
2012,"MRT",478,"MLI",466,"Africa",21.00789,-10.940835,17.570692,-3.996166,12436
2012,"MRT",478,"SEN",686,"Africa",21.00789,-10.940835,14.497401,-14.452362,13776
2012,"NPL",524,"USA",840,"Asia",28.394857,84.124008,37.09024,-95.712891,5884
2012,"PAK",586,"AFG",4,"Asia",30.375321,69.345116,33.93911,67.709953,16184
2012,"PAK",586,"CAN",124,"Asia",30.375321,69.345116,56.130366,-106.346771,12791
2012,"PAK",586,"DEU",276,"Asia",30.375321,69.345116,51.165691,10.451526,12379
2012,"PAK",586,"GBR",826,"Asia",30.375321,69.345116,55.378051,-3.435973,7677
2012,"PSE",275,"EGY",818,"Asia",31.952162,35.233154,26.820553,30.802498,70063
2012,"PSE",275,"IRQ",368,"Asia",31.952162,35.233154,33.223191,43.679291,11467
2012,"RUS",643,"AUT",40,"Europe",61.52401,105.318756,47.516231,14.550072,22674
2012,"RUS",643,"DEU",276,"Europe",61.52401,105.318756,51.165691,10.451526,44872
2012,"RUS",643,"FRA",250,"Europe",61.52401,105.318756,46.227638,2.213749,13936
2012,"RUS",643,"POL",616,"Europe",61.52401,105.318756,51.919438,19.145136,16314
2012,"RUS",643,"USA",840,"Europe",61.52401,105.318756,37.09024,-95.712891,7100
2012,"RWA",646,"COD",180,"Africa",-1.940278,29.873888,-4.038333,21.758664,51484
2012,"RWA",646,"COG",178,"Africa",-1.940278,29.873888,-0.228021,15.827659,8625
2012,"RWA",646,"MWI",454,"Africa",-1.940278,29.873888,-13.254308,34.301525,5012
2012,"RWA",646,"UGA",800,"Africa",-1.940278,29.873888,1.373333,32.290275,17928
2012,"RWA",646,"ZMB",894,"Africa",-1.940278,29.873888,-13.133897,27.849332,6087
2012,"SDN",729,"EGY",818,"Africa",12.862807,30.217636,26.820553,30.802498,22788
2012,"SDN",729,"ETH",231,"Africa",12.862807,30.217636,9.145,40.489673,27446
2012,"SDN",729,"ISR",376,"Africa",12.862807,30.217636,31.046051,34.851612,10772
2012,"SDN",729,"KEN",404,"Africa",12.862807,30.217636,-0.023559,37.906193,5747
2012,"SDN",729,"TCD",148,"Africa",12.862807,30.217636,15.454166,18.732207,306965
2012,"SDN",729,"UGA",800,"Africa",12.862807,30.217636,1.373333,32.290275,9449
2012,"SEN",686,"GMB",270,"Africa",14.497401,-14.452362,13.443182,-15.310139,9042
2012,"SEN",686,"GNB",624,"Africa",14.497401,-14.452362,11.803749,-15.180413,7708
2012,"SLV",222,"USA",840,"Americas",13.794185,-88.89653,37.09024,-95.712891,6676
2012,"SOM",706,"DEU",276,"Africa",5.152149,46.199616,51.165691,10.451526,5606
2012,"SOM",706,"DJI",262,"Africa",5.152149,46.199616,11.825138,42.590275,18324
2012,"SOM",706,"EGY",818,"Africa",5.152149,46.199616,26.820553,30.802498,7437
2012,"SOM",706,"ETH",231,"Africa",5.152149,46.199616,9.145,40.489673,223243
2012,"SOM",706,"GBR",826,"Africa",5.152149,46.199616,55.378051,-3.435973,15609
2012,"SOM",706,"ITA",380,"Africa",5.152149,46.199616,41.87194,12.56738,9778
2012,"SOM",706,"KEN",404,"Africa",5.152149,46.199616,-0.023559,37.906193,513292
2012,"SOM",706,"MLT",470,"Africa",5.152149,46.199616,35.937496,14.375416,5239
2012,"SOM",706,"NLD",528,"Africa",5.152149,46.199616,52.132633,5.291266,17881
2012,"SOM",706,"NOR",578,"Africa",5.152149,46.199616,60.472024,8.468946,10298
2012,"SOM",706,"SWE",752,"Africa",5.152149,46.199616,60.128161,18.643501,21979
2012,"SOM",706,"UGA",800,"Africa",5.152149,46.199616,1.373333,32.290275,27143
2012,"SOM",706,"YEM",887,"Africa",5.152149,46.199616,15.552727,48.516388,226909
2012,"SOM",706,"ZAF",710,"Africa",5.152149,46.199616,-30.559482,22.937506,23390
2012,"SRB",688,"CHE",756,"Europe",44.016521,21.005859,46.818188,8.227512,5148
2012,"SRB",688,"DEU",276,"Europe",44.016521,21.005859,51.165691,10.451526,124429
2012,"SRB",688,"FRA",250,"Europe",44.016521,21.005859,46.227638,2.213749,12645
2012,"SRB",688,"MNE",499,"Europe",44.016521,21.005859,42.708678,19.37439,8504
2012,"SRB",688,"SWE",752,"Europe",44.016521,21.005859,60.128161,18.643501,6056
2012,"SYR",760,"DEU",276,"Asia",34.802075,38.996815,51.165691,10.451526,24151
2012,"SYR",760,"EGY",818,"Asia",34.802075,38.996815,26.820553,30.802498,12836
2012,"SYR",760,"IRQ",368,"Asia",34.802075,38.996815,33.223191,43.679291,64771
2012,"SYR",760,"JOR",400,"Asia",34.802075,38.996815,30.585164,36.238414,239289
2012,"SYR",760,"LBN",422,"Asia",34.802075,38.996815,33.854721,35.862285,127181
2012,"SYR",760,"SWE",752,"Asia",34.802075,38.996815,60.128161,18.643501,9802
2012,"SYR",760,"TUR",792,"Asia",34.802075,38.996815,38.963745,35.243322,248666
2012,"TCD",148,"SDN",729,"Africa",15.454166,18.732207,12.862807,30.217636,32220
2012,"TUR",792,"DEU",276,"Asia",38.963745,35.243322,51.165691,10.451526,93496
2012,"TUR",792,"FRA",250,"Asia",38.963745,35.243322,46.227638,2.213749,11922
2012,"TUR",792,"IRQ",368,"Asia",38.963745,35.243322,33.223191,43.679291,16325
2012,"UKR",804,"DEU",276,"Europe",48.379433,31.16558,51.165691,10.451526,20217
2012,"VEN",862,"USA",840,"Americas",6.42375,-66.58973,37.09024,-95.712891,7218
2012,"VNM",704,"CHN",156,"Asia",14.058324,108.277199,35.86166,104.195397,300897
2012,"VNM",704,"DEU",276,"Asia",14.058324,108.277199,51.165691,10.451526,24385
2012,"VNM",704,"FRA",250,"Asia",14.058324,108.277199,46.227638,2.213749,8605
2012,"ZWE",716,"GBR",826,"Africa",-19.015438,29.154857,55.378051,-3.435973,12742
2012,"ZWE",716,"ZAF",710,"Africa",-19.015438,29.154857,-30.559482,22.937506,41470
2013,"AFG",4,"AUS",36,"Asia",33.93911,67.709953,-25.274398,133.775136,9307
2013,"AFG",4,"AUT",40,"Asia",33.93911,67.709953,47.516231,14.550072,18154
2013,"AFG",4,"DEU",276,"Asia",33.93911,67.709953,51.165691,10.451526,40351
2013,"AFG",4,"GBR",826,"Asia",33.93911,67.709953,55.378051,-3.435973,10596
2013,"AFG",4,"IND",356,"Asia",33.93911,67.709953,20.593684,78.96288,11377
2013,"AFG",4,"IRN",364,"Asia",33.93911,67.709953,32.427908,53.688046,814052
2013,"AFG",4,"ITA",380,"Asia",33.93911,67.709953,41.87194,12.56738,7681
2013,"AFG",4,"NLD",528,"Asia",33.93911,67.709953,52.132633,5.291266,6269
2013,"AFG",4,"NOR",578,"Asia",33.93911,67.709953,60.472024,8.468946,6182
2013,"AFG",4,"PAK",586,"Asia",33.93911,67.709953,30.375321,69.345116,1621199
2013,"AFG",4,"SWE",752,"Asia",33.93911,67.709953,60.128161,18.643501,12197
2013,"AFG",4,"TUR",792,"Asia",33.93911,67.709953,38.963745,35.243322,26256
2013,"ALB",8,"FRA",250,"Europe",41.153332,20.168331,46.227638,2.213749,5479
2013,"ARM",51,"FRA",250,"Asia",40.069099,45.038189,46.227638,2.213749,5494
2013,"BDI",108,"COD",180,"Africa",-3.373056,29.918886,-4.038333,21.758664,10613
2013,"BDI",108,"KEN",404,"Africa",-3.373056,29.918886,-0.023559,37.906193,5453
2013,"BDI",108,"TZA",834,"Africa",-3.373056,29.918886,-6.369028,34.888822,35204
2013,"BDI",108,"UGA",800,"Africa",-3.373056,29.918886,1.373333,32.290275,11364
2013,"BGD",50,"FRA",250,"Asia",23.684994,90.356331,46.227638,2.213749,7011
2013,"BGD",50,"GRC",300,"Asia",23.684994,90.356331,39.074208,21.824312,7111
2013,"BGD",50,"ZAF",710,"Asia",23.684994,90.356331,-30.559482,22.937506,5364
2013,"BIH",70,"SRB",688,"Europe",43.915886,17.679076,44.016521,21.005859,15296
2013,"BTN",64,"NPL",524,"Asia",27.514162,90.433601,28.394857,84.124008,30977
2013,"CAF",140,"CMR",120,"Africa",6.611111,20.939444,7.369722,12.354722,109795
2013,"CAF",140,"COD",180,"Africa",6.611111,20.939444,-4.038333,21.758664,53453
2013,"CAF",140,"COG",178,"Africa",6.611111,20.939444,-0.228021,15.827659,10206
2013,"CAF",140,"TCD",148,"Africa",6.611111,20.939444,15.454166,18.732207,80640
2013,"CHN",156,"CAN",124,"Asia",35.86166,104.195397,56.130366,-106.346771,17814
2013,"CHN",156,"IND",356,"Asia",35.86166,104.195397,20.593684,78.96288,100003
2013,"CHN",156,"USA",840,"Asia",35.86166,104.195397,37.09024,-95.712891,77956
2013,"CIV",384,"GHA",288,"Africa",7.539989,-5.54708,7.946527,-1.023194,10431
2013,"CIV",384,"GIN",324,"Africa",7.539989,-5.54708,9.945587,-9.696645,6600
2013,"CIV",384,"LBR",430,"Africa",7.539989,-5.54708,6.428055,-9.429499,52792
2013,"CMR",120,"USA",840,"Africa",7.369722,12.354722,37.09024,-95.712891,6145
2013,"COD",180,"AGO",24,"Africa",-4.038333,21.758664,-11.202692,17.873887,23404
2013,"COD",180,"BDI",108,"Africa",-4.038333,21.758664,-3.373056,29.918886,50823
2013,"COD",180,"CAF",140,"Africa",-4.038333,21.758664,6.611111,20.939444,12371
2013,"COD",180,"COG",178,"Africa",-4.038333,21.758664,-0.228021,15.827659,33842
2013,"COD",180,"FRA",250,"Africa",-4.038333,21.758664,46.227638,2.213749,18076
2013,"COD",180,"KEN",404,"Africa",-4.038333,21.758664,-0.023559,37.906193,14510
2013,"COD",180,"MOZ",508,"Africa",-4.038333,21.758664,-18.665695,35.529562,7691
2013,"COD",180,"MWI",454,"Africa",-4.038333,21.758664,-13.254308,34.301525,8213
2013,"COD",180,"RWA",646,"Africa",-4.038333,21.758664,-1.940278,29.873888,73171
2013,"COD",180,"TZA",834,"Africa",-4.038333,21.758664,-6.369028,34.888822,64922
2013,"COD",180,"UGA",800,"Africa",-4.038333,21.758664,1.373333,32.290275,163916
2013,"COD",180,"ZAF",710,"Africa",-4.038333,21.758664,-30.559482,22.937506,25928
2013,"COD",180,"ZMB",894,"Africa",-4.038333,21.758664,-13.133897,27.849332,18507
2013,"COD",180,"ZWE",716,"Africa",-4.038333,21.758664,-19.015438,29.154857,5162
2013,"COL",170,"CAN",124,"Americas",4.570868,-74.297333,56.130366,-106.346771,18187
2013,"COL",170,"CRI",188,"Americas",4.570868,-74.297333,9.748917,-83.753428,16895
2013,"COL",170,"ECU",218,"Americas",4.570868,-74.297333,-1.831239,-78.183406,133827
2013,"COL",170,"PAN",591,"Americas",4.570868,-74.297333,8.537981,-80.782127,16245
2013,"COL",170,"USA",840,"Americas",4.570868,-74.297333,37.09024,-95.712891,14296
2013,"COL",170,"VEN",862,"Americas",4.570868,-74.297333,6.42375,-66.58973,205168
2013,"EGY",818,"USA",840,"Africa",26.820553,30.802498,37.09024,-95.712891,10587
2013,"ERI",232,"CHE",756,"Africa",15.179384,39.782334,46.818188,8.227512,16804
2013,"ERI",232,"DEU",276,"Africa",15.179384,39.782334,51.165691,10.451526,8085
2013,"ERI",232,"ETH",231,"Africa",15.179384,39.782334,9.145,40.489673,84386
2013,"ERI",232,"GBR",826,"Africa",15.179384,39.782334,55.378051,-3.435973,10810
2013,"ERI",232,"ISR",376,"Africa",15.179384,39.782334,31.046051,34.851612,35214
2013,"ERI",232,"ITA",380,"Africa",15.179384,39.782334,41.87194,12.56738,13825
2013,"ERI",232,"NOR",578,"Africa",15.179384,39.782334,60.472024,8.468946,10542
2013,"ERI",232,"SDN",729,"Africa",15.179384,39.782334,12.862807,30.217636,112125
2013,"ERI",232,"SWE",752,"Africa",15.179384,39.782334,60.128161,18.643501,10981
2013,"ERI",232,"UGA",800,"Africa",15.179384,39.782334,1.373333,32.290275,6275
2013,"ESH",732,"DZA",12,"Africa",24.215527,-12.885834,28.033886,1.659626,90000
2013,"ESH",732,"MRT",478,"Africa",24.215527,-12.885834,21.00789,-10.940835,26000
2013,"ETH",231,"KEN",404,"Africa",9.145,40.489673,-0.023559,37.906193,31209
2013,"ETH",231,"SDN",729,"Africa",9.145,40.489673,12.862807,30.217636,11914
2013,"ETH",231,"SOM",706,"Africa",9.145,40.489673,5.152149,46.199616,12106
2013,"ETH",231,"USA",840,"Africa",9.145,40.489673,37.09024,-95.712891,11730
2013,"ETH",231,"YEM",887,"Africa",9.145,40.489673,15.552727,48.516388,11574
2013,"ETH",231,"ZAF",710,"Africa",9.145,40.489673,-30.559482,22.937506,15245
2013,"GHA",288,"TGO",768,"Africa",7.946527,-1.023194,8.619543,0.824782,17746
2013,"GIN",324,"FRA",250,"Africa",9.945587,-9.696645,46.227638,2.213749,7181
2013,"GTM",320,"USA",840,"Americas",15.783471,-90.230759,37.09024,-95.712891,13460
2013,"HND",340,"USA",840,"Americas",15.199999,-86.241905,37.09024,-95.712891,6558
2013,"HRV",191,"BIH",70,"Europe",45.1,15.2,43.915886,17.679076,6709
2013,"HRV",191,"SRB",688,"Europe",45.1,15.2,44.016521,21.005859,41762
2013,"HTI",332,"CAN",124,"Americas",18.971187,-72.285215,56.130366,-106.346771,8220
2013,"HTI",332,"FRA",250,"Americas",18.971187,-72.285215,46.227638,2.213749,5530
2013,"HTI",332,"USA",840,"Americas",18.971187,-72.285215,37.09024,-95.712891,27937
2013,"IDN",360,"PNG",598,"Asia",-0.789275,113.921327,-6.314993,143.95555,9368
2013,"IND",356,"CAN",124,"Asia",20.593684,78.96288,56.130366,-106.346771,5996
2013,"IND",356,"USA",840,"Asia",20.593684,78.96288,37.09024,-95.712891,8533
2013,"IRN",364,"AUS",36,"Asia",32.427908,53.688046,-25.274398,133.775136,5750
2013,"IRN",364,"DEU",276,"Asia",32.427908,53.688046,51.165691,10.451526,24938
2013,"IRN",364,"GBR",826,"Asia",32.427908,53.688046,55.378051,-3.435973,13638
2013,"IRN",364,"IRQ",368,"Asia",32.427908,53.688046,33.223191,43.679291,11138
2013,"IRN",364,"TUR",792,"Asia",32.427908,53.688046,38.963745,35.243322,9570
2013,"IRN",364,"USA",840,"Asia",32.427908,53.688046,37.09024,-95.712891,5406
2013,"IRQ",368,"DEU",276,"Asia",33.223191,43.679291,51.165691,10.451526,46323
2013,"IRQ",368,"EGY",818,"Asia",33.223191,43.679291,26.820553,30.802498,6989
2013,"IRQ",368,"IRN",364,"Asia",33.223191,43.679291,32.427908,53.688046,43268
2013,"IRQ",368,"JOR",400,"Asia",33.223191,43.679291,30.585164,36.238414,57944
2013,"IRQ",368,"LBN",422,"Asia",33.223191,43.679291,33.854721,35.862285,5926
2013,"IRQ",368,"NLD",528,"Asia",33.223191,43.679291,52.132633,5.291266,15533
2013,"IRQ",368,"NOR",578,"Asia",33.223191,43.679291,60.472024,8.468946,5873
2013,"IRQ",368,"SWE",752,"Asia",33.223191,43.679291,60.128161,18.643501,25088
2013,"IRQ",368,"SYR",760,"Asia",33.223191,43.679291,34.802075,38.996815,147078
2013,"IRQ",368,"TUR",792,"Asia",33.223191,43.679291,38.963745,35.243322,32532
2013,"IRQ",368,"USA",840,"Asia",33.223191,43.679291,37.09024,-95.712891,5805
2013,"KHM",116,"FRA",250,"Asia",12.565679,104.990963,46.227638,2.213749,12592
2013,"LAO",418,"FRA",250,"Asia",19.85627,102.495496,46.227638,2.213749,7267
2013,"LBR",430,"GHA",288,"Africa",6.428055,-9.429499,7.946527,-1.023194,5254
2013,"LKA",144,"AUS",36,"Asia",7.873054,80.771797,-25.274398,133.775136,5203
2013,"LKA",144,"CAN",124,"Asia",7.873054,80.771797,56.130366,-106.346771,13189
2013,"LKA",144,"DEU",276,"Asia",7.873054,80.771797,51.165691,10.451526,5320
2013,"LKA",144,"FRA",250,"Asia",7.873054,80.771797,46.227638,2.213749,26939
2013,"LKA",144,"GBR",826,"Asia",7.873054,80.771797,55.378051,-3.435973,6794
2013,"LKA",144,"IND",356,"Asia",7.873054,80.771797,20.593684,78.96288,65674
2013,"MEX",484,"CAN",124,"Americas",23.634501,-102.552784,56.130366,-106.346771,6962
2013,"MEX",484,"USA",840,"Americas",23.634501,-102.552784,37.09024,-95.712891,14552
2013,"MKD",807,"DEU",276,"Europe",41.608635,21.745275,51.165691,10.451526,6292
2013,"MLI",466,"BFA",854,"Africa",17.570692,-3.996166,12.238333,-1.561593,28684
2013,"MLI",466,"MRT",478,"Africa",17.570692,-3.996166,21.00789,-10.940835,66399
2013,"MLI",466,"NER",562,"Africa",17.570692,-3.996166,17.607789,8.081666,48928
2013,"MMR",104,"BGD",50,"Asia",21.913965,95.956223,23.684994,90.356331,231133
2013,"MMR",104,"IND",356,"Asia",21.913965,95.956223,20.593684,78.96288,13505
2013,"MMR",104,"MYS",458,"Asia",21.913965,95.956223,4.210484,101.975766,130569
2013,"MMR",104,"THA",764,"Asia",21.913965,95.956223,15.870032,100.992541,137138
2013,"MRT",478,"FRA",250,"Africa",21.00789,-10.940835,46.227638,2.213749,5871
2013,"MRT",478,"MLI",466,"Africa",21.00789,-10.940835,17.570692,-3.996166,12897
2013,"MRT",478,"SEN",686,"Africa",21.00789,-10.940835,14.497401,-14.452362,13768
2013,"NGA",566,"CAN",124,"Africa",9.081999,8.675277,56.130366,-106.346771,5132
2013,"NGA",566,"CMR",120,"Africa",9.081999,8.675277,7.369722,12.354722,7468
2013,"NGA",566,"ITA",380,"Africa",9.081999,8.675277,41.87194,12.56738,6124
2013,"NGA",566,"NER",562,"Africa",9.081999,8.675277,17.607789,8.081666,8393
2013,"NPL",524,"USA",840,"Asia",28.394857,84.124008,37.09024,-95.712891,7602
2013,"PAK",586,"AFG",4,"Asia",30.375321,69.345116,33.93911,67.709953,16870
2013,"PAK",586,"CAN",124,"Asia",30.375321,69.345116,56.130366,-106.346771,11499
2013,"PAK",586,"DEU",276,"Asia",30.375321,69.345116,51.165691,10.451526,10921
2013,"PAK",586,"GBR",826,"Asia",30.375321,69.345116,55.378051,-3.435973,8384
2013,"PAK",586,"GRC",300,"Asia",30.375321,69.345116,39.074208,21.824312,16139
2013,"PAK",586,"ITA",380,"Asia",30.375321,69.345116,41.87194,12.56738,5094
2013,"PSE",275,"EGY",818,"Asia",31.952162,35.233154,26.820553,30.802498,70057
2013,"PSE",275,"IRQ",368,"Asia",31.952162,35.233154,33.223191,43.679291,10052
2013,"RUS",643,"AUT",40,"Europe",61.52401,105.318756,47.516231,14.550072,22827
2013,"RUS",643,"DEU",276,"Europe",61.52401,105.318756,51.165691,10.451526,17248
2013,"RUS",643,"FRA",250,"Europe",61.52401,105.318756,46.227638,2.213749,17035
2013,"RUS",643,"POL",616,"Europe",61.52401,105.318756,51.919438,19.145136,16479
2013,"RUS",643,"USA",840,"Europe",61.52401,105.318756,37.09024,-95.712891,7557
2013,"RWA",646,"COD",180,"Africa",-1.940278,29.873888,-4.038333,21.758664,44071
2013,"RWA",646,"COG",178,"Africa",-1.940278,29.873888,-0.228021,15.827659,8734
2013,"RWA",646,"UGA",800,"Africa",-1.940278,29.873888,1.373333,32.290275,14613
2013,"SDN",729,"EGY",818,"Africa",12.862807,30.217636,26.820553,30.802498,26415
2013,"SDN",729,"ETH",231,"Africa",12.862807,30.217636,9.145,40.489673,33891
2013,"SDN",729,"ISR",376,"Africa",12.862807,30.217636,31.046051,34.851612,12542
2013,"SDN",729,"KEN",404,"Africa",12.862807,30.217636,-0.023559,37.906193,7962
2013,"SDN",729,"TCD",148,"Africa",12.862807,30.217636,15.454166,18.732207,352958
2013,"SEN",686,"GMB",270,"Africa",14.497401,-14.452362,13.443182,-15.310139,9025
2013,"SEN",686,"GNB",624,"Africa",14.497401,-14.452362,11.803749,-15.180413,8453
2013,"SLV",222,"USA",840,"Americas",13.794185,-88.89653,37.09024,-95.712891,17497
2013,"SOM",706,"DEU",276,"Africa",5.152149,46.199616,51.165691,10.451526,8315
2013,"SOM",706,"DJI",262,"Africa",5.152149,46.199616,11.825138,42.590275,19214
2013,"SOM",706,"EGY",818,"Africa",5.152149,46.199616,26.820553,30.802498,8097
2013,"SOM",706,"ETH",231,"Africa",5.152149,46.199616,9.145,40.489673,240832
2013,"SOM",706,"GBR",826,"Africa",5.152149,46.199616,55.378051,-3.435973,11752
2013,"SOM",706,"ITA",380,"Africa",5.152149,46.199616,41.87194,12.56738,12199
2013,"SOM",706,"KEN",404,"Africa",5.152149,46.199616,-0.023559,37.906193,477424
2013,"SOM",706,"MLT",470,"Africa",5.152149,46.199616,35.937496,14.375416,5913
2013,"SOM",706,"NLD",528,"Africa",5.152149,46.199616,52.132633,5.291266,18799
2013,"SOM",706,"NOR",578,"Africa",5.152149,46.199616,60.472024,8.468946,10059
2013,"SOM",706,"SWE",752,"Africa",5.152149,46.199616,60.128161,18.643501,22524
2013,"SOM",706,"UGA",800,"Africa",5.152149,46.199616,1.373333,32.290275,18534
2013,"SOM",706,"YEM",887,"Africa",5.152149,46.199616,15.552727,48.516388,230506
2013,"SOM",706,"ZAF",710,"Africa",5.152149,46.199616,-30.559482,22.937506,24483
2013,"SRB",688,"DEU",276,"Europe",44.016521,21.005859,51.165691,10.451526,22925
2013,"SRB",688,"FRA",250,"Europe",44.016521,21.005859,46.227638,2.213749,15515
2013,"SRB",688,"MNE",499,"Europe",44.016521,21.005859,42.708678,19.37439,6967
2013,"SRB",688,"SWE",752,"Europe",44.016521,21.005859,60.128161,18.643501,5079
2013,"SYR",760,"ARM",51,"Asia",34.802075,38.996815,40.069099,45.038189,11132
2013,"SYR",760,"DEU",276,"Asia",34.802075,38.996815,51.165691,10.451526,31819
2013,"SYR",760,"EGY",818,"Asia",34.802075,38.996815,26.820553,30.802498,131659
2013,"SYR",760,"IRQ",368,"Asia",34.802075,38.996815,33.223191,43.679291,213973
2013,"SYR",760,"JOR",400,"Asia",34.802075,38.996815,30.585164,36.238414,585304
2013,"SYR",760,"LBN",422,"Asia",34.802075,38.996815,33.854721,35.862285,851616
2013,"SYR",760,"LBY",434,"Asia",34.802075,38.996815,26.3351,17.228331,16796
2013,"SYR",760,"SWE",752,"Asia",34.802075,38.996815,60.128161,18.643501,24792
2013,"SYR",760,"TUR",792,"Asia",34.802075,38.996815,38.963745,35.243322,585711
2013,"SYR",760,"USA",840,"Asia",34.802075,38.996815,37.09024,-95.712891,5180
2013,"TCD",148,"SDN",729,"Africa",15.454166,18.732207,12.862807,30.217636,41666
2013,"TUR",792,"DEU",276,"Asia",38.963745,35.243322,51.165691,10.451526,27614
2013,"TUR",792,"FRA",250,"Asia",38.963745,35.243322,46.227638,2.213749,12480
2013,"TUR",792,"IRQ",368,"Asia",38.963745,35.243322,33.223191,43.679291,16819
2013,"VEN",862,"USA",840,"Americas",6.42375,-66.58973,37.09024,-95.712891,8060
2013,"VNM",704,"CHN",156,"Asia",14.058324,108.277199,35.86166,104.195397,300896
2013,"VNM",704,"FRA",250,"Asia",14.058324,108.277199,46.227638,2.213749,8556
2013,"ZWE",716,"GBR",826,"Africa",-19.015438,29.154857,55.378051,-3.435973,10842
2013,"ZWE",716,"ZAF",710,"Africa",-19.015438,29.154857,-30.559482,22.937506,41681
2014,"AFG",4,"AUS",36,"Asia",33.93911,67.709953,-25.274398,133.775136,9022
2014,"AFG",4,"AUT",40,"Asia",33.93911,67.709953,47.516231,14.550072,14793
2014,"AFG",4,"BEL",56,"Asia",33.93911,67.709953,50.503887,4.469936,5803
2014,"AFG",4,"CHE",756,"Asia",33.93911,67.709953,46.818188,8.227512,5006
2014,"AFG",4,"DEU",276,"Asia",33.93911,67.709953,51.165691,10.451526,46837
2014,"AFG",4,"GBR",826,"Asia",33.93911,67.709953,55.378051,-3.435973,10948
2014,"AFG",4,"IDN",360,"Asia",33.93911,67.709953,-0.789275,113.921327,5855
2014,"AFG",4,"IND",356,"Asia",33.93911,67.709953,20.593684,78.96288,11700
2014,"AFG",4,"IRN",364,"Asia",33.93911,67.709953,32.427908,53.688046,950033
2014,"AFG",4,"ITA",380,"Asia",33.93911,67.709953,41.87194,12.56738,10769
2014,"AFG",4,"NLD",528,"Asia",33.93911,67.709953,52.132633,5.291266,6543
2014,"AFG",4,"NOR",578,"Asia",33.93911,67.709953,60.472024,8.468946,6006
2014,"AFG",4,"PAK",586,"Asia",33.93911,67.709953,30.375321,69.345116,1510372
2014,"AFG",4,"SWE",752,"Asia",33.93911,67.709953,60.128161,18.643501,14353
2014,"AFG",4,"TUR",792,"Asia",33.93911,67.709953,38.963745,35.243322,37296
2014,"ALB",8,"DEU",276,"Europe",41.153332,20.168331,51.165691,10.451526,7351
2014,"ALB",8,"FRA",250,"Europe",41.153332,20.168331,46.227638,2.213749,5245
2014,"ARM",51,"FRA",250,"Asia",40.069099,45.038189,46.227638,2.213749,5324
2014,"BDI",108,"COD",180,"Africa",-3.373056,29.918886,-4.038333,21.758664,9801
2014,"BDI",108,"KEN",404,"Africa",-3.373056,29.918886,-0.023559,37.906193,6567
2014,"BDI",108,"MWI",454,"Africa",-3.373056,29.918886,-13.254308,34.301525,5428
2014,"BDI",108,"TZA",834,"Africa",-3.373056,29.918886,-6.369028,34.888822,34354
2014,"BDI",108,"UGA",800,"Africa",-3.373056,29.918886,1.373333,32.290275,14367
2014,"BDI",108,"ZAF",710,"Africa",-3.373056,29.918886,-30.559482,22.937506,5011
2014,"BGD",50,"FRA",250,"Asia",23.684994,90.356331,46.227638,2.213749,6940
2014,"BGD",50,"ITA",380,"Asia",23.684994,90.356331,41.87194,12.56738,5375
2014,"BGD",50,"ZAF",710,"Asia",23.684994,90.356331,-30.559482,22.937506,5900
2014,"BIH",70,"DEU",276,"Europe",43.915886,17.679076,51.165691,10.451526,6922
2014,"BIH",70,"SRB",688,"Europe",43.915886,17.679076,44.016521,21.005859,11325
2014,"BTN",64,"NPL",524,"Asia",27.514162,90.433601,28.394857,84.124008,23059
2014,"CAF",140,"CMR",120,"Africa",6.611111,20.939444,7.369722,12.354722,230106
2014,"CAF",140,"COD",180,"Africa",6.611111,20.939444,-4.038333,21.758664,68231
2014,"CAF",140,"COG",178,"Africa",6.611111,20.939444,-0.228021,15.827659,21790
2014,"CAF",140,"TCD",148,"Africa",6.611111,20.939444,15.454166,18.732207,93310
2014,"CHN",156,"AUS",36,"Asia",35.86166,104.195397,-25.274398,133.775136,5368
2014,"CHN",156,"CAN",124,"Asia",35.86166,104.195397,56.130366,-106.346771,13911
2014,"CHN",156,"IND",356,"Asia",35.86166,104.195397,20.593684,78.96288,109018
2014,"CHN",156,"USA",840,"Asia",35.86166,104.195397,37.09024,-95.712891,109144
2014,"CIV",384,"AGO",24,"Africa",7.539989,-5.54708,-11.202692,17.873887,6439
2014,"CIV",384,"GHA",288,"Africa",7.539989,-5.54708,7.946527,-1.023194,11262
2014,"CIV",384,"GIN",324,"Africa",7.539989,-5.54708,9.945587,-9.696645,6703
2014,"CIV",384,"ITA",380,"Africa",7.539989,-5.54708,41.87194,12.56738,5708
2014,"CIV",384,"LBR",430,"Africa",7.539989,-5.54708,6.428055,-9.429499,38109
2014,"CMR",120,"USA",840,"Africa",7.369722,12.354722,37.09024,-95.712891,5931
2014,"COD",180,"AGO",24,"Africa",-4.038333,21.758664,-11.202692,17.873887,13444
2014,"COD",180,"BDI",108,"Africa",-4.038333,21.758664,-3.373056,29.918886,55244
2014,"COD",180,"CAF",140,"Africa",-4.038333,21.758664,6.611111,20.939444,5676
2014,"COD",180,"COG",178,"Africa",-4.038333,21.758664,-0.228021,15.827659,25756
2014,"COD",180,"FRA",250,"Africa",-4.038333,21.758664,46.227638,2.213749,19517
2014,"COD",180,"KEN",404,"Africa",-4.038333,21.758664,-0.023559,37.906193,17303
2014,"COD",180,"MOZ",508,"Africa",-4.038333,21.758664,-18.665695,35.529562,8788
2014,"COD",180,"MWI",454,"Africa",-4.038333,21.758664,-13.254308,34.301525,9931
2014,"COD",180,"RWA",646,"Africa",-4.038333,21.758664,-1.940278,29.873888,73578
2014,"COD",180,"TZA",834,"Africa",-4.038333,21.758664,-6.369028,34.888822,54676
2014,"COD",180,"UGA",800,"Africa",-4.038333,21.758664,1.373333,32.290275,187809
2014,"COD",180,"ZAF",710,"Africa",-4.038333,21.758664,-30.559482,22.937506,42297
2014,"COD",180,"ZMB",894,"Africa",-4.038333,21.758664,-13.133897,27.849332,20371
2014,"COD",180,"ZWE",716,"Africa",-4.038333,21.758664,-19.015438,29.154857,5357
2014,"COG",178,"ZAF",710,"Africa",-0.228021,15.827659,-30.559482,22.937506,6842
2014,"COL",170,"CAN",124,"Americas",4.570868,-74.297333,56.130366,-106.346771,16702
2014,"COL",170,"CRI",188,"Americas",4.570868,-74.297333,9.748917,-83.753428,16831
2014,"COL",170,"ECU",218,"Americas",4.570868,-74.297333,-1.831239,-78.183406,121317
2014,"COL",170,"PAN",591,"Americas",4.570868,-74.297333,8.537981,-80.782127,16346
2014,"COL",170,"USA",840,"Americas",4.570868,-74.297333,37.09024,-95.712891,12296
2014,"COL",170,"VEN",862,"Americas",4.570868,-74.297333,6.42375,-66.58973,173770
2014,"ECU",218,"USA",840,"Americas",-1.831239,-78.183406,37.09024,-95.712891,7223
2014,"EGY",818,"USA",840,"Africa",26.820553,30.802498,37.09024,-95.712891,12803
2014,"ERI",232,"CHE",756,"Africa",15.179384,39.782334,46.818188,8.227512,22556
2014,"ERI",232,"DEU",276,"Africa",15.179384,39.782334,51.165691,10.451526,20535
2014,"ERI",232,"ETH",231,"Africa",15.179384,39.782334,9.145,40.489673,123798
2014,"ERI",232,"GBR",826,"Africa",15.179384,39.782334,55.378051,-3.435973,13239
2014,"ERI",232,"ISR",376,"Africa",15.179384,39.782334,31.046051,34.851612,32668
2014,"ERI",232,"ITA",380,"Africa",15.179384,39.782334,41.87194,12.56738,13671
2014,"ERI",232,"NLD",528,"Africa",15.179384,39.782334,52.132633,5.291266,6485
2014,"ERI",232,"NOR",578,"Africa",15.179384,39.782334,60.472024,8.468946,12871
2014,"ERI",232,"SDN",729,"Africa",15.179384,39.782334,12.862807,30.217636,110312
2014,"ERI",232,"SWE",752,"Africa",15.179384,39.782334,60.128161,18.643501,21198
2014,"ERI",232,"UGA",800,"Africa",15.179384,39.782334,1.373333,32.290275,9508
2014,"ESH",732,"DZA",12,"Africa",24.215527,-12.885834,28.033886,1.659626,90000
2014,"ESH",732,"MRT",478,"Africa",24.215527,-12.885834,21.00789,-10.940835,26000
2014,"ETH",231,"KEN",404,"Africa",9.145,40.489673,-0.023559,37.906193,30478
2014,"ETH",231,"SDN",729,"Africa",9.145,40.489673,12.862807,30.217636,13447
2014,"ETH",231,"SOM",706,"Africa",9.145,40.489673,5.152149,46.199616,11750
2014,"ETH",231,"USA",840,"Africa",9.145,40.489673,37.09024,-95.712891,12523
2014,"ETH",231,"YEM",887,"Africa",9.145,40.489673,15.552727,48.516388,12825
2014,"ETH",231,"ZAF",710,"Africa",9.145,40.489673,-30.559482,22.937506,32213
2014,"GHA",288,"TGO",768,"Africa",7.946527,-1.023194,8.619543,0.824782,18444
2014,"GIN",324,"AGO",24,"Africa",9.945587,-9.696645,-11.202692,17.873887,9249
2014,"GIN",324,"FRA",250,"Africa",9.945587,-9.696645,46.227638,2.213749,7954
2014,"GMB",270,"ITA",380,"Africa",13.443182,-15.310139,41.87194,12.56738,8059
2014,"GTM",320,"USA",840,"Americas",15.783471,-90.230759,37.09024,-95.712891,21689
2014,"HND",340,"USA",840,"Americas",15.199999,-86.241905,37.09024,-95.712891,11409
2014,"HRV",191,"BIH",70,"Europe",45.1,15.2,43.915886,17.679076,6703
2014,"HRV",191,"SRB",688,"Europe",45.1,15.2,44.016521,21.005859,32408
2014,"HTI",332,"CAN",124,"Americas",18.971187,-72.285215,56.130366,-106.346771,8627
2014,"HTI",332,"FRA",250,"Americas",18.971187,-72.285215,46.227638,2.213749,5694
2014,"HTI",332,"USA",840,"Americas",18.971187,-72.285215,37.09024,-95.712891,27596
2014,"IDN",360,"PNG",598,"Asia",-0.789275,113.921327,-6.314993,143.95555,9368
2014,"IND",356,"USA",840,"Asia",20.593684,78.96288,37.09024,-95.712891,11811
2014,"IRN",364,"AUS",36,"Asia",32.427908,53.688046,-25.274398,133.775136,6328
2014,"IRN",364,"DEU",276,"Asia",32.427908,53.688046,51.165691,10.451526,26446
2014,"IRN",364,"GBR",826,"Asia",32.427908,53.688046,55.378051,-3.435973,14230
2014,"IRN",364,"IRQ",368,"Asia",32.427908,53.688046,33.223191,43.679291,15301
2014,"IRN",364,"SWE",752,"Asia",32.427908,53.688046,60.128161,18.643501,5071
2014,"IRN",364,"TUR",792,"Asia",32.427908,53.688046,38.963745,35.243322,14829
2014,"IRN",364,"USA",840,"Asia",32.427908,53.688046,37.09024,-95.712891,6467
2014,"IRQ",368,"DEU",276,"Asia",33.223191,43.679291,51.165691,10.451526,51527
2014,"IRQ",368,"EGY",818,"Asia",33.223191,43.679291,26.820553,30.802498,6872
2014,"IRQ",368,"IRN",364,"Asia",33.223191,43.679291,32.427908,53.688046,32000
2014,"IRQ",368,"JOR",400,"Asia",33.223191,43.679291,30.585164,36.238414,44576
2014,"IRQ",368,"LBN",422,"Asia",33.223191,43.679291,33.854721,35.862285,11404
2014,"IRQ",368,"NLD",528,"Asia",33.223191,43.679291,52.132633,5.291266,15101
2014,"IRQ",368,"NOR",578,"Asia",33.223191,43.679291,60.472024,8.468946,5582
2014,"IRQ",368,"SWE",752,"Asia",33.223191,43.679291,60.128161,18.643501,26849
2014,"IRQ",368,"SYR",760,"Asia",33.223191,43.679291,34.802075,38.996815,147414
2014,"IRQ",368,"TUR",792,"Asia",33.223191,43.679291,38.963745,35.243322,72062
2014,"IRQ",368,"USA",840,"Asia",33.223191,43.679291,37.09024,-95.712891,7235
2014,"KHM",116,"FRA",250,"Asia",12.565679,104.990963,46.227638,2.213749,12041
2014,"LAO",418,"FRA",250,"Asia",19.85627,102.495496,46.227638,2.213749,7049
2014,"LBR",430,"GHA",288,"Africa",6.428055,-9.429499,7.946527,-1.023194,5262
2014,"LKA",144,"AUS",36,"Asia",7.873054,80.771797,-25.274398,133.775136,6647
2014,"LKA",144,"CAN",124,"Asia",7.873054,80.771797,56.130366,-106.346771,10871
2014,"LKA",144,"CHE",756,"Asia",7.873054,80.771797,46.818188,8.227512,5271
2014,"LKA",144,"DEU",276,"Asia",7.873054,80.771797,51.165691,10.451526,5354
2014,"LKA",144,"FRA",250,"Asia",7.873054,80.771797,46.227638,2.213749,26727
2014,"LKA",144,"GBR",826,"Asia",7.873054,80.771797,55.378051,-3.435973,7604
2014,"LKA",144,"IND",356,"Asia",7.873054,80.771797,20.593684,78.96288,65057
2014,"MEX",484,"CAN",124,"Americas",23.634501,-102.552784,56.130366,-106.346771,6777
2014,"MEX",484,"USA",840,"Americas",23.634501,-102.552784,37.09024,-95.712891,33062
2014,"MKD",807,"DEU",276,"Europe",41.608635,21.745275,51.165691,10.451526,7477
2014,"MLI",466,"BFA",854,"Africa",17.570692,-3.996166,12.238333,-1.561593,31604
2014,"MLI",466,"ITA",380,"Africa",17.570692,-3.996166,41.87194,12.56738,12021
2014,"MLI",466,"MRT",478,"Africa",17.570692,-3.996166,21.00789,-10.940835,48917
2014,"MLI",466,"NER",562,"Africa",17.570692,-3.996166,17.607789,8.081666,47466
2014,"MMR",104,"BGD",50,"Asia",21.913965,95.956223,23.684994,90.356331,232471
2014,"MMR",104,"IND",356,"Asia",21.913965,95.956223,20.593684,78.96288,17271
2014,"MMR",104,"MYS",458,"Asia",21.913965,95.956223,4.210484,101.975766,139609
2014,"MMR",104,"THA",764,"Asia",21.913965,95.956223,15.870032,100.992541,129609
2014,"MRT",478,"AGO",24,"Africa",21.00789,-10.940835,-11.202692,17.873887,5714
2014,"MRT",478,"FRA",250,"Africa",21.00789,-10.940835,46.227638,2.213749,5645
2014,"MRT",478,"MLI",466,"Africa",21.00789,-10.940835,17.570692,-3.996166,12898
2014,"MRT",478,"SEN",686,"Africa",21.00789,-10.940835,14.497401,-14.452362,13768
2014,"NGA",566,"CAN",124,"Africa",9.081999,8.675277,56.130366,-106.346771,5045
2014,"NGA",566,"CMR",120,"Africa",9.081999,8.675277,7.369722,12.354722,40011
2014,"NGA",566,"DEU",276,"Africa",9.081999,8.675277,51.165691,10.451526,6845
2014,"NGA",566,"ITA",380,"Africa",9.081999,8.675277,41.87194,12.56738,14059
2014,"NGA",566,"NER",562,"Africa",9.081999,8.675277,17.607789,8.081666,30000
2014,"NGA",566,"ZAF",710,"Africa",9.081999,8.675277,-30.559482,22.937506,5171
2014,"NPL",524,"USA",840,"Asia",28.394857,84.124008,37.09024,-95.712891,9744
2014,"PAK",586,"AFG",4,"Asia",30.375321,69.345116,33.93911,67.709953,300418
2014,"PAK",586,"AUS",36,"Asia",30.375321,69.345116,-25.274398,133.775136,5013
2014,"PAK",586,"CAN",124,"Asia",30.375321,69.345116,56.130366,-106.346771,8943
2014,"PAK",586,"DEU",276,"Asia",30.375321,69.345116,51.165691,10.451526,13456
2014,"PAK",586,"GBR",826,"Asia",30.375321,69.345116,55.378051,-3.435973,9519
2014,"PAK",586,"ITA",380,"Asia",30.375321,69.345116,41.87194,12.56738,10830
2014,"PAK",586,"THA",764,"Asia",30.375321,69.345116,15.870032,100.992541,5179
2014,"PAK",586,"ZAF",710,"Asia",30.375321,69.345116,-30.559482,22.937506,5526
2014,"PSE",275,"EGY",818,"Asia",31.952162,35.233154,26.820553,30.802498,70041
2014,"PSE",275,"IRQ",368,"Asia",31.952162,35.233154,33.223191,43.679291,9336
2014,"PSE",275,"LBY",434,"Asia",31.952162,35.233154,26.3351,17.228331,5400
2014,"RUS",643,"AUT",40,"Europe",61.52401,105.318756,47.516231,14.550072,17361
2014,"RUS",643,"DEU",276,"Europe",61.52401,105.318756,51.165691,10.451526,17285
2014,"RUS",643,"FRA",250,"Europe",61.52401,105.318756,46.227638,2.213749,18586
2014,"RUS",643,"POL",616,"Europe",61.52401,105.318756,51.919438,19.145136,15288
2014,"RUS",643,"USA",840,"Europe",61.52401,105.318756,37.09024,-95.712891,8615
2014,"RWA",646,"COD",180,"Africa",-1.940278,29.873888,-4.038333,21.758664,38348
2014,"RWA",646,"COG",178,"Africa",-1.940278,29.873888,-0.228021,15.827659,9419
2014,"RWA",646,"UGA",800,"Africa",-1.940278,29.873888,1.373333,32.290275,16601
2014,"SDN",729,"EGY",818,"Africa",12.862807,30.217636,26.820553,30.802498,26727
2014,"SDN",729,"ETH",231,"Africa",12.862807,30.217636,9.145,40.489673,35725
2014,"SDN",729,"GBR",826,"Africa",12.862807,30.217636,55.378051,-3.435973,5073
2014,"SDN",729,"ISR",376,"Africa",12.862807,30.217636,31.046051,34.851612,6588
2014,"SDN",729,"KEN",404,"Africa",12.862807,30.217636,-0.023559,37.906193,9631
2014,"SDN",729,"TCD",148,"Africa",12.862807,30.217636,15.454166,18.732207,357747
2014,"SEN",686,"GMB",270,"Africa",14.497401,-14.452362,13.443182,-15.310139,11036
2014,"SEN",686,"GNB",624,"Africa",14.497401,-14.452362,11.803749,-15.180413,8609
2014,"SLV",222,"USA",840,"Americas",13.794185,-88.89653,37.09024,-95.712891,24680
2014,"SOM",706,"DEU",276,"Africa",5.152149,46.199616,51.165691,10.451526,12591
2014,"SOM",706,"DJI",262,"Africa",5.152149,46.199616,11.825138,42.590275,19782
2014,"SOM",706,"EGY",818,"Africa",5.152149,46.199616,26.820553,30.802498,7365
2014,"SOM",706,"ETH",231,"Africa",5.152149,46.199616,9.145,40.489673,247780
2014,"SOM",706,"GBR",826,"Africa",5.152149,46.199616,55.378051,-3.435973,9080
2014,"SOM",706,"ITA",380,"Africa",5.152149,46.199616,41.87194,12.56738,12644
2014,"SOM",706,"KEN",404,"Africa",5.152149,46.199616,-0.023559,37.906193,427312
2014,"SOM",706,"NLD",528,"Africa",5.152149,46.199616,52.132633,5.291266,18839
2014,"SOM",706,"NOR",578,"Africa",5.152149,46.199616,60.472024,8.468946,9510
2014,"SOM",706,"SWE",752,"Africa",5.152149,46.199616,60.128161,18.643501,25096
2014,"SOM",706,"UGA",800,"Africa",5.152149,46.199616,1.373333,32.290275,28005
2014,"SOM",706,"YEM",887,"Africa",5.152149,46.199616,15.552727,48.516388,244204
2014,"SOM",706,"ZAF",710,"Africa",5.152149,46.199616,-30.559482,22.937506,43493
2014,"SRB",688,"DEU",276,"Europe",44.016521,21.005859,51.165691,10.451526,37082
2014,"SRB",688,"FRA",250,"Europe",44.016521,21.005859,46.227638,2.213749,14899
2014,"SRB",688,"HUN",348,"Europe",44.016521,21.005859,47.162494,19.503304,10993
2014,"SRB",688,"MNE",499,"Europe",44.016521,21.005859,42.708678,19.37439,5633
2014,"SRB",688,"SWE",752,"Europe",44.016521,21.005859,60.128161,18.643501,5090
2014,"SYR",760,"ARM",51,"Asia",34.802075,38.996815,40.069099,45.038189,15003
2014,"SYR",760,"AUT",40,"Asia",34.802075,38.996815,47.516231,14.550072,6653
2014,"SYR",760,"BGR",100,"Asia",34.802075,38.996815,42.733883,25.48583,11011
2014,"SYR",760,"CHE",756,"Asia",34.802075,38.996815,46.818188,8.227512,8662
2014,"SYR",760,"DEU",276,"Asia",34.802075,38.996815,51.165691,10.451526,70585
2014,"SYR",760,"DNK",208,"Asia",34.802075,38.996815,56.26392,9.501785,8721
2014,"SYR",760,"EGY",818,"Asia",34.802075,38.996815,26.820553,30.802498,138381
2014,"SYR",760,"GBR",826,"Asia",34.802075,38.996815,55.378051,-3.435973,5902
2014,"SYR",760,"IRQ",368,"Asia",34.802075,38.996815,33.223191,43.679291,235421
2014,"SYR",760,"JOR",400,"Asia",34.802075,38.996815,30.585164,36.238414,623112
2014,"SYR",760,"LBN",422,"Asia",34.802075,38.996815,33.854721,35.862285,1147912
2014,"SYR",760,"LBY",434,"Asia",34.802075,38.996815,26.3351,17.228331,18653
2014,"SYR",760,"NLD",528,"Asia",34.802075,38.996815,52.132633,5.291266,11015
2014,"SYR",760,"SWE",752,"Asia",34.802075,38.996815,60.128161,18.643501,53296
2014,"SYR",760,"TUR",792,"Asia",34.802075,38.996815,38.963745,35.243322,1558149
2014,"SYR",760,"USA",840,"Asia",34.802075,38.996815,37.09024,-95.712891,7052
2014,"TCD",148,"SDN",729,"Africa",15.454166,18.732207,12.862807,30.217636,42334
2014,"TUR",792,"DEU",276,"Asia",38.963745,35.243322,51.165691,10.451526,26057
2014,"TUR",792,"FRA",250,"Asia",38.963745,35.243322,46.227638,2.213749,12032
2014,"TUR",792,"IRQ",368,"Asia",38.963745,35.243322,33.223191,43.679291,18408
2014,"UKR",804,"RUS",643,"Europe",48.379433,31.16558,61.52401,105.318756,234016
2014,"VEN",862,"USA",840,"Americas",6.42375,-66.58973,37.09024,-95.712891,10710
2014,"VNM",704,"CHN",156,"Asia",14.058324,108.277199,35.86166,104.195397,300896
2014,"VNM",704,"FRA",250,"Asia",14.058324,108.277199,46.227638,2.213749,8313
2014,"ZWE",716,"GBR",826,"Africa",-19.015438,29.154857,55.378051,-3.435973,10097
2014,"ZWE",716,"ZAF",710,"Africa",-19.015438,29.154857,-30.559482,22.937506,47040
2015,"AFG",4,"AUS",36,"Asia",33.93911,67.709953,-25.274398,133.775136,9207
2015,"AFG",4,"AUT",40,"Asia",33.93911,67.709953,47.516231,14.550072,41725
2015,"AFG",4,"CHE",756,"Asia",33.93911,67.709953,46.818188,8.227512,11929
2015,"AFG",4,"DEU",276,"Asia",33.93911,67.709953,51.165691,10.451526,72628
2015,"AFG",4,"FRA",250,"Asia",33.93911,67.709953,46.227638,2.213749,6507
2015,"AFG",4,"GBR",826,"Asia",33.93911,67.709953,55.378051,-3.435973,11890
2015,"AFG",4,"GRC",300,"Asia",33.93911,67.709953,39.074208,21.824312,5810
2015,"AFG",4,"HUN",348,"Asia",33.93911,67.709953,47.162494,19.503304,9411
2015,"AFG",4,"IDN",360,"Asia",33.93911,67.709953,-0.789275,113.921327,6672
2015,"AFG",4,"IND",356,"Asia",33.93911,67.709953,20.593684,78.96288,12924
2015,"AFG",4,"IRN",364,"Asia",33.93911,67.709953,32.427908,53.688046,951175
2015,"AFG",4,"ITA",380,"Asia",33.93911,67.709953,41.87194,12.56738,14893
2015,"AFG",4,"NLD",528,"Asia",33.93911,67.709953,52.132633,5.291266,8163
2015,"AFG",4,"NOR",578,"Asia",33.93911,67.709953,60.472024,8.468946,11760
2015,"AFG",4,"PAK",586,"Asia",33.93911,67.709953,30.375321,69.345116,1566950
2015,"AFG",4,"SWE",752,"Asia",33.93911,67.709953,60.128161,18.643501,53678
2015,"AFG",4,"TUR",792,"Asia",33.93911,67.709953,38.963745,35.243322,94002
2015,"ALB",8,"DEU",276,"Europe",41.153332,20.168331,51.165691,10.451526,32767
2015,"ALB",8,"FRA",250,"Europe",41.153332,20.168331,46.227638,2.213749,5423
2015,"ARM",51,"DEU",276,"Asia",40.069099,45.038189,51.165691,10.451526,5866
2015,"ARM",51,"FRA",250,"Asia",40.069099,45.038189,46.227638,2.213749,5268
2015,"AZE",31,"DEU",276,"Asia",40.143105,47.576927,51.165691,10.451526,5361
2015,"BDI",108,"COD",180,"Africa",-3.373056,29.918886,-4.038333,21.758664,23492
2015,"BDI",108,"KEN",404,"Africa",-3.373056,29.918886,-0.023559,37.906193,8312
2015,"BDI",108,"MOZ",508,"Africa",-3.373056,29.918886,-18.665695,35.529562,5954
2015,"BDI",108,"MWI",454,"Africa",-3.373056,29.918886,-13.254308,34.301525,6659
2015,"BDI",108,"RWA",646,"Africa",-3.373056,29.918886,-1.940278,29.873888,70952
2015,"BDI",108,"TZA",834,"Africa",-3.373056,29.918886,-6.369028,34.888822,155851
2015,"BDI",108,"UGA",800,"Africa",-3.373056,29.918886,1.373333,32.290275,30553
2015,"BDI",108,"ZAF",710,"Africa",-3.373056,29.918886,-30.559482,22.937506,5660
2015,"BGD",50,"FRA",250,"Asia",23.684994,90.356331,46.227638,2.213749,7723
2015,"BGD",50,"ITA",380,"Asia",23.684994,90.356331,41.87194,12.56738,7232
2015,"BGD",50,"ZAF",710,"Asia",23.684994,90.356331,-30.559482,22.937506,10201
2015,"BIH",70,"DEU",276,"Europe",43.915886,17.679076,51.165691,10.451526,7444
2015,"BIH",70,"SRB",688,"Europe",43.915886,17.679076,44.016521,21.005859,9288
2015,"BTN",64,"NPL",524,"Asia",27.514162,90.433601,28.394857,84.124008,17134
2015,"CAF",140,"CMR",120,"Africa",6.611111,20.939444,7.369722,12.354722,271319
2015,"CAF",140,"COD",180,"Africa",6.611111,20.939444,-4.038333,21.758664,107929
2015,"CAF",140,"COG",178,"Africa",6.611111,20.939444,-0.228021,15.827659,25880
2015,"CAF",140,"TCD",148,"Africa",6.611111,20.939444,15.454166,18.732207,64673
2015,"CHN",156,"AUS",36,"Asia",35.86166,104.195397,-25.274398,133.775136,5133
2015,"CHN",156,"CAN",124,"Asia",35.86166,104.195397,56.130366,-106.346771,12483
2015,"CHN",156,"IND",356,"Asia",35.86166,104.195397,20.593684,78.96288,110098
2015,"CHN",156,"USA",840,"Asia",35.86166,104.195397,37.09024,-95.712891,119520
2015,"CIV",384,"AGO",24,"Africa",7.539989,-5.54708,-11.202692,17.873887,6448
2015,"CIV",384,"GHA",288,"Africa",7.539989,-5.54708,7.946527,-1.023194,11429
2015,"CIV",384,"GIN",324,"Africa",7.539989,-5.54708,9.945587,-9.696645,6758
2015,"CIV",384,"ITA",380,"Africa",7.539989,-5.54708,41.87194,12.56738,7140
2015,"CIV",384,"LBR",430,"Africa",7.539989,-5.54708,6.428055,-9.429499,36041
2015,"CMR",120,"USA",840,"Africa",7.369722,12.354722,37.09024,-95.712891,6110
2015,"COD",180,"AGO",24,"Africa",-4.038333,21.758664,-11.202692,17.873887,13444
2015,"COD",180,"BDI",108,"Africa",-4.038333,21.758664,-3.373056,29.918886,55361
2015,"COD",180,"CAF",140,"Africa",-4.038333,21.758664,6.611111,20.939444,5071
2015,"COD",180,"COG",178,"Africa",-4.038333,21.758664,-0.228021,15.827659,13706
2015,"COD",180,"FRA",250,"Africa",-4.038333,21.758664,46.227638,2.213749,18776
2015,"COD",180,"KEN",404,"Africa",-4.038333,21.758664,-0.023559,37.906193,24738
2015,"COD",180,"MOZ",508,"Africa",-4.038333,21.758664,-18.665695,35.529562,8891
2015,"COD",180,"MWI",454,"Africa",-4.038333,21.758664,-13.254308,34.301525,11896
2015,"COD",180,"RWA",646,"Africa",-4.038333,21.758664,-1.940278,29.873888,74166
2015,"COD",180,"TZA",834,"Africa",-4.038333,21.758664,-6.369028,34.888822,57752
2015,"COD",180,"UGA",800,"Africa",-4.038333,21.758664,1.373333,32.290275,214279
2015,"COD",180,"ZAF",710,"Africa",-4.038333,21.758664,-30.559482,22.937506,48877
2015,"COD",180,"ZMB",894,"Africa",-4.038333,21.758664,-13.133897,27.849332,20588
2015,"COD",180,"ZWE",716,"Africa",-4.038333,21.758664,-19.015438,29.154857,5600
2015,"COG",178,"ZAF",710,"Africa",-0.228021,15.827659,-30.559482,22.937506,7662
2015,"COL",170,"CAN",124,"Americas",4.570868,-74.297333,56.130366,-106.346771,14123
2015,"COL",170,"ECU",218,"Americas",4.570868,-74.297333,-1.831239,-78.183406,120685
2015,"COL",170,"PAN",591,"Americas",4.570868,-74.297333,8.537981,-80.782127,17064
2015,"COL",170,"USA",840,"Americas",4.570868,-74.297333,37.09024,-95.712891,10611
2015,"COL",170,"VEN",862,"Americas",4.570868,-74.297333,6.42375,-66.58973,173730
2015,"ECU",218,"USA",840,"Americas",-1.831239,-78.183406,37.09024,-95.712891,10905
2015,"EGY",818,"USA",840,"Africa",26.820553,30.802498,37.09024,-95.712891,13972
2015,"ERI",232,"CHE",756,"Africa",15.179384,39.782334,46.818188,8.227512,30588
2015,"ERI",232,"DEU",276,"Africa",15.179384,39.782334,51.165691,10.451526,27696
2015,"ERI",232,"ETH",231,"Africa",15.179384,39.782334,9.145,40.489673,155231
2015,"ERI",232,"GBR",826,"Africa",15.179384,39.782334,55.378051,-3.435973,15103
2015,"ERI",232,"ISR",376,"Africa",15.179384,39.782334,31.046051,34.851612,27812
2015,"ERI",232,"ITA",380,"Africa",15.179384,39.782334,41.87194,12.56738,12543
2015,"ERI",232,"NLD",528,"Africa",15.179384,39.782334,52.132633,5.291266,13188
2015,"ERI",232,"NOR",578,"Africa",15.179384,39.782334,60.472024,8.468946,15150
2015,"ERI",232,"SDN",729,"Africa",15.179384,39.782334,12.862807,30.217636,100970
2015,"ERI",232,"SWE",752,"Africa",15.179384,39.782334,60.128161,18.643501,26801
2015,"ERI",232,"UGA",800,"Africa",15.179384,39.782334,1.373333,32.290275,9250
2015,"ERI",232,"USA",840,"Africa",15.179384,39.782334,37.09024,-95.712891,5030
2015,"ESH",732,"DZA",12,"Africa",24.215527,-12.885834,28.033886,1.659626,90000
2015,"ESH",732,"MRT",478,"Africa",24.215527,-12.885834,21.00789,-10.940835,26007
2015,"ETH",231,"DEU",276,"Africa",9.145,40.489673,51.165691,10.451526,6397
2015,"ETH",231,"EGY",818,"Africa",9.145,40.489673,26.820553,30.802498,6931
2015,"ETH",231,"KEN",404,"Africa",9.145,40.489673,-0.023559,37.906193,30473
2015,"ETH",231,"SDN",729,"Africa",9.145,40.489673,12.862807,30.217636,11318
2015,"ETH",231,"SOM",706,"Africa",9.145,40.489673,5.152149,46.199616,12562
2015,"ETH",231,"USA",840,"Africa",9.145,40.489673,37.09024,-95.712891,13491
2015,"ETH",231,"YEM",887,"Africa",9.145,40.489673,15.552727,48.516388,13787
2015,"ETH",231,"ZAF",710,"Africa",9.145,40.489673,-30.559482,22.937506,39613
2015,"GHA",288,"ITA",380,"Africa",7.946527,-1.023194,41.87194,12.56738,5222
2015,"GHA",288,"TGO",768,"Africa",7.946527,-1.023194,8.619543,0.824782,18476
2015,"GIN",324,"AGO",24,"Africa",9.945587,-9.696645,-11.202692,17.873887,9252
2015,"GIN",324,"FRA",250,"Africa",9.945587,-9.696645,46.227638,2.213749,8023
2015,"GMB",270,"DEU",276,"Africa",13.443182,-15.310139,51.165691,10.451526,5196
2015,"GMB",270,"ITA",380,"Africa",13.443182,-15.310139,41.87194,12.56738,9992
2015,"GTM",320,"USA",840,"Americas",15.783471,-90.230759,37.09024,-95.712891,35534
2015,"HND",340,"USA",840,"Americas",15.199999,-86.241905,37.09024,-95.712891,23336
2015,"HRV",191,"BIH",70,"Europe",45.1,15.2,43.915886,17.679076,6679
2015,"HRV",191,"SRB",688,"Europe",45.1,15.2,44.016521,21.005859,25996
2015,"HTI",332,"CAN",124,"Americas",18.971187,-72.285215,56.130366,-106.346771,9012
2015,"HTI",332,"FRA",250,"Americas",18.971187,-72.285215,46.227638,2.213749,6569
2015,"HTI",332,"USA",840,"Americas",18.971187,-72.285215,37.09024,-95.712891,26464
2015,"IDN",360,"PNG",598,"Asia",-0.789275,113.921327,-6.314993,143.95555,9368
2015,"IND",356,"USA",840,"Asia",20.593684,78.96288,37.09024,-95.712891,15129
2015,"IND",356,"ZAF",710,"Asia",20.593684,78.96288,-30.559482,22.937506,5544
2015,"IRN",364,"AUS",36,"Asia",32.427908,53.688046,-25.274398,133.775136,6750
2015,"IRN",364,"AUT",40,"Asia",32.427908,53.688046,47.516231,14.550072,6899
2015,"IRN",364,"DEU",276,"Asia",32.427908,53.688046,51.165691,10.451526,29153
2015,"IRN",364,"GBR",826,"Asia",32.427908,53.688046,55.378051,-3.435973,15511
2015,"IRN",364,"IRQ",368,"Asia",32.427908,53.688046,33.223191,43.679291,12507
2015,"IRN",364,"NLD",528,"Asia",32.427908,53.688046,52.132633,5.291266,5817
2015,"IRN",364,"SWE",752,"Asia",32.427908,53.688046,60.128161,18.643501,8963
2015,"IRN",364,"TUR",792,"Asia",32.427908,53.688046,38.963745,35.243322,23997
2015,"IRN",364,"USA",840,"Asia",32.427908,53.688046,37.09024,-95.712891,7504
2015,"IRQ",368,"AUT",40,"Asia",33.223191,43.679291,47.516231,14.550072,15474
2015,"IRQ",368,"BEL",56,"Asia",33.223191,43.679291,50.503887,4.469936,6712
2015,"IRQ",368,"CHE",756,"Asia",33.223191,43.679291,46.818188,8.227512,5621
2015,"IRQ",368,"DEU",276,"Asia",33.223191,43.679291,51.165691,10.451526,76674
2015,"IRQ",368,"EGY",818,"Asia",33.223191,43.679291,26.820553,30.802498,7191
2015,"IRQ",368,"FIN",246,"Asia",33.223191,43.679291,61.92411,25.748151,21027
2015,"IRQ",368,"FRA",250,"Asia",33.223191,43.679291,46.227638,2.213749,5372
2015,"IRQ",368,"GBR",826,"Asia",33.223191,43.679291,55.378051,-3.435973,5389
2015,"IRQ",368,"IRN",364,"Asia",33.223191,43.679291,32.427908,53.688046,28268
2015,"IRQ",368,"JOR",400,"Asia",33.223191,43.679291,30.585164,36.238414,52734
2015,"IRQ",368,"LBN",422,"Asia",33.223191,43.679291,33.854721,35.862285,17163
2015,"IRQ",368,"NLD",528,"Asia",33.223191,43.679291,52.132633,5.291266,15624
2015,"IRQ",368,"NOR",578,"Asia",33.223191,43.679291,60.472024,8.468946,7751
2015,"IRQ",368,"SWE",752,"Asia",33.223191,43.679291,60.128161,18.643501,44109
2015,"IRQ",368,"SYR",760,"Asia",33.223191,43.679291,34.802075,38.996815,21744
2015,"IRQ",368,"TUR",792,"Asia",33.223191,43.679291,38.963745,35.243322,118590
2015,"IRQ",368,"USA",840,"Asia",33.223191,43.679291,37.09024,-95.712891,8489
2015,"KHM",116,"FRA",250,"Asia",12.565679,104.990963,46.227638,2.213749,11882
2015,"LAO",418,"FRA",250,"Asia",19.85627,102.495496,46.227638,2.213749,6961
2015,"LKA",144,"AUS",36,"Asia",7.873054,80.771797,-25.274398,133.775136,5729
2015,"LKA",144,"CAN",124,"Asia",7.873054,80.771797,56.130366,-106.346771,8966
2015,"LKA",144,"CHE",756,"Asia",7.873054,80.771797,46.818188,8.227512,6527
2015,"LKA",144,"DEU",276,"Asia",7.873054,80.771797,51.165691,10.451526,5191
2015,"LKA",144,"FRA",250,"Asia",7.873054,80.771797,46.227638,2.213749,26235
2015,"LKA",144,"GBR",826,"Asia",7.873054,80.771797,55.378051,-3.435973,7814
2015,"LKA",144,"IND",356,"Asia",7.873054,80.771797,20.593684,78.96288,64208
2015,"MEX",484,"CAN",124,"Americas",23.634501,-102.552784,56.130366,-106.346771,6471
2015,"MEX",484,"USA",840,"Americas",23.634501,-102.552784,37.09024,-95.712891,50879
2015,"MKD",807,"DEU",276,"Europe",41.608635,21.745275,51.165691,10.451526,14086
2015,"MLI",466,"BFA",854,"Africa",17.570692,-3.996166,12.238333,-1.561593,33574
2015,"MLI",466,"FRA",250,"Africa",17.570692,-3.996166,46.227638,2.213749,5174
2015,"MLI",466,"ITA",380,"Africa",17.570692,-3.996166,41.87194,12.56738,12237
2015,"MLI",466,"MRT",478,"Africa",17.570692,-3.996166,21.00789,-10.940835,50233
2015,"MLI",466,"NER",562,"Africa",17.570692,-3.996166,17.607789,8.081666,56012
2015,"MMR",104,"BGD",50,"Asia",21.913965,95.956223,23.684994,90.356331,231948
2015,"MMR",104,"IND",356,"Asia",21.913965,95.956223,20.593684,78.96288,18626
2015,"MMR",104,"MYS",458,"Asia",21.913965,95.956223,4.210484,101.975766,142235
2015,"MMR",104,"THA",764,"Asia",21.913965,95.956223,15.870032,100.992541,107538
2015,"MRT",478,"AGO",24,"Africa",21.00789,-10.940835,-11.202692,17.873887,5709
2015,"MRT",478,"FRA",250,"Africa",21.00789,-10.940835,46.227638,2.213749,5870
2015,"MRT",478,"MLI",466,"Africa",21.00789,-10.940835,17.570692,-3.996166,13539
2015,"MRT",478,"SEN",686,"Africa",21.00789,-10.940835,14.497401,-14.452362,13765
2015,"MWI",454,"ZAF",710,"Africa",-13.254308,34.301525,-30.559482,22.937506,5373
2015,"NGA",566,"CAN",124,"Africa",9.081999,8.675277,56.130366,-106.346771,5125
2015,"NGA",566,"CMR",120,"Africa",9.081999,8.675277,7.369722,12.354722,71860
2015,"NGA",566,"DEU",276,"Africa",9.081999,8.675277,51.165691,10.451526,10977
2015,"NGA",566,"ITA",380,"Africa",9.081999,8.675277,41.87194,12.56738,23609
2015,"NGA",566,"NER",562,"Africa",9.081999,8.675277,17.607789,8.081666,68332
2015,"NGA",566,"TCD",148,"Africa",9.081999,8.675277,15.454166,18.732207,6531
2015,"NGA",566,"ZAF",710,"Africa",9.081999,8.675277,-30.559482,22.937506,10722
2015,"NPL",524,"USA",840,"Asia",28.394857,84.124008,37.09024,-95.712891,10898
2015,"PAK",586,"AFG",4,"Asia",30.375321,69.345116,33.93911,67.709953,257574
2015,"PAK",586,"CAN",124,"Asia",30.375321,69.345116,56.130366,-106.346771,7753
2015,"PAK",586,"DEU",276,"Asia",30.375321,69.345116,51.165691,10.451526,19668
2015,"PAK",586,"GBR",826,"Asia",30.375321,69.345116,55.378051,-3.435973,9390
2015,"PAK",586,"ITA",380,"Asia",30.375321,69.345116,41.87194,12.56738,17530
2015,"PAK",586,"THA",764,"Asia",30.375321,69.345116,15.870032,100.992541,5264
2015,"PAK",586,"USA",840,"Asia",30.375321,69.345116,37.09024,-95.712891,5859
2015,"PAK",586,"ZAF",710,"Asia",30.375321,69.345116,-30.559482,22.937506,8204
2015,"PSE",275,"EGY",818,"Asia",31.952162,35.233154,26.820553,30.802498,70026
2015,"PSE",275,"IRQ",368,"Asia",31.952162,35.233154,33.223191,43.679291,9345
2015,"PSE",275,"LBY",434,"Asia",31.952162,35.233154,26.3351,17.228331,5435
2015,"RUS",643,"AUT",40,"Europe",61.52401,105.318756,47.516231,14.550072,18291
2015,"RUS",643,"DEU",276,"Europe",61.52401,105.318756,51.165691,10.451526,17581
2015,"RUS",643,"FRA",250,"Europe",61.52401,105.318756,46.227638,2.213749,17564
2015,"RUS",643,"POL",616,"Europe",61.52401,105.318756,51.919438,19.145136,14252
2015,"RUS",643,"USA",840,"Europe",61.52401,105.318756,37.09024,-95.712891,9672
2015,"RWA",646,"COD",180,"Africa",-1.940278,29.873888,-4.038333,21.758664,245409
2015,"RWA",646,"COG",178,"Africa",-1.940278,29.873888,-0.228021,15.827659,8962
2015,"RWA",646,"UGA",800,"Africa",-1.940278,29.873888,1.373333,32.290275,17155
2015,"SDN",729,"EGY",818,"Africa",12.862807,30.217636,26.820553,30.802498,28612
2015,"SDN",729,"ETH",231,"Africa",12.862807,30.217636,9.145,40.489673,38171
2015,"SDN",729,"FRA",250,"Africa",12.862807,30.217636,46.227638,2.213749,8008
2015,"SDN",729,"GBR",826,"Africa",12.862807,30.217636,55.378051,-3.435973,7258
2015,"SDN",729,"KEN",404,"Africa",12.862807,30.217636,-0.023559,37.906193,10266
2015,"SDN",729,"TCD",148,"Africa",12.862807,30.217636,15.454166,18.732207,299779
2015,"SEN",686,"BRA",76,"Africa",14.497401,-14.452362,-14.235004,-51.92528,5219
2015,"SEN",686,"GMB",270,"Africa",14.497401,-14.452362,13.443182,-15.310139,7392
2015,"SEN",686,"GNB",624,"Africa",14.497401,-14.452362,11.803749,-15.180413,8609
2015,"SEN",686,"ITA",380,"Africa",14.497401,-14.452362,41.87194,12.56738,7169
2015,"SLV",222,"USA",840,"Americas",13.794185,-88.89653,37.09024,-95.712891,40053
2015,"SOM",706,"AUT",40,"Africa",5.152149,46.199616,47.516231,14.550072,6103
2015,"SOM",706,"CHE",756,"Africa",5.152149,46.199616,46.818188,8.227512,5341
2015,"SOM",706,"DEU",276,"Africa",5.152149,46.199616,51.165691,10.451526,16282
2015,"SOM",706,"DJI",262,"Africa",5.152149,46.199616,11.825138,42.590275,12363
2015,"SOM",706,"EGY",818,"Africa",5.152149,46.199616,26.820553,30.802498,7682
2015,"SOM",706,"ETH",231,"Africa",5.152149,46.199616,9.145,40.489673,256669
2015,"SOM",706,"GBR",826,"Africa",5.152149,46.199616,55.378051,-3.435973,7394
2015,"SOM",706,"ITA",380,"Africa",5.152149,46.199616,41.87194,12.56738,13484
2015,"SOM",706,"KEN",404,"Africa",5.152149,46.199616,-0.023559,37.906193,418913
2015,"SOM",706,"NLD",528,"Africa",5.152149,46.199616,52.132633,5.291266,17705
2015,"SOM",706,"NOR",578,"Africa",5.152149,46.199616,60.472024,8.468946,9052
2015,"SOM",706,"SWE",752,"Africa",5.152149,46.199616,60.128161,18.643501,27229
2015,"SOM",706,"UGA",800,"Africa",5.152149,46.199616,1.373333,32.290275,35210
2015,"SOM",706,"YEM",887,"Africa",5.152149,46.199616,15.552727,48.516388,253215
2015,"SOM",706,"ZAF",710,"Africa",5.152149,46.199616,-30.559482,22.937506,45665
2015,"SRB",688,"DEU",276,"Europe",44.016521,21.005859,51.165691,10.451526,54278
2015,"SRB",688,"FRA",250,"Europe",44.016521,21.005859,46.227638,2.213749,16223
2015,"SYR",760,"ARM",51,"Asia",34.802075,38.996815,40.069099,45.038189,16622
2015,"SYR",760,"AUT",40,"Asia",34.802075,38.996815,47.516231,14.550072,33563
2015,"SYR",760,"BEL",56,"Asia",34.802075,38.996815,50.503887,4.469936,8109
2015,"SYR",760,"BGR",100,"Asia",34.802075,38.996815,42.733883,25.48583,15502
2015,"SYR",760,"CHE",756,"Asia",34.802075,38.996815,46.818188,8.227512,13157
2015,"SYR",760,"DEU",276,"Asia",34.802075,38.996815,51.165691,10.451526,197186
2015,"SYR",760,"DNK",208,"Asia",34.802075,38.996815,56.26392,9.501785,13813
2015,"SYR",760,"DZA",12,"Asia",34.802075,38.996815,28.033886,1.659626,6211
2015,"SYR",760,"EGY",818,"Asia",34.802075,38.996815,26.820553,30.802498,117635
2015,"SYR",760,"ESP",724,"Asia",34.802075,38.996815,40.463667,-3.74922,5272
2015,"SYR",760,"FRA",250,"Asia",34.802075,38.996815,46.227638,2.213749,7890
2015,"SYR",760,"GBR",826,"Asia",34.802075,38.996815,55.378051,-3.435973,8144
2015,"SYR",760,"GRC",300,"Asia",34.802075,38.996815,39.074208,21.824312,9551
2015,"SYR",760,"HUN",348,"Asia",34.802075,38.996815,47.162494,19.503304,19083
2015,"SYR",760,"IRQ",368,"Asia",34.802075,38.996815,33.223191,43.679291,244642
2015,"SYR",760,"JOR",400,"Asia",34.802075,38.996815,30.585164,36.238414,628223
2015,"SYR",760,"LBN",422,"Asia",34.802075,38.996815,33.854721,35.862285,1062706
2015,"SYR",760,"LBY",434,"Asia",34.802075,38.996815,26.3351,17.228331,18688
2015,"SYR",760,"NLD",528,"Asia",34.802075,38.996815,52.132633,5.291266,28902
2015,"SYR",760,"NOR",578,"Asia",34.802075,38.996815,60.472024,8.468946,13249
2015,"SYR",760,"SWE",752,"Asia",34.802075,38.996815,60.128161,18.643501,101993
2015,"SYR",760,"TUR",792,"Asia",34.802075,38.996815,38.963745,35.243322,2503846
2015,"SYR",760,"USA",840,"Asia",34.802075,38.996815,37.09024,-95.712891,8769
2015,"TCD",148,"SDN",729,"Africa",15.454166,18.732207,12.862807,30.217636,8899
2015,"TUR",792,"DEU",276,"Asia",38.963745,35.243322,51.165691,10.451526,24222
2015,"TUR",792,"FRA",250,"Asia",38.963745,35.243322,46.227638,2.213749,11593
2015,"TUR",792,"IRQ",368,"Asia",38.963745,35.243322,33.223191,43.679291,17485
2015,"UKR",804,"DEU",276,"Europe",48.379433,31.16558,51.165691,10.451526,6948
2015,"UKR",804,"RUS",643,"Europe",48.379433,31.16558,61.52401,105.318756,312504
2015,"UKR",804,"USA",840,"Europe",48.379433,31.16558,37.09024,-95.712891,5345
2015,"VEN",862,"USA",840,"Americas",6.42375,-66.58973,37.09024,-95.712891,17338
2015,"VNM",704,"CHN",156,"Asia",14.058324,108.277199,35.86166,104.195397,300896
2015,"VNM",704,"FRA",250,"Asia",14.058324,108.277199,46.227638,2.213749,8169
2015,"YEM",887,"DJI",262,"Asia",15.552727,48.516388,11.825138,42.590275,6157
2015,"YEM",887,"SOM",706,"Asia",15.552727,48.516388,5.152149,46.199616,5324
2015,"ZWE",716,"GBR",826,"Africa",-19.015438,29.154857,55.378051,-3.435973,9520
2015,"ZWE",716,"ZAF",710,"Africa",-19.015438,29.154857,-30.559482,22.937506,62336
2016,"AFG",4,"AUS",36,"Asia",33.93911,67.709953,-25.274398,133.775136,11294
2016,"AFG",4,"AUT",40,"Asia",33.93911,67.709953,47.516231,14.550072,50003
2016,"AFG",4,"BEL",56,"Asia",33.93911,67.709953,50.503887,4.469936,9658
2016,"AFG",4,"BGR",100,"Asia",33.93911,67.709953,42.733883,25.48583,7806
2016,"AFG",4,"CHE",756,"Asia",33.93911,67.709953,46.818188,8.227512,13436
2016,"AFG",4,"DEU",276,"Asia",33.93911,67.709953,51.165691,10.451526,172814
2016,"AFG",4,"FRA",250,"Asia",33.93911,67.709953,46.227638,2.213749,11865
2016,"AFG",4,"GBR",826,"Asia",33.93911,67.709953,55.378051,-3.435973,12545
2016,"AFG",4,"GRC",300,"Asia",33.93911,67.709953,39.074208,21.824312,15657
2016,"AFG",4,"IDN",360,"Asia",33.93911,67.709953,-0.789275,113.921327,7154
2016,"AFG",4,"IND",356,"Asia",33.93911,67.709953,20.593684,78.96288,11948
2016,"AFG",4,"IRN",364,"Asia",33.93911,67.709953,32.427908,53.688046,951149
2016,"AFG",4,"ITA",380,"Asia",33.93911,67.709953,41.87194,12.56738,17959
2016,"AFG",4,"NLD",528,"Asia",33.93911,67.709953,52.132633,5.291266,7463
2016,"AFG",4,"NOR",578,"Asia",33.93911,67.709953,60.472024,8.468946,9020
2016,"AFG",4,"PAK",586,"Asia",33.93911,67.709953,30.375321,69.345116,1356607
2016,"AFG",4,"SWE",752,"Asia",33.93911,67.709953,60.128161,18.643501,50775
2016,"AFG",4,"TUR",792,"Asia",33.93911,67.709953,38.963745,35.243322,118116
2016,"ALB",8,"DEU",276,"Europe",41.153332,20.168331,51.165691,10.451526,11957
2016,"ALB",8,"FRA",250,"Europe",41.153332,20.168331,46.227638,2.213749,8600
2016,"ARM",51,"DEU",276,"Asia",40.069099,45.038189,51.165691,10.451526,9891
2016,"ARM",51,"FRA",250,"Asia",40.069099,45.038189,46.227638,2.213749,5228
2016,"AZE",31,"DEU",276,"Asia",40.143105,47.576927,51.165691,10.451526,8554
2016,"BDI",108,"COD",180,"Africa",-3.373056,29.918886,-4.038333,21.758664,36856
2016,"BDI",108,"KEN",404,"Africa",-3.373056,29.918886,-0.023559,37.906193,8461
2016,"BDI",108,"MOZ",508,"Africa",-3.373056,29.918886,-18.665695,35.529562,5534
2016,"BDI",108,"MWI",454,"Africa",-3.373056,29.918886,-13.254308,34.301525,6380
2016,"BDI",108,"RWA",646,"Africa",-3.373056,29.918886,-1.940278,29.873888,83014
2016,"BDI",108,"TZA",834,"Africa",-3.373056,29.918886,-6.369028,34.888822,231005
2016,"BDI",108,"UGA",800,"Africa",-3.373056,29.918886,1.373333,32.290275,44435
2016,"BGD",50,"FRA",250,"Asia",23.684994,90.356331,46.227638,2.213749,7498
2016,"BGD",50,"ITA",380,"Asia",23.684994,90.356331,41.87194,12.56738,9772
2016,"BGD",50,"USA",840,"Asia",23.684994,90.356331,37.09024,-95.712891,5735
2016,"BIH",70,"SRB",688,"Europe",43.915886,17.679076,44.016521,21.005859,9081
2016,"BTN",64,"NPL",524,"Asia",27.514162,90.433601,28.394857,84.124008,11213
2016,"CAF",140,"CMR",120,"Africa",6.611111,20.939444,7.369722,12.354722,286161
2016,"CAF",140,"COD",180,"Africa",6.611111,20.939444,-4.038333,21.758664,102546
2016,"CAF",140,"COG",178,"Africa",6.611111,20.939444,-0.228021,15.827659,28796
2016,"CAF",140,"TCD",148,"Africa",6.611111,20.939444,15.454166,18.732207,70714
2016,"CHN",156,"AUS",36,"Asia",35.86166,104.195397,-25.274398,133.775136,5796
2016,"CHN",156,"CAN",124,"Asia",35.86166,104.195397,56.130366,-106.346771,9466
2016,"CHN",156,"IND",356,"Asia",35.86166,104.195397,20.593684,78.96288,110098
2016,"CHN",156,"USA",840,"Asia",35.86166,104.195397,37.09024,-95.712891,129957
2016,"CIV",384,"AGO",24,"Africa",7.539989,-5.54708,-11.202692,17.873887,6448
2016,"CIV",384,"GHA",288,"Africa",7.539989,-5.54708,7.946527,-1.023194,6957
2016,"CIV",384,"ITA",380,"Africa",7.539989,-5.54708,41.87194,12.56738,11302
2016,"CIV",384,"LBR",430,"Africa",7.539989,-5.54708,6.428055,-9.429499,18552
2016,"CMR",120,"USA",840,"Africa",7.369722,12.354722,37.09024,-95.712891,6838
2016,"COD",180,"AGO",24,"Africa",-4.038333,21.758664,-11.202692,17.873887,13444
2016,"COD",180,"BDI",108,"Africa",-4.038333,21.758664,-3.373056,29.918886,59805
2016,"COD",180,"COG",178,"Africa",-4.038333,21.758664,-0.228021,15.827659,13883
2016,"COD",180,"FRA",250,"Africa",-4.038333,21.758664,46.227638,2.213749,18024
2016,"COD",180,"KEN",404,"Africa",-4.038333,21.758664,-0.023559,37.906193,29317
2016,"COD",180,"MOZ",508,"Africa",-4.038333,21.758664,-18.665695,35.529562,7824
2016,"COD",180,"MWI",454,"Africa",-4.038333,21.758664,-13.254308,34.301525,15176
2016,"COD",180,"RWA",646,"Africa",-4.038333,21.758664,-1.940278,29.873888,73467
2016,"COD",180,"TZA",834,"Africa",-4.038333,21.758664,-6.369028,34.888822,58553
2016,"COD",180,"UGA",800,"Africa",-4.038333,21.758664,1.373333,32.290275,222055
2016,"COD",180,"ZAF",710,"Africa",-4.038333,21.758664,-30.559482,22.937506,32123
2016,"COD",180,"ZMB",894,"Africa",-4.038333,21.758664,-13.133897,27.849332,23321
2016,"COD",180,"ZWE",716,"Africa",-4.038333,21.758664,-19.015438,29.154857,6200
2016,"COG",178,"ZAF",710,"Africa",-0.228021,15.827659,-30.559482,22.937506,5919
2016,"COL",170,"CAN",124,"Americas",4.570868,-74.297333,56.130366,-106.346771,9185
2016,"COL",170,"ECU",218,"Americas",4.570868,-74.297333,-1.831239,-78.183406,101161
2016,"COL",170,"PAN",591,"Americas",4.570868,-74.297333,8.537981,-80.782127,17302
2016,"COL",170,"USA",840,"Americas",4.570868,-74.297333,37.09024,-95.712891,9805
2016,"COL",170,"VEN",862,"Americas",4.570868,-74.297333,6.42375,-66.58973,172802
2016,"ECU",218,"USA",840,"Americas",-1.831239,-78.183406,37.09024,-95.712891,14285
2016,"EGY",818,"USA",840,"Africa",26.820553,30.802498,37.09024,-95.712891,14930
2016,"ERI",232,"CHE",756,"Africa",15.179384,39.782334,46.818188,8.227512,33608
2016,"ERI",232,"DEU",276,"Africa",15.179384,39.782334,51.165691,10.451526,45420
2016,"ERI",232,"EGY",818,"Africa",15.179384,39.782334,26.820553,30.802498,7132
2016,"ERI",232,"ETH",231,"Africa",15.179384,39.782334,9.145,40.489673,165626
2016,"ERI",232,"GBR",826,"Africa",15.179384,39.782334,55.378051,-3.435973,15232
2016,"ERI",232,"ISR",376,"Africa",15.179384,39.782334,31.046051,34.851612,29014
2016,"ERI",232,"ITA",380,"Africa",15.179384,39.782334,41.87194,12.56738,17732
2016,"ERI",232,"NLD",528,"Africa",15.179384,39.782334,52.132633,5.291266,14094
2016,"ERI",232,"NOR",578,"Africa",15.179384,39.782334,60.472024,8.468946,15535
2016,"ERI",232,"SDN",729,"Africa",15.179384,39.782334,12.862807,30.217636,107176
2016,"ERI",232,"SWE",752,"Africa",15.179384,39.782334,60.128161,18.643501,27246
2016,"ERI",232,"UGA",800,"Africa",15.179384,39.782334,1.373333,32.290275,11864
2016,"ERI",232,"USA",840,"Africa",15.179384,39.782334,37.09024,-95.712891,5927
2016,"ESH",732,"DZA",12,"Africa",24.215527,-12.885834,28.033886,1.659626,90000
2016,"ESH",732,"MRT",478,"Africa",24.215527,-12.885834,21.00789,-10.940835,26000
2016,"ETH",231,"DEU",276,"Africa",9.145,40.489673,51.165691,10.451526,10070
2016,"ETH",231,"DJI",262,"Africa",9.145,40.489673,11.825138,42.590275,7759
2016,"ETH",231,"EGY",818,"Africa",9.145,40.489673,26.820553,30.802498,12029
2016,"ETH",231,"KEN",404,"Africa",9.145,40.489673,-0.023559,37.906193,27237
2016,"ETH",231,"SDN",729,"Africa",9.145,40.489673,12.862807,30.217636,12476
2016,"ETH",231,"SOM",706,"Africa",9.145,40.489673,5.152149,46.199616,15460
2016,"ETH",231,"USA",840,"Africa",9.145,40.489673,37.09024,-95.712891,14627
2016,"ETH",231,"YEM",887,"Africa",9.145,40.489673,15.552727,48.516388,13416
2016,"ETH",231,"ZAF",710,"Africa",9.145,40.489673,-30.559482,22.937506,21560
2016,"GEO",268,"DEU",276,"Asia",42.315407,43.356892,51.165691,10.451526,5692
2016,"GHA",288,"ITA",380,"Africa",7.946527,-1.023194,41.87194,12.56738,7586
2016,"GHA",288,"TGO",768,"Africa",7.946527,-1.023194,8.619543,0.824782,9648
2016,"GIN",324,"AGO",24,"Africa",9.945587,-9.696645,-11.202692,17.873887,9252
2016,"GIN",324,"DEU",276,"Africa",9.945587,-9.696645,51.165691,10.451526,5787
2016,"GIN",324,"FRA",250,"Africa",9.945587,-9.696645,46.227638,2.213749,9110
2016,"GIN",324,"ITA",380,"Africa",9.945587,-9.696645,41.87194,12.56738,6714
2016,"GMB",270,"DEU",276,"Africa",13.443182,-15.310139,51.165691,10.451526,10000
2016,"GMB",270,"ITA",380,"Africa",13.443182,-15.310139,41.87194,12.56738,14025
2016,"GTM",320,"USA",840,"Americas",15.783471,-90.230759,37.09024,-95.712891,56836
2016,"HND",340,"USA",840,"Americas",15.199999,-86.241905,37.09024,-95.712891,39742
2016,"HRV",191,"BIH",70,"Europe",45.1,15.2,43.915886,17.679076,5164
2016,"HRV",191,"SRB",688,"Europe",45.1,15.2,44.016521,21.005859,20346
2016,"HTI",332,"BRA",76,"Americas",18.971187,-72.285215,-14.235004,-51.92528,6914
2016,"HTI",332,"CAN",124,"Americas",18.971187,-72.285215,56.130366,-106.346771,7161
2016,"HTI",332,"FRA",250,"Americas",18.971187,-72.285215,46.227638,2.213749,7928
2016,"HTI",332,"USA",840,"Americas",18.971187,-72.285215,37.09024,-95.712891,27729
2016,"IDN",360,"PNG",598,"Asia",-0.789275,113.921327,-6.314993,143.95555,9368
2016,"IND",356,"USA",840,"Asia",20.593684,78.96288,37.09024,-95.712891,20623
2016,"IRN",364,"AUS",36,"Asia",32.427908,53.688046,-25.274398,133.775136,9032
2016,"IRN",364,"AUT",40,"Asia",32.427908,53.688046,47.516231,14.550072,8088
2016,"IRN",364,"DEU",276,"Asia",32.427908,53.688046,51.165691,10.451526,50164
2016,"IRN",364,"GBR",826,"Asia",32.427908,53.688046,55.378051,-3.435973,17255
2016,"IRN",364,"IRQ",368,"Asia",32.427908,53.688046,33.223191,43.679291,13350
2016,"IRN",364,"NLD",528,"Asia",32.427908,53.688046,52.132633,5.291266,5593
2016,"IRN",364,"SWE",752,"Asia",32.427908,53.688046,60.128161,18.643501,8821
2016,"IRN",364,"TUR",792,"Asia",32.427908,53.688046,38.963745,35.243322,31592
2016,"IRN",364,"USA",840,"Asia",32.427908,53.688046,37.09024,-95.712891,8242
2016,"IRQ",368,"AUS",36,"Asia",33.223191,43.679291,-25.274398,133.775136,5220
2016,"IRQ",368,"AUT",40,"Asia",33.223191,43.679291,47.516231,14.550072,15766
2016,"IRQ",368,"BEL",56,"Asia",33.223191,43.679291,50.503887,4.469936,6906
2016,"IRQ",368,"BGR",100,"Asia",33.223191,43.679291,42.733883,25.48583,5477
2016,"IRQ",368,"CHE",756,"Asia",33.223191,43.679291,46.818188,8.227512,5573
2016,"IRQ",368,"DEU",276,"Asia",33.223191,43.679291,51.165691,10.451526,151691
2016,"IRQ",368,"EGY",818,"Asia",33.223191,43.679291,26.820553,30.802498,7491
2016,"IRQ",368,"FIN",246,"Asia",33.223191,43.679291,61.92411,25.748151,9551
2016,"IRQ",368,"FRA",250,"Asia",33.223191,43.679291,46.227638,2.213749,6754
2016,"IRQ",368,"GBR",826,"Asia",33.223191,43.679291,55.378051,-3.435973,6423
2016,"IRQ",368,"GRC",300,"Asia",33.223191,43.679291,39.074208,21.824312,11296
2016,"IRQ",368,"IRN",364,"Asia",33.223191,43.679291,32.427908,53.688046,28268
2016,"IRQ",368,"ITA",380,"Asia",33.223191,43.679291,41.87194,12.56738,5285
2016,"IRQ",368,"JOR",400,"Asia",33.223191,43.679291,30.585164,36.238414,60904
2016,"IRQ",368,"LBN",422,"Asia",33.223191,43.679291,33.854721,35.862285,18420
2016,"IRQ",368,"NLD",528,"Asia",33.223191,43.679291,52.132633,5.291266,14139
2016,"IRQ",368,"SWE",752,"Asia",33.223191,43.679291,60.128161,18.643501,35744
2016,"IRQ",368,"SYR",760,"Asia",33.223191,43.679291,34.802075,38.996815,27861
2016,"IRQ",368,"TUR",792,"Asia",33.223191,43.679291,38.963745,35.243322,130076
2016,"IRQ",368,"USA",840,"Asia",33.223191,43.679291,37.09024,-95.712891,9713
2016,"KHM",116,"FRA",250,"Asia",12.565679,104.990963,46.227638,2.213749,11573
2016,"LAO",418,"FRA",250,"Asia",19.85627,102.495496,46.227638,2.213749,6846
2016,"LBN",422,"DEU",276,"Asia",33.854721,35.862285,51.165691,10.451526,5256
2016,"LKA",144,"AUS",36,"Asia",7.873054,80.771797,-25.274398,133.775136,6606
2016,"LKA",144,"CAN",124,"Asia",7.873054,80.771797,56.130366,-106.346771,5436
2016,"LKA",144,"CHE",756,"Asia",7.873054,80.771797,46.818188,8.227512,7307
2016,"LKA",144,"DEU",276,"Asia",7.873054,80.771797,51.165691,10.451526,5352
2016,"LKA",144,"FRA",250,"Asia",7.873054,80.771797,46.227638,2.213749,25941
2016,"LKA",144,"GBR",826,"Asia",7.873054,80.771797,55.378051,-3.435973,7526
2016,"LKA",144,"IND",356,"Asia",7.873054,80.771797,20.593684,78.96288,63162
2016,"MEX",484,"USA",840,"Americas",23.634501,-102.552784,37.09024,-95.712891,69984
2016,"MKD",807,"DEU",276,"Europe",41.608635,21.745275,51.165691,10.451526,6555
2016,"MLI",466,"BFA",854,"Africa",17.570692,-3.996166,12.238333,-1.561593,32017
2016,"MLI",466,"FRA",250,"Africa",17.570692,-3.996166,46.227638,2.213749,5222
2016,"MLI",466,"ITA",380,"Africa",17.570692,-3.996166,41.87194,12.56738,16347
2016,"MLI",466,"MRT",478,"Africa",17.570692,-3.996166,21.00789,-10.940835,46644
2016,"MLI",466,"NER",562,"Africa",17.570692,-3.996166,17.607789,8.081666,60154
2016,"MMR",104,"BGD",50,"Asia",21.913965,95.956223,23.684994,90.356331,276198
2016,"MMR",104,"IND",356,"Asia",21.913965,95.956223,20.593684,78.96288,19238
2016,"MMR",104,"MYS",458,"Asia",21.913965,95.956223,4.210484,101.975766,135388
2016,"MMR",104,"THA",764,"Asia",21.913965,95.956223,15.870032,100.992541,103459
2016,"MRT",478,"AGO",24,"Africa",21.00789,-10.940835,-11.202692,17.873887,5709
2016,"MRT",478,"FRA",250,"Africa",21.00789,-10.940835,46.227638,2.213749,5725
2016,"MRT",478,"MLI",466,"Africa",21.00789,-10.940835,17.570692,-3.996166,15298
2016,"MRT",478,"SEN",686,"Africa",21.00789,-10.940835,14.497401,-14.452362,13775
2016,"MYS",458,"AUS",36,"Asia",4.210484,101.975766,-25.274398,133.775136,5967
2016,"NGA",566,"CAN",124,"Africa",9.081999,8.675277,56.130366,-106.346771,5594
2016,"NGA",566,"CMR",120,"Africa",9.081999,8.675277,7.369722,12.354722,88711
2016,"NGA",566,"DEU",276,"Africa",9.081999,8.675277,51.165691,10.451526,21581
2016,"NGA",566,"ITA",380,"Africa",9.081999,8.675277,41.87194,12.56738,37227
2016,"NGA",566,"NER",562,"Africa",9.081999,8.675277,17.607789,8.081666,105501
2016,"NGA",566,"TCD",148,"Africa",9.081999,8.675277,15.454166,18.732207,8596
2016,"NPL",524,"USA",840,"Asia",28.394857,84.124008,37.09024,-95.712891,12604
2016,"PAK",586,"AFG",4,"Asia",30.375321,69.345116,33.93911,67.709953,59836
2016,"PAK",586,"AUS",36,"Asia",30.375321,69.345116,-25.274398,133.775136,5774
2016,"PAK",586,"CAN",124,"Asia",30.375321,69.345116,56.130366,-106.346771,5640
2016,"PAK",586,"DEU",276,"Asia",30.375321,69.345116,51.165691,10.451526,27917
2016,"PAK",586,"GBR",826,"Asia",30.375321,69.345116,55.378051,-3.435973,9728
2016,"PAK",586,"ITA",380,"Asia",30.375321,69.345116,41.87194,12.56738,24751
2016,"PAK",586,"USA",840,"Asia",30.375321,69.345116,37.09024,-95.712891,7151
2016,"PSE",275,"EGY",818,"Asia",31.952162,35.233154,26.820553,30.802498,70032
2016,"PSE",275,"IRQ",368,"Asia",31.952162,35.233154,33.223191,43.679291,7811
2016,"PSE",275,"LBY",434,"Asia",31.952162,35.233154,26.3351,17.228331,5980
2016,"RUS",643,"AUT",40,"Europe",61.52401,105.318756,47.516231,14.550072,16480
2016,"RUS",643,"DEU",276,"Europe",61.52401,105.318756,51.165691,10.451526,24722
2016,"RUS",643,"FRA",250,"Europe",61.52401,105.318756,46.227638,2.213749,17125
2016,"RUS",643,"POL",616,"Europe",61.52401,105.318756,51.919438,19.145136,12049
2016,"RUS",643,"USA",840,"Europe",61.52401,105.318756,37.09024,-95.712891,11014
2016,"RWA",646,"COD",180,"Africa",-1.940278,29.873888,-4.038333,21.758664,245448
2016,"RWA",646,"COG",178,"Africa",-1.940278,29.873888,-0.228021,15.827659,9671
2016,"RWA",646,"MWI",454,"Africa",-1.940278,29.873888,-13.254308,34.301525,5234
2016,"RWA",646,"UGA",800,"Africa",-1.940278,29.873888,1.373333,32.290275,17754
2016,"SDN",729,"EGY",818,"Africa",12.862807,30.217636,26.820553,30.802498,33128
2016,"SDN",729,"ETH",231,"Africa",12.862807,30.217636,9.145,40.489673,40343
2016,"SDN",729,"FRA",250,"Africa",12.862807,30.217636,46.227638,2.213749,12051
2016,"SDN",729,"GBR",826,"Africa",12.862807,30.217636,55.378051,-3.435973,8389
2016,"SDN",729,"ISR",376,"Africa",12.862807,30.217636,31.046051,34.851612,8002
2016,"SDN",729,"KEN",404,"Africa",12.862807,30.217636,-0.023559,37.906193,9306
2016,"SDN",729,"TCD",148,"Africa",12.862807,30.217636,15.454166,18.732207,312484
2016,"SEN",686,"BRA",76,"Africa",14.497401,-14.452362,-14.235004,-51.92528,5295
2016,"SEN",686,"GMB",270,"Africa",14.497401,-14.452362,13.443182,-15.310139,7470
2016,"SEN",686,"GNB",624,"Africa",14.497401,-14.452362,11.803749,-15.180413,8374
2016,"SEN",686,"ITA",380,"Africa",14.497401,-14.452362,41.87194,12.56738,10445
2016,"SLV",222,"USA",840,"Americas",13.794185,-88.89653,37.09024,-95.712891,69925
2016,"SOM",706,"AUT",40,"Africa",5.152149,46.199616,47.516231,14.550072,7315
2016,"SOM",706,"CHE",756,"Africa",5.152149,46.199616,46.818188,8.227512,5680
2016,"SOM",706,"DEU",276,"Africa",5.152149,46.199616,51.165691,10.451526,23852
2016,"SOM",706,"DJI",262,"Africa",5.152149,46.199616,11.825138,42.590275,13077
2016,"SOM",706,"EGY",818,"Africa",5.152149,46.199616,26.820553,30.802498,7027
2016,"SOM",706,"ETH",231,"Africa",5.152149,46.199616,9.145,40.489673,242093
2016,"SOM",706,"GBR",826,"Africa",5.152149,46.199616,55.378051,-3.435973,6359
2016,"SOM",706,"ITA",380,"Africa",5.152149,46.199616,41.87194,12.56738,15837
2016,"SOM",706,"KEN",404,"Africa",5.152149,46.199616,-0.023559,37.906193,326562
2016,"SOM",706,"NLD",528,"Africa",5.152149,46.199616,52.132633,5.291266,16709
2016,"SOM",706,"NOR",578,"Africa",5.152149,46.199616,60.472024,8.468946,8747
2016,"SOM",706,"SWE",752,"Africa",5.152149,46.199616,60.128161,18.643501,26438
2016,"SOM",706,"UGA",800,"Africa",5.152149,46.199616,1.373333,32.290275,39541
2016,"SOM",706,"YEM",887,"Africa",5.152149,46.199616,15.552727,48.516388,255121
2016,"SOM",706,"ZAF",710,"Africa",5.152149,46.199616,-30.559482,22.937506,31385
2016,"SRB",688,"DEU",276,"Europe",44.016521,21.005859,51.165691,10.451526,25730
2016,"SRB",688,"FRA",250,"Europe",44.016521,21.005859,46.227638,2.213749,15241
2016,"SYR",760,"ARM",51,"Asia",34.802075,38.996815,40.069099,45.038189,14646
2016,"SYR",760,"AUT",40,"Asia",34.802075,38.996815,47.516231,14.550072,40770
2016,"SYR",760,"BEL",56,"Asia",34.802075,38.996815,50.503887,4.469936,10878
2016,"SYR",760,"BGR",100,"Asia",34.802075,38.996815,42.733883,25.48583,16988
2016,"SYR",760,"CHE",756,"Asia",34.802075,38.996815,46.818188,8.227512,15017
2016,"SYR",760,"CYP",196,"Asia",34.802075,38.996815,35.126413,33.429859,5087
2016,"SYR",760,"DEU",276,"Asia",34.802075,38.996815,51.165691,10.451526,475649
2016,"SYR",760,"DNK",208,"Asia",34.802075,38.996815,56.26392,9.501785,18727
2016,"SYR",760,"DZA",12,"Asia",34.802075,38.996815,28.033886,1.659626,5329
2016,"SYR",760,"EGY",818,"Asia",34.802075,38.996815,26.820553,30.802498,116013
2016,"SYR",760,"ESP",724,"Asia",34.802075,38.996815,40.463667,-3.74922,9805
2016,"SYR",760,"FRA",250,"Asia",34.802075,38.996815,46.227638,2.213749,11140
2016,"SYR",760,"GBR",826,"Asia",34.802075,38.996815,55.378051,-3.435973,9279
2016,"SYR",760,"GRC",300,"Asia",34.802075,38.996815,39.074208,21.824312,28417
2016,"SYR",760,"IRQ",368,"Asia",34.802075,38.996815,33.223191,43.679291,230836
2016,"SYR",760,"JOR",400,"Asia",34.802075,38.996815,30.585164,36.238414,648836
2016,"SYR",760,"LBN",422,"Asia",34.802075,38.996815,33.854721,35.862285,1005513
2016,"SYR",760,"LBY",434,"Asia",34.802075,38.996815,26.3351,17.228331,19508
2016,"SYR",760,"NLD",528,"Asia",34.802075,38.996815,52.132633,5.291266,29381
2016,"SYR",760,"NOR",578,"Asia",34.802075,38.996815,60.472024,8.468946,12620
2016,"SYR",760,"SDN",729,"Asia",34.802075,38.996815,12.862807,30.217636,7498
2016,"SYR",760,"SWE",752,"Asia",34.802075,38.996815,60.128161,18.643501,103999
2016,"SYR",760,"TUR",792,"Asia",34.802075,38.996815,38.963745,35.243322,2824167
2016,"SYR",760,"USA",840,"Asia",34.802075,38.996815,37.09024,-95.712891,9808
2016,"TCD",148,"SDN",729,"Africa",15.454166,18.732207,12.862807,30.217636,8507
2016,"TUR",792,"DEU",276,"Asia",38.963745,35.243322,51.165691,10.451526,27334
2016,"TUR",792,"FRA",250,"Asia",38.963745,35.243322,46.227638,2.213749,11522
2016,"TUR",792,"IRQ",368,"Asia",38.963745,35.243322,33.223191,43.679291,20220
2016,"UKR",804,"DEU",276,"Europe",48.379433,31.16558,51.165691,10.451526,6701
2016,"UKR",804,"ESP",724,"Europe",48.379433,31.16558,40.463667,-3.74922,5623
2016,"UKR",804,"ISR",376,"Europe",48.379433,31.16558,31.046051,34.851612,6797
2016,"UKR",804,"ITA",380,"Europe",48.379433,31.16558,41.87194,12.56738,6264
2016,"UKR",804,"RUS",643,"Europe",48.379433,31.16558,61.52401,105.318756,228415
2016,"UKR",804,"USA",840,"Europe",48.379433,31.16558,37.09024,-95.712891,7558
2016,"VEN",862,"USA",840,"Americas",6.42375,-66.58973,37.09024,-95.712891,34624
2016,"VNM",704,"CHN",156,"Asia",14.058324,108.277199,35.86166,104.195397,317098
2016,"VNM",704,"FRA",250,"Asia",14.058324,108.277199,46.227638,2.213749,8016
2016,"YEM",887,"JOR",400,"Asia",15.552727,48.516388,30.585164,36.238414,5704
2016,"YEM",887,"SOM",706,"Asia",15.552727,48.516388,5.152149,46.199616,8546
2016,"ZWE",716,"GBR",826,"Africa",-19.015438,29.154857,55.378051,-3.435973,9151
2016,"ZWE",716,"ZAF",710,"Africa",-19.015438,29.154857,-30.559482,22.937506,45856
2017,"AFG",4,"AUS",36,"Asia",33.93911,67.709953,-25.274398,133.775136,12717
2017,"AFG",4,"AUT",40,"Asia",33.93911,67.709953,47.516231,14.550072,51172
2017,"AFG",4,"BEL",56,"Asia",33.93911,67.709953,50.503887,4.469936,7116
2017,"AFG",4,"CHE",756,"Asia",33.93911,67.709953,46.818188,8.227512,13771
2017,"AFG",4,"DEU",276,"Asia",33.93911,67.709953,51.165691,10.451526,191706
2017,"AFG",4,"FRA",250,"Asia",33.93911,67.709953,46.227638,2.213749,17739
2017,"AFG",4,"GBR",826,"Asia",33.93911,67.709953,55.378051,-3.435973,12205
2017,"AFG",4,"GRC",300,"Asia",33.93911,67.709953,39.074208,21.824312,11673
2017,"AFG",4,"IDN",360,"Asia",33.93911,67.709953,-0.789275,113.921327,7559
2017,"AFG",4,"IND",356,"Asia",33.93911,67.709953,20.593684,78.96288,13501
2017,"AFG",4,"IRN",364,"Asia",33.93911,67.709953,32.427908,53.688046,951142
2017,"AFG",4,"ITA",380,"Asia",33.93911,67.709953,41.87194,12.56738,17493
2017,"AFG",4,"NLD",528,"Asia",33.93911,67.709953,52.132633,5.291266,6618
2017,"AFG",4,"NOR",578,"Asia",33.93911,67.709953,60.472024,8.468946,7106
2017,"AFG",4,"PAK",586,"Asia",33.93911,67.709953,30.375321,69.345116,1395851
2017,"AFG",4,"SWE",752,"Asia",33.93911,67.709953,60.128161,18.643501,43457
2017,"AFG",4,"TUR",792,"Asia",33.93911,67.709953,38.963745,35.243322,163413
2017,"AGO",24,"BRA",76,"Africa",-11.202692,17.873887,-14.235004,-51.92528,5829
2017,"ALB",8,"DEU",276,"Europe",41.153332,20.168331,51.165691,10.451526,5821
2017,"ALB",8,"FRA",250,"Europe",41.153332,20.168331,46.227638,2.213749,8578
2017,"ALB",8,"GBR",826,"Europe",41.153332,20.168331,55.378051,-3.435973,5414
2017,"ARM",51,"DEU",276,"Asia",40.069099,45.038189,51.165691,10.451526,11068
2017,"ARM",51,"FRA",250,"Asia",40.069099,45.038189,46.227638,2.213749,5545
2017,"AZE",31,"DEU",276,"Asia",40.143105,47.576927,51.165691,10.451526,10101
2017,"BDI",108,"COD",180,"Africa",-3.373056,29.918886,-4.038333,21.758664,44675
2017,"BDI",108,"KEN",404,"Africa",-3.373056,29.918886,-0.023559,37.906193,12828
2017,"BDI",108,"MOZ",508,"Africa",-3.373056,29.918886,-18.665695,35.529562,7752
2017,"BDI",108,"MWI",454,"Africa",-3.373056,29.918886,-13.254308,34.301525,7139
2017,"BDI",108,"RWA",646,"Africa",-3.373056,29.918886,-1.940278,29.873888,88325
2017,"BDI",108,"TZA",834,"Africa",-3.373056,29.918886,-6.369028,34.888822,275682
2017,"BDI",108,"UGA",800,"Africa",-3.373056,29.918886,1.373333,32.290275,40634
2017,"BDI",108,"ZAF",710,"Africa",-3.373056,29.918886,-30.559482,22.937506,8865
2017,"BGD",50,"FRA",250,"Asia",23.684994,90.356331,46.227638,2.213749,7611
2017,"BGD",50,"ITA",380,"Asia",23.684994,90.356331,41.87194,12.56738,23880
2017,"BGD",50,"USA",840,"Asia",23.684994,90.356331,37.09024,-95.712891,7473
2017,"BGD",50,"ZAF",710,"Asia",23.684994,90.356331,-30.559482,22.937506,26685
2017,"BIH",70,"SRB",688,"Europe",43.915886,17.679076,44.016521,21.005859,8765
2017,"BRA",76,"USA",840,"Americas",-14.235004,-51.92528,37.09024,-95.712891,6645
2017,"BTN",64,"NPL",524,"Asia",27.514162,90.433601,28.394857,84.124008,7422
2017,"CAF",140,"CMR",120,"Africa",6.611111,20.939444,7.369722,12.354722,253587
2017,"CAF",140,"COD",180,"Africa",6.611111,20.939444,-4.038333,21.758664,182097
2017,"CAF",140,"COG",178,"Africa",6.611111,20.939444,-0.228021,15.827659,30791
2017,"CAF",140,"TCD",148,"Africa",6.611111,20.939444,15.454166,18.732207,77122
2017,"CHN",156,"AUS",36,"Asia",35.86166,104.195397,-25.274398,133.775136,11068
2017,"CHN",156,"CAN",124,"Asia",35.86166,104.195397,56.130366,-106.346771,9396
2017,"CHN",156,"FRA",250,"Asia",35.86166,104.195397,46.227638,2.213749,5441
2017,"CHN",156,"IND",356,"Asia",35.86166,104.195397,20.593684,78.96288,108008
2017,"CHN",156,"USA",840,"Asia",35.86166,104.195397,37.09024,-95.712891,142890
2017,"CIV",384,"AGO",24,"Africa",7.539989,-5.54708,-11.202692,17.873887,6448
2017,"CIV",384,"FRA",250,"Africa",7.539989,-5.54708,46.227638,2.213749,6191
2017,"CIV",384,"GHA",288,"Africa",7.539989,-5.54708,7.946527,-1.023194,7075
2017,"CIV",384,"ITA",380,"Africa",7.539989,-5.54708,41.87194,12.56738,17841
2017,"CIV",384,"LBR",430,"Africa",7.539989,-5.54708,6.428055,-9.429499,11063
2017,"CMR",120,"NGA",566,"Africa",7.369722,12.354722,9.081999,8.675277,8145
2017,"CMR",120,"USA",840,"Africa",7.369722,12.354722,37.09024,-95.712891,8048
2017,"COD",180,"AGO",24,"Africa",-4.038333,21.758664,-11.202692,17.873887,39016
2017,"COD",180,"BDI",108,"Africa",-4.038333,21.758664,-3.373056,29.918886,64604
2017,"COD",180,"COG",178,"Africa",-4.038333,21.758664,-0.228021,15.827659,14188
2017,"COD",180,"FRA",250,"Africa",-4.038333,21.758664,46.227638,2.213749,18547
2017,"COD",180,"KEN",404,"Africa",-4.038333,21.758664,-0.023559,37.906193,35710
2017,"COD",180,"MOZ",508,"Africa",-4.038333,21.758664,-18.665695,35.529562,9799
2017,"COD",180,"MWI",454,"Africa",-4.038333,21.758664,-13.254308,34.301525,19060
2017,"COD",180,"RWA",646,"Africa",-4.038333,21.758664,-1.940278,29.873888,83064
2017,"COD",180,"TZA",834,"Africa",-4.038333,21.758664,-6.369028,34.888822,76454
2017,"COD",180,"UGA",800,"Africa",-4.038333,21.758664,1.373333,32.290275,242406
2017,"COD",180,"ZAF",710,"Africa",-4.038333,21.758664,-30.559482,22.937506,58580
2017,"COD",180,"ZMB",894,"Africa",-4.038333,21.758664,-13.133897,27.849332,37812
2017,"COD",180,"ZWE",716,"Africa",-4.038333,21.758664,-19.015438,29.154857,6541
2017,"COG",178,"ZAF",710,"Africa",-0.228021,15.827659,-30.559482,22.937506,14061
2017,"COL",170,"CAN",124,"Americas",4.570868,-74.297333,56.130366,-106.346771,9616
2017,"COL",170,"CHL",152,"Americas",4.570868,-74.297333,-35.675147,-71.542969,5882
2017,"COL",170,"ECU",218,"Americas",4.570868,-74.297333,-1.831239,-78.183406,56926
2017,"COL",170,"USA",840,"Americas",4.570868,-74.297333,37.09024,-95.712891,11266
2017,"COL",170,"VEN",862,"Americas",4.570868,-74.297333,6.42375,-66.58973,123581
2017,"ECU",218,"USA",840,"Americas",-1.831239,-78.183406,37.09024,-95.712891,18030
2017,"EGY",818,"USA",840,"Africa",26.820553,30.802498,37.09024,-95.712891,16525
2017,"ERI",232,"CHE",756,"Africa",15.179384,39.782334,46.818188,8.227512,35461
2017,"ERI",232,"DEU",276,"Africa",15.179384,39.782334,51.165691,10.451526,56158
2017,"ERI",232,"EGY",818,"Africa",15.179384,39.782334,26.820553,30.802498,12693
2017,"ERI",232,"ETH",231,"Africa",15.179384,39.782334,9.145,40.489673,164821
2017,"ERI",232,"GBR",826,"Africa",15.179384,39.782334,55.378051,-3.435973,14540
2017,"ERI",232,"ISR",376,"Africa",15.179384,39.782334,31.046051,34.851612,26563
2017,"ERI",232,"ITA",380,"Africa",15.179384,39.782334,41.87194,12.56738,26510
2017,"ERI",232,"LBY",434,"Africa",15.179384,39.782334,26.3351,17.228331,5132
2017,"ERI",232,"NLD",528,"Africa",15.179384,39.782334,52.132633,5.291266,15008
2017,"ERI",232,"NOR",578,"Africa",15.179384,39.782334,60.472024,8.468946,15898
2017,"ERI",232,"SDN",729,"Africa",15.179384,39.782334,12.862807,30.217636,113144
2017,"ERI",232,"SWE",752,"Africa",15.179384,39.782334,60.128161,18.643501,28084
2017,"ERI",232,"UGA",800,"Africa",15.179384,39.782334,1.373333,32.290275,14592
2017,"ERI",232,"USA",840,"Africa",15.179384,39.782334,37.09024,-95.712891,6842
2017,"ESH",732,"DZA",12,"Africa",24.215527,-12.885834,28.033886,1.659626,90000
2017,"ESH",732,"MRT",478,"Africa",24.215527,-12.885834,21.00789,-10.940835,26000
2017,"ETH",231,"DEU",276,"Africa",9.145,40.489673,51.165691,10.451526,11422
2017,"ETH",231,"DJI",262,"Africa",9.145,40.489673,11.825138,42.590275,9031
2017,"ETH",231,"EGY",818,"Africa",9.145,40.489673,26.820553,30.802498,14452
2017,"ETH",231,"KEN",404,"Africa",9.145,40.489673,-0.023559,37.906193,27880
2017,"ETH",231,"SDN",729,"Africa",9.145,40.489673,12.862807,30.217636,13477
2017,"ETH",231,"SOM",706,"Africa",9.145,40.489673,5.152149,46.199616,18064
2017,"ETH",231,"USA",840,"Africa",9.145,40.489673,37.09024,-95.712891,15493
2017,"ETH",231,"YEM",887,"Africa",9.145,40.489673,15.552727,48.516388,14522
2017,"ETH",231,"ZAF",710,"Africa",9.145,40.489673,-30.559482,22.937506,67049
2017,"GEO",268,"DEU",276,"Asia",42.315407,43.356892,51.165691,10.451526,5175
2017,"GHA",288,"ITA",380,"Africa",7.946527,-1.023194,41.87194,12.56738,11982
2017,"GHA",288,"TGO",768,"Africa",7.946527,-1.023194,8.619543,0.824782,9695
2017,"GIN",324,"AGO",24,"Africa",9.945587,-9.696645,-11.202692,17.873887,9252
2017,"GIN",324,"DEU",276,"Africa",9.945587,-9.696645,51.165691,10.451526,7446
2017,"GIN",324,"FRA",250,"Africa",9.945587,-9.696645,46.227638,2.213749,10966
2017,"GIN",324,"ITA",380,"Africa",9.945587,-9.696645,41.87194,12.56738,14563
2017,"GMB",270,"DEU",276,"Africa",13.443182,-15.310139,51.165691,10.451526,9397
2017,"GMB",270,"ITA",380,"Africa",13.443182,-15.310139,41.87194,12.56738,20843
2017,"GTM",320,"USA",840,"Americas",15.783471,-90.230759,37.09024,-95.712891,86414
2017,"HND",340,"MEX",484,"Americas",15.199999,-86.241905,23.634501,-102.552784,5878
2017,"HND",340,"USA",840,"Americas",15.199999,-86.241905,37.09024,-95.712891,64012
2017,"HRV",191,"BIH",70,"Europe",45.1,15.2,43.915886,17.679076,5120
2017,"HRV",191,"SRB",688,"Europe",45.1,15.2,44.016521,21.005859,19043
2017,"HTI",332,"BRA",76,"Americas",18.971187,-72.285215,-14.235004,-51.92528,9441
2017,"HTI",332,"CAN",124,"Americas",18.971187,-72.285215,56.130366,-106.346771,13971
2017,"HTI",332,"FRA",250,"Americas",18.971187,-72.285215,46.227638,2.213749,6779
2017,"HTI",332,"USA",840,"Americas",18.971187,-72.285215,37.09024,-95.712891,32239
2017,"IDN",360,"PNG",598,"Asia",-0.789275,113.921327,-6.314993,143.95555,9368
2017,"IND",356,"USA",840,"Asia",20.593684,78.96288,37.09024,-95.712891,28231
2017,"IRN",364,"AUS",36,"Asia",32.427908,53.688046,-25.274398,133.775136,13954
2017,"IRN",364,"AUT",40,"Asia",32.427908,53.688046,47.516231,14.550072,7998
2017,"IRN",364,"DEU",276,"Asia",32.427908,53.688046,51.165691,10.451526,56138
2017,"IRN",364,"GBR",826,"Asia",32.427908,53.688046,55.378051,-3.435973,18272
2017,"IRN",364,"IRQ",368,"Asia",32.427908,53.688046,33.223191,43.679291,13460
2017,"IRN",364,"NLD",528,"Asia",32.427908,53.688046,52.132633,5.291266,5275
2017,"IRN",364,"SWE",752,"Asia",32.427908,53.688046,60.128161,18.643501,8983
2017,"IRN",364,"TUR",792,"Asia",32.427908,53.688046,38.963745,35.243322,33923
2017,"IRN",364,"USA",840,"Asia",32.427908,53.688046,37.09024,-95.712891,8802
2017,"IRQ",368,"AUS",36,"Asia",33.223191,43.679291,-25.274398,133.775136,5605
2017,"IRQ",368,"AUT",40,"Asia",33.223191,43.679291,47.516231,14.550072,15219
2017,"IRQ",368,"BEL",56,"Asia",33.223191,43.679291,50.503887,4.469936,6020
2017,"IRQ",368,"CHE",756,"Asia",33.223191,43.679291,46.818188,8.227512,5409
2017,"IRQ",368,"DEU",276,"Asia",33.223191,43.679291,51.165691,10.451526,176312
2017,"IRQ",368,"EGY",818,"Asia",33.223191,43.679291,26.820553,30.802498,6663
2017,"IRQ",368,"FIN",246,"Asia",33.223191,43.679291,61.92411,25.748151,8906
2017,"IRQ",368,"FRA",250,"Asia",33.223191,43.679291,46.227638,2.213749,8211
2017,"IRQ",368,"GBR",826,"Asia",33.223191,43.679291,55.378051,-3.435973,7060
2017,"IRQ",368,"GRC",300,"Asia",33.223191,43.679291,39.074208,21.824312,9909
2017,"IRQ",368,"IRN",364,"Asia",33.223191,43.679291,32.427908,53.688046,28268
2017,"IRQ",368,"ITA",380,"Asia",33.223191,43.679291,41.87194,12.56738,6924
2017,"IRQ",368,"JOR",400,"Asia",33.223191,43.679291,30.585164,36.238414,65922
2017,"IRQ",368,"LBN",422,"Asia",33.223191,43.679291,33.854721,35.862285,19307
2017,"IRQ",368,"NLD",528,"Asia",33.223191,43.679291,52.132633,5.291266,11767
2017,"IRQ",368,"SWE",752,"Asia",33.223191,43.679291,60.128161,18.643501,23380
2017,"IRQ",368,"SYR",760,"Asia",33.223191,43.679291,34.802075,38.996815,33998
2017,"IRQ",368,"TUR",792,"Asia",33.223191,43.679291,38.963745,35.243322,152976
2017,"IRQ",368,"USA",840,"Asia",33.223191,43.679291,37.09024,-95.712891,9999
2017,"KHM",116,"FRA",250,"Asia",12.565679,104.990963,46.227638,2.213749,11374
2017,"LAO",418,"FRA",250,"Asia",19.85627,102.495496,46.227638,2.213749,6721
2017,"LBN",422,"DEU",276,"Asia",33.854721,35.862285,51.165691,10.451526,5538
2017,"LKA",144,"AUS",36,"Asia",7.873054,80.771797,-25.274398,133.775136,7747
2017,"LKA",144,"CAN",124,"Asia",7.873054,80.771797,56.130366,-106.346771,5063
2017,"LKA",144,"CHE",756,"Asia",7.873054,80.771797,46.818188,8.227512,7414
2017,"LKA",144,"DEU",276,"Asia",7.873054,80.771797,51.165691,10.451526,5471
2017,"LKA",144,"FRA",250,"Asia",7.873054,80.771797,46.227638,2.213749,25573
2017,"LKA",144,"GBR",826,"Asia",7.873054,80.771797,55.378051,-3.435973,7205
2017,"LKA",144,"IND",356,"Asia",7.873054,80.771797,20.593684,78.96288,61842
2017,"MEX",484,"CAN",124,"Americas",23.634501,-102.552784,56.130366,-106.346771,5254
2017,"MEX",484,"USA",840,"Americas",23.634501,-102.552784,37.09024,-95.712891,91210
2017,"MLI",466,"BFA",854,"Africa",17.570692,-3.996166,12.238333,-1.561593,23766
2017,"MLI",466,"FRA",250,"Africa",17.570692,-3.996166,46.227638,2.213749,5411
2017,"MLI",466,"ITA",380,"Africa",17.570692,-3.996166,41.87194,12.56738,23928
2017,"MLI",466,"MRT",478,"Africa",17.570692,-3.996166,21.00789,-10.940835,49858
2017,"MLI",466,"NER",562,"Africa",17.570692,-3.996166,17.607789,8.081666,56838
2017,"MMR",104,"BGD",50,"Asia",21.913965,95.956223,23.684994,90.356331,932204
2017,"MMR",104,"IND",356,"Asia",21.913965,95.956223,20.593684,78.96288,21241
2017,"MMR",104,"MYS",458,"Asia",21.913965,95.956223,4.210484,101.975766,131697
2017,"MMR",104,"THA",764,"Asia",21.913965,95.956223,15.870032,100.992541,100236
2017,"MOZ",508,"ZWE",716,"Africa",-18.665695,35.529562,-19.015438,29.154857,8059
2017,"MRT",478,"AGO",24,"Africa",21.00789,-10.940835,-11.202692,17.873887,5709
2017,"MRT",478,"FRA",250,"Africa",21.00789,-10.940835,46.227638,2.213749,5846
2017,"MRT",478,"MLI",466,"Africa",21.00789,-10.940835,17.570692,-3.996166,15319
2017,"MRT",478,"SEN",686,"Africa",21.00789,-10.940835,14.497401,-14.452362,13878
2017,"MYS",458,"AUS",36,"Asia",4.210484,101.975766,-25.274398,133.775136,8779
2017,"NGA",566,"CAN",124,"Africa",9.081999,8.675277,56.130366,-106.346771,10432
2017,"NGA",566,"CMR",120,"Africa",9.081999,8.675277,7.369722,12.354722,85325
2017,"NGA",566,"DEU",276,"Africa",9.081999,8.675277,51.165691,10.451526,23788
2017,"NGA",566,"ITA",380,"Africa",9.081999,8.675277,41.87194,12.56738,55993
2017,"NGA",566,"NER",562,"Africa",9.081999,8.675277,17.607789,8.081666,108480
2017,"NGA",566,"TCD",148,"Africa",9.081999,8.675277,15.454166,18.732207,9546
2017,"NGA",566,"USA",840,"Africa",9.081999,8.675277,37.09024,-95.712891,6640
2017,"NGA",566,"ZAF",710,"Africa",9.081999,8.675277,-30.559482,22.937506,8877
2017,"NPL",524,"USA",840,"Asia",28.394857,84.124008,37.09024,-95.712891,13779
2017,"PAK",586,"AFG",4,"Asia",30.375321,69.345116,33.93911,67.709953,75994
2017,"PAK",586,"AUS",36,"Asia",30.375321,69.345116,-25.274398,133.775136,6847
2017,"PAK",586,"CAN",124,"Asia",30.375321,69.345116,56.130366,-106.346771,6962
2017,"PAK",586,"DEU",276,"Asia",30.375321,69.345116,51.165691,10.451526,24524
2017,"PAK",586,"GBR",826,"Asia",30.375321,69.345116,55.378051,-3.435973,9965
2017,"PAK",586,"GRC",300,"Asia",30.375321,69.345116,39.074208,21.824312,8431
2017,"PAK",586,"ITA",380,"Asia",30.375321,69.345116,41.87194,12.56738,27830
2017,"PAK",586,"MYS",458,"Asia",30.375321,69.345116,4.210484,101.975766,5359
2017,"PAK",586,"USA",840,"Asia",30.375321,69.345116,37.09024,-95.712891,8481
2017,"PAK",586,"ZAF",710,"Asia",30.375321,69.345116,-30.559482,22.937506,9993
2017,"PHL",608,"JPN",392,"Asia",12.879721,121.774017,36.204824,138.252924,5298
2017,"PSE",275,"EGY",818,"Asia",31.952162,35.233154,26.820553,30.802498,70018
2017,"PSE",275,"IRQ",368,"Asia",31.952162,35.233154,33.223191,43.679291,8001
2017,"PSE",275,"LBY",434,"Asia",31.952162,35.233154,26.3351,17.228331,6979
2017,"RUS",643,"AUT",40,"Europe",61.52401,105.318756,47.516231,14.550072,13540
2017,"RUS",643,"DEU",276,"Europe",61.52401,105.318756,51.165691,10.451526,26213
2017,"RUS",643,"FRA",250,"Europe",61.52401,105.318756,46.227638,2.213749,17365
2017,"RUS",643,"POL",616,"Europe",61.52401,105.318756,51.919438,19.145136,12068
2017,"RUS",643,"USA",840,"Europe",61.52401,105.318756,37.09024,-95.712891,13443
2017,"RWA",646,"COD",180,"Africa",-1.940278,29.873888,-4.038333,21.758664,220558
2017,"RWA",646,"COG",178,"Africa",-1.940278,29.873888,-0.228021,15.827659,9791
2017,"RWA",646,"MWI",454,"Africa",-1.940278,29.873888,-13.254308,34.301525,5250
2017,"RWA",646,"UGA",800,"Africa",-1.940278,29.873888,1.373333,32.290275,15260
2017,"SDN",729,"EGY",818,"Africa",12.862807,30.217636,26.820553,30.802498,35737
2017,"SDN",729,"ETH",231,"Africa",12.862807,30.217636,9.145,40.489673,44389
2017,"SDN",729,"FRA",250,"Africa",12.862807,30.217636,46.227638,2.213749,15169
2017,"SDN",729,"GBR",826,"Africa",12.862807,30.217636,55.378051,-3.435973,9547
2017,"SDN",729,"ISR",376,"Africa",12.862807,30.217636,31.046051,34.851612,7624
2017,"SDN",729,"KEN",404,"Africa",12.862807,30.217636,-0.023559,37.906193,10008
2017,"SDN",729,"TCD",148,"Africa",12.862807,30.217636,15.454166,18.732207,324389
2017,"SEN",686,"BRA",76,"Africa",14.497401,-14.452362,-14.235004,-51.92528,8647
2017,"SEN",686,"GMB",270,"Africa",14.497401,-14.452362,13.443182,-15.310139,7562
2017,"SEN",686,"GNB",624,"Africa",14.497401,-14.452362,11.803749,-15.180413,10061
2017,"SEN",686,"ITA",380,"Africa",14.497401,-14.452362,41.87194,12.56738,17639
2017,"SLV",222,"MEX",484,"Americas",13.794185,-88.89653,23.634501,-102.552784,5750
2017,"SLV",222,"USA",840,"Americas",13.794185,-88.89653,37.09024,-95.712891,110192
2017,"SOM",706,"AUT",40,"Africa",5.152149,46.199616,47.516231,14.550072,8089
2017,"SOM",706,"CHE",756,"Africa",5.152149,46.199616,46.818188,8.227512,5448
2017,"SOM",706,"DEU",276,"Africa",5.152149,46.199616,51.165691,10.451526,29852
2017,"SOM",706,"DJI",262,"Africa",5.152149,46.199616,11.825138,42.590275,13164
2017,"SOM",706,"EGY",818,"Africa",5.152149,46.199616,26.820553,30.802498,6647
2017,"SOM",706,"ETH",231,"Africa",5.152149,46.199616,9.145,40.489673,253862
2017,"SOM",706,"GBR",826,"Africa",5.152149,46.199616,55.378051,-3.435973,5017
2017,"SOM",706,"ITA",380,"Africa",5.152149,46.199616,41.87194,12.56738,16899
2017,"SOM",706,"KEN",404,"Africa",5.152149,46.199616,-0.023559,37.906193,284346
2017,"SOM",706,"NLD",528,"Africa",5.152149,46.199616,52.132633,5.291266,15554
2017,"SOM",706,"NOR",578,"Africa",5.152149,46.199616,60.472024,8.468946,7645
2017,"SOM",706,"SWE",752,"Africa",5.152149,46.199616,60.128161,18.643501,24299
2017,"SOM",706,"UGA",800,"Africa",5.152149,46.199616,1.373333,32.290275,37193
2017,"SOM",706,"YEM",887,"Africa",5.152149,46.199616,15.552727,48.516388,255894
2017,"SOM",706,"ZAF",710,"Africa",5.152149,46.199616,-30.559482,22.937506,30991
2017,"SRB",688,"DEU",276,"Europe",44.016521,21.005859,51.165691,10.451526,16179
2017,"SRB",688,"FRA",250,"Europe",44.016521,21.005859,46.227638,2.213749,15670
2017,"SYR",760,"ARM",51,"Asia",34.802075,38.996815,40.069099,45.038189,14692
2017,"SYR",760,"AUT",40,"Asia",34.802075,38.996815,47.516231,14.550072,47825
2017,"SYR",760,"BEL",56,"Asia",34.802075,38.996815,50.503887,4.469936,10745
2017,"SYR",760,"BGR",100,"Asia",34.802075,38.996815,42.733883,25.48583,16956
2017,"SYR",760,"BRA",76,"Asia",34.802075,38.996815,-14.235004,-51.92528,7427
2017,"SYR",760,"CHE",756,"Asia",34.802075,38.996815,46.818188,8.227512,16831
2017,"SYR",760,"CYP",196,"Asia",34.802075,38.996815,35.126413,33.429859,6859
2017,"SYR",760,"DEU",276,"Asia",34.802075,38.996815,51.165691,10.451526,567507
2017,"SYR",760,"DNK",208,"Asia",34.802075,38.996815,56.26392,9.501785,19506
2017,"SYR",760,"DZA",12,"Asia",34.802075,38.996815,28.033886,1.659626,5829
2017,"SYR",760,"EGY",818,"Asia",34.802075,38.996815,26.820553,30.802498,126688
2017,"SYR",760,"ESP",724,"Asia",34.802075,38.996815,40.463667,-3.74922,14007
2017,"SYR",760,"FRA",250,"Asia",34.802075,38.996815,46.227638,2.213749,14914
2017,"SYR",760,"GBR",826,"Asia",34.802075,38.996815,55.378051,-3.435973,9674
2017,"SYR",760,"GRC",300,"Asia",34.802075,38.996815,39.074208,21.824312,23319
2017,"SYR",760,"IRQ",368,"Asia",34.802075,38.996815,33.223191,43.679291,247057
2017,"SYR",760,"ITA",380,"Asia",34.802075,38.996815,41.87194,12.56738,5314
2017,"SYR",760,"JOR",400,"Asia",34.802075,38.996815,30.585164,36.238414,653031
2017,"SYR",760,"LBN",422,"Asia",34.802075,38.996815,33.854721,35.862285,992137
2017,"SYR",760,"LBY",434,"Asia",34.802075,38.996815,26.3351,17.228331,22147
2017,"SYR",760,"NLD",528,"Asia",34.802075,38.996815,52.132633,5.291266,31519
2017,"SYR",760,"NOR",578,"Asia",34.802075,38.996815,60.472024,8.468946,13796
2017,"SYR",760,"SDN",729,"Asia",34.802075,38.996815,12.862807,30.217636,11679
2017,"SYR",760,"SWE",752,"Asia",34.802075,38.996815,60.128161,18.643501,107145
2017,"SYR",760,"TUR",792,"Asia",34.802075,38.996815,38.963745,35.243322,3424399
2017,"SYR",760,"USA",840,"Asia",34.802075,38.996815,37.09024,-95.712891,10640
2017,"TCD",148,"SDN",729,"Africa",15.454166,18.732207,12.862807,30.217636,7463
2017,"TUR",792,"DEU",276,"Asia",38.963745,35.243322,51.165691,10.451526,31881
2017,"TUR",792,"FRA",250,"Asia",38.963745,35.243322,46.227638,2.213749,11810
2017,"TUR",792,"IRQ",368,"Asia",38.963745,35.243322,33.223191,43.679291,20705
2017,"UGA",800,"ZAF",710,"Africa",1.373333,32.290275,-30.559482,22.937506,5135
2017,"UKR",804,"ISR",376,"Europe",48.379433,31.16558,31.046051,34.851612,11507
2017,"UKR",804,"ITA",380,"Europe",48.379433,31.16558,41.87194,12.56738,9400
2017,"UKR",804,"RUS",643,"Europe",48.379433,31.16558,61.52401,105.318756,125112
2017,"UKR",804,"USA",840,"Europe",48.379433,31.16558,37.09024,-95.712891,9386
2017,"VEN",862,"BRA",76,"Americas",6.42375,-66.58973,-14.235004,-51.92528,22345
2017,"VEN",862,"ESP",724,"Americas",6.42375,-66.58973,40.463667,-3.74922,12509
2017,"VEN",862,"PER",604,"Americas",6.42375,-66.58973,-9.189967,-75.015152,36311
2017,"VEN",862,"USA",840,"Americas",6.42375,-66.58973,37.09024,-95.712891,64213
2017,"VNM",704,"CHN",156,"Asia",14.058324,108.277199,35.86166,104.195397,321502
2017,"VNM",704,"FRA",250,"Asia",14.058324,108.277199,46.227638,2.213749,7929
2017,"YEM",887,"JOR",400,"Asia",15.552727,48.516388,30.585164,36.238414,9445
2017,"YEM",887,"SOM",706,"Asia",15.552727,48.516388,5.152149,46.199616,10776
2017,"ZWE",716,"GBR",826,"Africa",-19.015438,29.154857,55.378051,-3.435973,8523
2017,"ZWE",716,"ZAF",710,"Africa",-19.015438,29.154857,-30.559482,22.937506,23848
2018,"AFG",4,"AUS",36,"Asia",33.93911,67.709953,-25.274398,133.775136,13532
2018,"AFG",4,"AUT",40,"Asia",33.93911,67.709953,47.516231,14.550072,49196
2018,"AFG",4,"BEL",56,"Asia",33.93911,67.709953,50.503887,4.469936,5306
2018,"AFG",4,"CHE",756,"Asia",33.93911,67.709953,46.818188,8.227512,14075
2018,"AFG",4,"DEU",276,"Asia",33.93911,67.709953,51.165691,10.451526,191856
2018,"AFG",4,"FRA",250,"Asia",33.93911,67.709953,46.227638,2.213749,26619
2018,"AFG",4,"GBR",826,"Asia",33.93911,67.709953,55.378051,-3.435973,12277
2018,"AFG",4,"GRC",300,"Asia",33.93911,67.709953,39.074208,21.824312,22824
2018,"AFG",4,"IDN",360,"Asia",33.93911,67.709953,-0.789275,113.921327,7733
2018,"AFG",4,"IND",356,"Asia",33.93911,67.709953,20.593684,78.96288,14848
2018,"AFG",4,"IRN",364,"Asia",33.93911,67.709953,32.427908,53.688046,951142
2018,"AFG",4,"ITA",380,"Asia",33.93911,67.709953,41.87194,12.56738,17766
2018,"AFG",4,"NLD",528,"Asia",33.93911,67.709953,52.132633,5.291266,6805
2018,"AFG",4,"NOR",578,"Asia",33.93911,67.709953,60.472024,8.468946,6258
2018,"AFG",4,"PAK",586,"Asia",33.93911,67.709953,30.375321,69.345116,1408533
2018,"AFG",4,"SWE",752,"Asia",33.93911,67.709953,60.128161,18.643501,36818
2018,"AFG",4,"TUR",792,"Asia",33.93911,67.709953,38.963745,35.243322,171519
2018,"AGO",24,"BRA",76,"Africa",-11.202692,17.873887,-14.235004,-51.92528,5870
2018,"ALB",8,"FRA",250,"Europe",41.153332,20.168331,46.227638,2.213749,10138
2018,"ALB",8,"GBR",826,"Europe",41.153332,20.168331,55.378051,-3.435973,6767
2018,"ARM",51,"DEU",276,"Asia",40.069099,45.038189,51.165691,10.451526,9736
2018,"ARM",51,"FRA",250,"Asia",40.069099,45.038189,46.227638,2.213749,5975
2018,"AZE",31,"DEU",276,"Asia",40.143105,47.576927,51.165691,10.451526,9838
2018,"BDI",108,"COD",180,"Africa",-3.373056,29.918886,-4.038333,21.758664,43539
2018,"BDI",108,"KEN",404,"Africa",-3.373056,29.918886,-0.023559,37.906193,13320
2018,"BDI",108,"MOZ",508,"Africa",-3.373056,29.918886,-18.665695,35.529562,8208
2018,"BDI",108,"MWI",454,"Africa",-3.373056,29.918886,-13.254308,34.301525,8103
2018,"BDI",108,"RWA",646,"Africa",-3.373056,29.918886,-1.940278,29.873888,68375
2018,"BDI",108,"TZA",834,"Africa",-3.373056,29.918886,-6.369028,34.888822,239736
2018,"BDI",108,"UGA",800,"Africa",-3.373056,29.918886,1.373333,32.290275,34981
2018,"BDI",108,"ZAF",710,"Africa",-3.373056,29.918886,-30.559482,22.937506,9204
2018,"BDI",108,"ZMB",894,"Africa",-3.373056,29.918886,-13.133897,27.849332,5593
2018,"BFA",854,"MLI",466,"Africa",12.238333,-1.561593,17.570692,-3.996166,8457
2018,"BGD",50,"FRA",250,"Asia",23.684994,90.356331,46.227638,2.213749,9589
2018,"BGD",50,"ITA",380,"Asia",23.684994,90.356331,41.87194,12.56738,14554
2018,"BGD",50,"USA",840,"Asia",23.684994,90.356331,37.09024,-95.712891,8072
2018,"BGD",50,"ZAF",710,"Asia",23.684994,90.356331,-30.559482,22.937506,26750
2018,"BIH",70,"SRB",688,"Europe",43.915886,17.679076,44.016521,21.005859,8271
2018,"BRA",76,"USA",840,"Americas",-14.235004,-51.92528,37.09024,-95.712891,8087
2018,"BTN",64,"NPL",524,"Asia",27.514162,90.433601,28.394857,84.124008,6626
2018,"CAF",140,"CMR",120,"Africa",6.611111,20.939444,7.369722,12.354722,281221
2018,"CAF",140,"COD",180,"Africa",6.611111,20.939444,-4.038333,21.758664,172630
2018,"CAF",140,"COG",178,"Africa",6.611111,20.939444,-0.228021,15.827659,30203
2018,"CAF",140,"SDN",729,"Africa",6.611111,20.939444,12.862807,30.217636,7000
2018,"CAF",140,"TCD",148,"Africa",6.611111,20.939444,15.454166,18.732207,103577
2018,"CHN",156,"AUS",36,"Asia",35.86166,104.195397,-25.274398,133.775136,15951
2018,"CHN",156,"CAN",124,"Asia",35.86166,104.195397,56.130366,-106.346771,9570
2018,"CHN",156,"FRA",250,"Asia",35.86166,104.195397,46.227638,2.213749,6774
2018,"CHN",156,"IND",356,"Asia",35.86166,104.195397,20.593684,78.96288,108008
2018,"CHN",156,"USA",840,"Asia",35.86166,104.195397,37.09024,-95.712891,144271
2018,"CIV",384,"AGO",24,"Africa",7.539989,-5.54708,-11.202692,17.873887,6357
2018,"CIV",384,"FRA",250,"Africa",7.539989,-5.54708,46.227638,2.213749,8993
2018,"CIV",384,"GHA",288,"Africa",7.539989,-5.54708,7.946527,-1.023194,6930
2018,"CIV",384,"ITA",380,"Africa",7.539989,-5.54708,41.87194,12.56738,12610
2018,"CIV",384,"LBR",430,"Africa",7.539989,-5.54708,6.428055,-9.429499,9051
2018,"CMR",120,"NGA",566,"Africa",7.369722,12.354722,9.081999,8.675277,33022
2018,"CMR",120,"USA",840,"Africa",7.369722,12.354722,37.09024,-95.712891,8714
2018,"COD",180,"AGO",24,"Africa",-4.038333,21.758664,-11.202692,17.873887,37575
2018,"COD",180,"BDI",108,"Africa",-4.038333,21.758664,-3.373056,29.918886,75788
2018,"COD",180,"COG",178,"Africa",-4.038333,21.758664,-0.228021,15.827659,14022
2018,"COD",180,"FRA",250,"Africa",-4.038333,21.758664,46.227638,2.213749,19751
2018,"COD",180,"KEN",404,"Africa",-4.038333,21.758664,-0.023559,37.906193,41305
2018,"COD",180,"MOZ",508,"Africa",-4.038333,21.758664,-18.665695,35.529562,9595
2018,"COD",180,"MWI",454,"Africa",-4.038333,21.758664,-13.254308,34.301525,22967
2018,"COD",180,"RWA",646,"Africa",-4.038333,21.758664,-1.940278,29.873888,77362
2018,"COD",180,"TZA",834,"Africa",-4.038333,21.758664,-6.369028,34.888822,77683
2018,"COD",180,"UGA",800,"Africa",-4.038333,21.758664,1.373333,32.290275,312699
2018,"COD",180,"ZAF",710,"Africa",-4.038333,21.758664,-30.559482,22.937506,59480
2018,"COD",180,"ZMB",894,"Africa",-4.038333,21.758664,-13.133897,27.849332,43280
2018,"COD",180,"ZWE",716,"Africa",-4.038333,21.758664,-19.015438,29.154857,8452
2018,"COG",178,"ZAF",710,"Africa",-0.228021,15.827659,-30.559482,22.937506,13967
2018,"COL",170,"CAN",124,"Americas",4.570868,-74.297333,56.130366,-106.346771,10562
2018,"COL",170,"CHL",152,"Americas",4.570868,-74.297333,-35.675147,-71.542969,6287
2018,"COL",170,"ECU",218,"Americas",4.570868,-74.297333,-1.831239,-78.183406,60561
2018,"COL",170,"ESP",724,"Americas",4.570868,-74.297333,40.463667,-3.74922,10593
2018,"COL",170,"USA",840,"Americas",4.570868,-74.297333,37.09024,-95.712891,12690
2018,"COL",170,"VEN",862,"Americas",4.570868,-74.297333,6.42375,-66.58973,67298
2018,"CUB",192,"BRA",76,"Americas",21.521757,-77.781167,-14.235004,-51.92528,7168
2018,"CUB",192,"URY",858,"Americas",21.521757,-77.781167,-32.522779,-55.765835,6198
2018,"ECU",218,"USA",840,"Americas",-1.831239,-78.183406,37.09024,-95.712891,18446
2018,"EGY",818,"USA",840,"Africa",26.820553,30.802498,37.09024,-95.712891,17840
2018,"ERI",232,"CHE",756,"Africa",15.179384,39.782334,46.818188,8.227512,36331
2018,"ERI",232,"DEU",276,"Africa",15.179384,39.782334,51.165691,10.451526,61248
2018,"ERI",232,"EGY",818,"Africa",15.179384,39.782334,26.820553,30.802498,15442
2018,"ERI",232,"ETH",231,"Africa",15.179384,39.782334,9.145,40.489673,174104
2018,"ERI",232,"FRA",250,"Africa",15.179384,39.782334,46.227638,2.213749,6132
2018,"ERI",232,"GBR",826,"Africa",15.179384,39.782334,55.378051,-3.435973,14874
2018,"ERI",232,"ISR",376,"Africa",15.179384,39.782334,31.046051,34.851612,24295
2018,"ERI",232,"ITA",380,"Africa",15.179384,39.782334,41.87194,12.56738,20401
2018,"ERI",232,"LBY",434,"Africa",15.179384,39.782334,26.3351,17.228331,7770
2018,"ERI",232,"NLD",528,"Africa",15.179384,39.782334,52.132633,5.291266,15696
2018,"ERI",232,"NOR",578,"Africa",15.179384,39.782334,60.472024,8.468946,15370
2018,"ERI",232,"SDN",729,"Africa",15.179384,39.782334,12.862807,30.217636,120973
2018,"ERI",232,"SWE",752,"Africa",15.179384,39.782334,60.128161,18.643501,28421
2018,"ERI",232,"UGA",800,"Africa",15.179384,39.782334,1.373333,32.290275,9522
2018,"ERI",232,"USA",840,"Africa",15.179384,39.782334,37.09024,-95.712891,7097
2018,"ESH",732,"DZA",12,"Africa",24.215527,-12.885834,28.033886,1.659626,90000
2018,"ESH",732,"MRT",478,"Africa",24.215527,-12.885834,21.00789,-10.940835,26000
2018,"ETH",231,"DEU",276,"Africa",9.145,40.489673,51.165691,10.451526,11510
2018,"ETH",231,"DJI",262,"Africa",9.145,40.489673,11.825138,42.590275,10412
2018,"ETH",231,"EGY",818,"Africa",9.145,40.489673,26.820553,30.802498,15931
2018,"ETH",231,"KEN",404,"Africa",9.145,40.489673,-0.023559,37.906193,27699
2018,"ETH",231,"SDN",729,"Africa",9.145,40.489673,12.862807,30.217636,13562
2018,"ETH",231,"SOM",706,"Africa",9.145,40.489673,5.152149,46.199616,20048
2018,"ETH",231,"USA",840,"Africa",9.145,40.489673,37.09024,-95.712891,15314
2018,"ETH",231,"YEM",887,"Africa",9.145,40.489673,15.552727,48.516388,13661
2018,"ETH",231,"ZAF",710,"Africa",9.145,40.489673,-30.559482,22.937506,67073
2018,"GEO",268,"DEU",276,"Asia",42.315407,43.356892,51.165691,10.451526,5350
2018,"GEO",268,"FRA",250,"Asia",42.315407,43.356892,46.227638,2.213749,7575
2018,"GHA",288,"ITA",380,"Africa",7.946527,-1.023194,41.87194,12.56738,8617
2018,"GHA",288,"TGO",768,"Africa",7.946527,-1.023194,8.619543,0.824782,9752
2018,"GIN",324,"AGO",24,"Africa",9.945587,-9.696645,-11.202692,17.873887,9228
2018,"GIN",324,"DEU",276,"Africa",9.945587,-9.696645,51.165691,10.451526,8560
2018,"GIN",324,"FRA",250,"Africa",9.945587,-9.696645,46.227638,2.213749,15340
2018,"GIN",324,"ITA",380,"Africa",9.945587,-9.696645,41.87194,12.56738,9402
2018,"GMB",270,"DEU",276,"Africa",13.443182,-15.310139,51.165691,10.451526,8290
2018,"GMB",270,"ITA",380,"Africa",13.443182,-15.310139,41.87194,12.56738,16149
2018,"GTM",320,"USA",840,"Americas",15.783471,-90.230759,37.09024,-95.712891,102458
2018,"HND",340,"MEX",484,"Americas",15.199999,-86.241905,23.634501,-102.552784,15225
2018,"HND",340,"USA",840,"Americas",15.199999,-86.241905,37.09024,-95.712891,72995
2018,"HRV",191,"BIH",70,"Europe",45.1,15.2,43.915886,17.679076,5120
2018,"HRV",191,"SRB",688,"Europe",45.1,15.2,44.016521,21.005859,18237
2018,"HTI",332,"BRA",76,"Americas",18.971187,-72.285215,-14.235004,-51.92528,13898
2018,"HTI",332,"CAN",124,"Americas",18.971187,-72.285215,56.130366,-106.346771,14187
2018,"HTI",332,"USA",840,"Americas",18.971187,-72.285215,37.09024,-95.712891,33265
2018,"IDN",360,"PNG",598,"Asia",-0.789275,113.921327,-6.314993,143.95555,9368
2018,"IND",356,"CAN",124,"Asia",20.593684,78.96288,56.130366,-106.346771,6979
2018,"IND",356,"USA",840,"Asia",20.593684,78.96288,37.09024,-95.712891,34599
2018,"IRN",364,"AUS",36,"Asia",32.427908,53.688046,-25.274398,133.775136,15401
2018,"IRN",364,"AUT",40,"Asia",32.427908,53.688046,47.516231,14.550072,8262
2018,"IRN",364,"CAN",124,"Asia",32.427908,53.688046,56.130366,-106.346771,5085
2018,"IRN",364,"DEU",276,"Asia",32.427908,53.688046,51.165691,10.451526,62557
2018,"IRN",364,"GBR",826,"Asia",32.427908,53.688046,55.378051,-3.435973,20507
2018,"IRN",364,"IRQ",368,"Asia",32.427908,53.688046,33.223191,43.679291,13628
2018,"IRN",364,"NLD",528,"Asia",32.427908,53.688046,52.132633,5.291266,6839
2018,"IRN",364,"SWE",752,"Asia",32.427908,53.688046,60.128161,18.643501,9439
2018,"IRN",364,"TUR",792,"Asia",32.427908,53.688046,38.963745,35.243322,39220
2018,"IRN",364,"USA",840,"Asia",32.427908,53.688046,37.09024,-95.712891,8806
2018,"IRQ",368,"AUS",36,"Asia",33.223191,43.679291,-25.274398,133.775136,6144
2018,"IRQ",368,"AUT",40,"Asia",33.223191,43.679291,47.516231,14.550072,14064
2018,"IRQ",368,"BEL",56,"Asia",33.223191,43.679291,50.503887,4.469936,5555
2018,"IRQ",368,"CHE",756,"Asia",33.223191,43.679291,46.818188,8.227512,5330
2018,"IRQ",368,"DEU",276,"Asia",33.223191,43.679291,51.165691,10.451526,178417
2018,"IRQ",368,"EGY",818,"Asia",33.223191,43.679291,26.820553,30.802498,6994
2018,"IRQ",368,"FIN",246,"Asia",33.223191,43.679291,61.92411,25.748151,9567
2018,"IRQ",368,"FRA",250,"Asia",33.223191,43.679291,46.227638,2.213749,9652
2018,"IRQ",368,"GBR",826,"Asia",33.223191,43.679291,55.378051,-3.435973,8128
2018,"IRQ",368,"GRC",300,"Asia",33.223191,43.679291,39.074208,21.824312,17894
2018,"IRQ",368,"IRN",364,"Asia",33.223191,43.679291,32.427908,53.688046,28268
2018,"IRQ",368,"ITA",380,"Asia",33.223191,43.679291,41.87194,12.56738,7185
2018,"IRQ",368,"JOR",400,"Asia",33.223191,43.679291,30.585164,36.238414,68010
2018,"IRQ",368,"LBN",422,"Asia",33.223191,43.679291,33.854721,35.862285,18434
2018,"IRQ",368,"NLD",528,"Asia",33.223191,43.679291,52.132633,5.291266,10078
2018,"IRQ",368,"SWE",752,"Asia",33.223191,43.679291,60.128161,18.643501,17753
2018,"IRQ",368,"SYR",760,"Asia",33.223191,43.679291,34.802075,38.996815,34038
2018,"IRQ",368,"TUR",792,"Asia",33.223191,43.679291,38.963745,35.243322,142728
2018,"IRQ",368,"USA",840,"Asia",33.223191,43.679291,37.09024,-95.712891,9573
2018,"KEN",404,"USA",840,"Africa",-0.023559,37.906193,37.09024,-95.712891,5823
2018,"KHM",116,"FRA",250,"Asia",12.565679,104.990963,46.227638,2.213749,11225
2018,"LAO",418,"FRA",250,"Asia",19.85627,102.495496,46.227638,2.213749,6622
2018,"LKA",144,"AUS",36,"Asia",7.873054,80.771797,-25.274398,133.775136,7292
2018,"LKA",144,"CHE",756,"Asia",7.873054,80.771797,46.818188,8.227512,7323
2018,"LKA",144,"DEU",276,"Asia",7.873054,80.771797,51.165691,10.451526,5314
2018,"LKA",144,"FRA",250,"Asia",7.873054,80.771797,46.227638,2.213749,25755
2018,"LKA",144,"GBR",826,"Asia",7.873054,80.771797,55.378051,-3.435973,6730
2018,"LKA",144,"IND",356,"Asia",7.873054,80.771797,20.593684,78.96288,60802
2018,"MEX",484,"CAN",124,"Americas",23.634501,-102.552784,56.130366,-106.346771,7270
2018,"MEX",484,"USA",840,"Americas",23.634501,-102.552784,37.09024,-95.712891,94867
2018,"MLI",466,"BFA",854,"Africa",17.570692,-3.996166,12.238333,-1.561593,24710
2018,"MLI",466,"FRA",250,"Africa",17.570692,-3.996166,46.227638,2.213749,6935
2018,"MLI",466,"ITA",380,"Africa",17.570692,-3.996166,41.87194,12.56738,19809
2018,"MLI",466,"MRT",478,"Africa",17.570692,-3.996166,21.00789,-10.940835,55813
2018,"MLI",466,"NER",562,"Africa",17.570692,-3.996166,17.607789,8.081666,55577
2018,"MMR",104,"BGD",50,"Asia",21.913965,95.956223,23.684994,90.356331,906635
2018,"MMR",104,"IND",356,"Asia",21.913965,95.956223,20.593684,78.96288,20877
2018,"MMR",104,"MYS",458,"Asia",21.913965,95.956223,4.210484,101.975766,140675
2018,"MMR",104,"THA",764,"Asia",21.913965,95.956223,15.870032,100.992541,97603
2018,"MOZ",508,"ZWE",716,"Africa",-18.665695,35.529562,-19.015438,29.154857,7994
2018,"MRT",478,"AGO",24,"Africa",21.00789,-10.940835,-11.202692,17.873887,5726
2018,"MRT",478,"FRA",250,"Africa",21.00789,-10.940835,46.227638,2.213749,6378
2018,"MRT",478,"MLI",466,"Africa",21.00789,-10.940835,17.570692,-3.996166,15319
2018,"MRT",478,"SEN",686,"Africa",21.00789,-10.940835,14.497401,-14.452362,14181
2018,"MYS",458,"AUS",36,"Asia",4.210484,101.975766,-25.274398,133.775136,13427
2018,"NGA",566,"CAN",124,"Africa",9.081999,8.675277,56.130366,-106.346771,18532
2018,"NGA",566,"CMR",120,"Africa",9.081999,8.675277,7.369722,12.354722,102324
2018,"NGA",566,"DEU",276,"Africa",9.081999,8.675277,51.165691,10.451526,27912
2018,"NGA",566,"FRA",250,"Africa",9.081999,8.675277,46.227638,2.213749,5405
2018,"NGA",566,"ITA",380,"Africa",9.081999,8.675277,41.87194,12.56738,39668
2018,"NGA",566,"NER",562,"Africa",9.081999,8.675277,17.607789,8.081666,119003
2018,"NGA",566,"TCD",148,"Africa",9.081999,8.675277,15.454166,18.732207,11333
2018,"NGA",566,"USA",840,"Africa",9.081999,8.675277,37.09024,-95.712891,10388
2018,"NGA",566,"ZAF",710,"Africa",9.081999,8.675277,-30.559482,22.937506,7763
2018,"NIC",558,"CRI",188,"Americas",12.865416,-85.207229,9.748917,-83.753428,23162
2018,"NPL",524,"USA",840,"Asia",28.394857,84.124008,37.09024,-95.712891,13777
2018,"PAK",586,"AFG",4,"Asia",30.375321,69.345116,33.93911,67.709953,72315
2018,"PAK",586,"AUS",36,"Asia",30.375321,69.345116,-25.274398,133.775136,7679
2018,"PAK",586,"CAN",124,"Asia",30.375321,69.345116,56.130366,-106.346771,8508
2018,"PAK",586,"DEU",276,"Asia",30.375321,69.345116,51.165691,10.451526,21099
2018,"PAK",586,"GBR",826,"Asia",30.375321,69.345116,55.378051,-3.435973,10360
2018,"PAK",586,"GRC",300,"Asia",30.375321,69.345116,39.074208,21.824312,10770
2018,"PAK",586,"ITA",380,"Asia",30.375321,69.345116,41.87194,12.56738,28750
2018,"PAK",586,"MYS",458,"Asia",30.375321,69.345116,4.210484,101.975766,5948
2018,"PAK",586,"USA",840,"Asia",30.375321,69.345116,37.09024,-95.712891,9056
2018,"PAK",586,"ZAF",710,"Asia",30.375321,69.345116,-30.559482,22.937506,9834
2018,"PSE",275,"EGY",818,"Asia",31.952162,35.233154,26.820553,30.802498,70021
2018,"PSE",275,"IRQ",368,"Asia",31.952162,35.233154,33.223191,43.679291,8084
2018,"PSE",275,"LBY",434,"Asia",31.952162,35.233154,26.3351,17.228331,6539
2018,"RUS",643,"AUT",40,"Europe",61.52401,105.318756,47.516231,14.550072,11581
2018,"RUS",643,"DEU",276,"Europe",61.52401,105.318756,51.165691,10.451526,26178
2018,"RUS",643,"FRA",250,"Europe",61.52401,105.318756,46.227638,2.213749,18390
2018,"RUS",643,"POL",616,"Europe",61.52401,105.318756,51.919438,19.145136,12139
2018,"RUS",643,"USA",840,"Europe",61.52401,105.318756,37.09024,-95.712891,14714
2018,"RWA",646,"COD",180,"Africa",-1.940278,29.873888,-4.038333,21.758664,217157
2018,"RWA",646,"MWI",454,"Africa",-1.940278,29.873888,-13.254308,34.301525,5614
2018,"RWA",646,"UGA",800,"Africa",-1.940278,29.873888,1.373333,32.290275,14613
2018,"SDN",729,"EGY",818,"Africa",12.862807,30.217636,26.820553,30.802498,41771
2018,"SDN",729,"ETH",231,"Africa",12.862807,30.217636,9.145,40.489673,44440
2018,"SDN",729,"FRA",250,"Africa",12.862807,30.217636,46.227638,2.213749,18649
2018,"SDN",729,"GBR",826,"Africa",12.862807,30.217636,55.378051,-3.435973,10664
2018,"SDN",729,"ISR",376,"Africa",12.862807,30.217636,31.046051,34.851612,7982
2018,"SDN",729,"JOR",400,"Africa",12.862807,30.217636,30.585164,36.238414,6270
2018,"SDN",729,"KEN",404,"Africa",12.862807,30.217636,-0.023559,37.906193,10106
2018,"SDN",729,"LBY",434,"Africa",12.862807,30.217636,26.3351,17.228331,10790
2018,"SDN",729,"TCD",148,"Africa",12.862807,30.217636,15.454166,18.732207,338529
2018,"SEN",686,"BRA",76,"Africa",14.497401,-14.452362,-14.235004,-51.92528,6083
2018,"SEN",686,"ITA",380,"Africa",14.497401,-14.452362,41.87194,12.56738,12628
2018,"SLV",222,"MEX",484,"Americas",13.794185,-88.89653,23.634501,-102.552784,9682
2018,"SLV",222,"USA",840,"Americas",13.794185,-88.89653,37.09024,-95.712891,123152
2018,"SOM",706,"AUT",40,"Africa",5.152149,46.199616,47.516231,14.550072,8372
2018,"SOM",706,"CHE",756,"Africa",5.152149,46.199616,46.818188,8.227512,5112
2018,"SOM",706,"DEU",276,"Africa",5.152149,46.199616,51.165691,10.451526,33434
2018,"SOM",706,"DJI",262,"Africa",5.152149,46.199616,11.825138,42.590275,12744
2018,"SOM",706,"EGY",818,"Africa",5.152149,46.199616,26.820553,30.802498,7164
2018,"SOM",706,"ETH",231,"Africa",5.152149,46.199616,9.145,40.489673,257283
2018,"SOM",706,"FRA",250,"Africa",5.152149,46.199616,46.227638,2.213749,6123
2018,"SOM",706,"ITA",380,"Africa",5.152149,46.199616,41.87194,12.56738,14203
2018,"SOM",706,"KEN",404,"Africa",5.152149,46.199616,-0.023559,37.906193,257320
2018,"SOM",706,"NLD",528,"Africa",5.152149,46.199616,52.132633,5.291266,14144
2018,"SOM",706,"NOR",578,"Africa",5.152149,46.199616,60.472024,8.468946,7252
2018,"SOM",706,"SWE",752,"Africa",5.152149,46.199616,60.128161,18.643501,22643
2018,"SOM",706,"TUR",792,"Africa",5.152149,46.199616,38.963745,35.243322,5756
2018,"SOM",706,"UGA",800,"Africa",5.152149,46.199616,1.373333,32.290275,23633
2018,"SOM",706,"YEM",887,"Africa",5.152149,46.199616,15.552727,48.516388,249017
2018,"SOM",706,"ZAF",710,"Africa",5.152149,46.199616,-30.559482,22.937506,31082
2018,"SRB",688,"DEU",276,"Europe",44.016521,21.005859,51.165691,10.451526,13559
2018,"SRB",688,"FRA",250,"Europe",44.016521,21.005859,46.227638,2.213749,16232
2018,"SYR",760,"ARE",784,"Asia",34.802075,38.996815,23.424076,53.847818,6107
2018,"SYR",760,"ARM",51,"Asia",34.802075,38.996815,40.069099,45.038189,14709
2018,"SYR",760,"AUT",40,"Asia",34.802075,38.996815,47.516231,14.550072,50717
2018,"SYR",760,"BEL",56,"Asia",34.802075,38.996815,50.503887,4.469936,11085
2018,"SYR",760,"BGR",100,"Asia",34.802075,38.996815,42.733883,25.48583,17376
2018,"SYR",760,"BRA",76,"Asia",34.802075,38.996815,-14.235004,-51.92528,7725
2018,"SYR",760,"CHE",756,"Asia",34.802075,38.996815,46.818188,8.227512,18354
2018,"SYR",760,"CYP",196,"Asia",34.802075,38.996815,35.126413,33.429859,8812
2018,"SYR",760,"DEU",276,"Asia",34.802075,38.996815,51.165691,10.451526,584461
2018,"SYR",760,"DNK",208,"Asia",34.802075,38.996815,56.26392,9.501785,19990
2018,"SYR",760,"DZA",12,"Asia",34.802075,38.996815,28.033886,1.659626,7499
2018,"SYR",760,"EGY",818,"Asia",34.802075,38.996815,26.820553,30.802498,132871
2018,"SYR",760,"ESP",724,"Asia",34.802075,38.996815,40.463667,-3.74922,16085
2018,"SYR",760,"FRA",250,"Asia",34.802075,38.996815,46.227638,2.213749,19174
2018,"SYR",760,"GBR",826,"Asia",34.802075,38.996815,55.378051,-3.435973,10405
2018,"SYR",760,"GRC",300,"Asia",34.802075,38.996815,39.074208,21.824312,38035
2018,"SYR",760,"IRQ",368,"Asia",34.802075,38.996815,33.223191,43.679291,252526
2018,"SYR",760,"ITA",380,"Asia",34.802075,38.996815,41.87194,12.56738,5849
2018,"SYR",760,"JOR",400,"Asia",34.802075,38.996815,30.585164,36.238414,676283
2018,"SYR",760,"LBN",422,"Asia",34.802075,38.996815,33.854721,35.862285,944186
2018,"SYR",760,"LBY",434,"Asia",34.802075,38.996815,26.3351,17.228331,23725
2018,"SYR",760,"NLD",528,"Asia",34.802075,38.996815,52.132633,5.291266,33779
2018,"SYR",760,"NOR",578,"Asia",34.802075,38.996815,60.472024,8.468946,14149
2018,"SYR",760,"SDN",729,"Asia",34.802075,38.996815,12.862807,30.217636,93502
2018,"SYR",760,"SWE",752,"Asia",34.802075,38.996815,60.128161,18.643501,111696
2018,"SYR",760,"TUR",792,"Asia",34.802075,38.996815,38.963745,35.243322,3622477
2018,"SYR",760,"USA",840,"Asia",34.802075,38.996815,37.09024,-95.712891,11055
2018,"TUR",792,"CAN",124,"Asia",38.963745,35.243322,56.130366,-106.346771,6169
2018,"TUR",792,"DEU",276,"Asia",38.963745,35.243322,51.165691,10.451526,38740
2018,"TUR",792,"FRA",250,"Asia",38.963745,35.243322,46.227638,2.213749,12824
2018,"TUR",792,"GRC",300,"Asia",38.963745,35.243322,39.074208,21.824312,5385
2018,"TUR",792,"IRQ",368,"Asia",38.963745,35.243322,33.223191,43.679291,21341
2018,"UGA",800,"ZAF",710,"Africa",1.373333,32.290275,-30.559482,22.937506,5098
2018,"UKR",804,"ISR",376,"Europe",48.379433,31.16558,31.046051,34.851612,7857
2018,"UKR",804,"ITA",380,"Europe",48.379433,31.16558,41.87194,12.56738,10025
2018,"UKR",804,"RUS",643,"Europe",48.379433,31.16558,61.52401,105.318756,75941
2018,"UKR",804,"USA",840,"Europe",48.379433,31.16558,37.09024,-95.712891,9931
2018,"VEN",862,"BRA",76,"Americas",6.42375,-66.58973,-14.235004,-51.92528,81036
2018,"VEN",862,"CRI",188,"Americas",6.42375,-66.58973,9.748917,-83.753428,5709
2018,"VEN",862,"ECU",218,"Americas",6.42375,-66.58973,-1.831239,-78.183406,6307
2018,"VEN",862,"ESP",724,"Americas",6.42375,-66.58973,40.463667,-3.74922,31692
2018,"VEN",862,"MEX",484,"Americas",6.42375,-66.58973,23.634501,-102.552784,10244
2018,"VEN",862,"PAN",591,"Americas",6.42375,-66.58973,8.537981,-80.782127,5114
2018,"VEN",862,"PER",604,"Americas",6.42375,-66.58973,-9.189967,-75.015152,228060
2018,"VEN",862,"TTO",780,"Americas",6.42375,-66.58973,10.691803,-61.222503,8156
2018,"VEN",862,"USA",840,"Americas",6.42375,-66.58973,37.09024,-95.712891,93059
2018,"VNM",704,"CHN",156,"Asia",14.058324,108.277199,35.86166,104.195397,321502
2018,"VNM",704,"FRA",250,"Asia",14.058324,108.277199,46.227638,2.213749,7847
2018,"YEM",887,"EGY",818,"Asia",15.552727,48.516388,26.820553,30.802498,8322
2018,"YEM",887,"JOR",400,"Asia",15.552727,48.516388,30.585164,36.238414,14477
2018,"YEM",887,"SOM",706,"Asia",15.552727,48.516388,5.152149,46.199616,12504
2018,"ZWE",716,"GBR",826,"Africa",-19.015438,29.154857,55.378051,-3.435973,7045
2018,"ZWE",716,"ZAF",710,"Africa",-19.015438,29.154857,-30.559482,22.937506,18822
2019,"AFG",4,"AUS",36,"Asia",33.93911,67.709953,-25.274398,133.775136,13295
2019,"AFG",4,"AUT",40,"Asia",33.93911,67.709953,47.516231,14.550072,47602
2019,"AFG",4,"BEL",56,"Asia",33.93911,67.709953,50.503887,4.469936,6105
2019,"AFG",4,"CHE",756,"Asia",33.93911,67.709953,46.818188,8.227512,14607
2019,"AFG",4,"DEU",276,"Asia",33.93911,67.709953,51.165691,10.451526,187709
2019,"AFG",4,"FRA",250,"Asia",33.93911,67.709953,46.227638,2.213749,35348
2019,"AFG",4,"GBR",826,"Asia",33.93911,67.709953,55.378051,-3.435973,12403
2019,"AFG",4,"GRC",300,"Asia",33.93911,67.709953,39.074208,21.824312,45293
2019,"AFG",4,"IDN",360,"Asia",33.93911,67.709953,-0.789275,113.921327,7692
2019,"AFG",4,"IND",356,"Asia",33.93911,67.709953,20.593684,78.96288,15689
2019,"AFG",4,"IRN",364,"Asia",33.93911,67.709953,32.427908,53.688046,951142
2019,"AFG",4,"ITA",380,"Asia",33.93911,67.709953,41.87194,12.56738,18689
2019,"AFG",4,"NLD",528,"Asia",33.93911,67.709953,52.132633,5.291266,6358
2019,"AFG",4,"NOR",578,"Asia",33.93911,67.709953,60.472024,8.468946,5189
2019,"AFG",4,"PAK",586,"Asia",33.93911,67.709953,30.375321,69.345116,1427490
2019,"AFG",4,"SWE",752,"Asia",33.93911,67.709953,60.128161,18.643501,33561
2019,"AFG",4,"TJK",762,"Asia",33.93911,67.709953,38.861034,71.276093,5196
2019,"AFG",4,"TUR",792,"Asia",33.93911,67.709953,38.963745,35.243322,117595
2019,"AGO",24,"BRA",76,"Africa",-11.202692,17.873887,-14.235004,-51.92528,6155
2019,"ALB",8,"FRA",250,"Europe",41.153332,20.168331,46.227638,2.213749,8925
2019,"ALB",8,"GBR",826,"Europe",41.153332,20.168331,55.378051,-3.435973,9969
2019,"ARM",51,"DEU",276,"Asia",40.069099,45.038189,51.165691,10.451526,7571
2019,"ARM",51,"FRA",250,"Asia",40.069099,45.038189,46.227638,2.213749,5745
2019,"AZE",31,"DEU",276,"Asia",40.143105,47.576927,51.165691,10.451526,8801
2019,"BDI",108,"COD",180,"Africa",-3.373056,29.918886,-4.038333,21.758664,49769
2019,"BDI",108,"KEN",404,"Africa",-3.373056,29.918886,-0.023559,37.906193,15098
2019,"BDI",108,"MOZ",508,"Africa",-3.373056,29.918886,-18.665695,35.529562,8388
2019,"BDI",108,"MWI",454,"Africa",-3.373056,29.918886,-13.254308,34.301525,10079
2019,"BDI",108,"RWA",646,"Africa",-3.373056,29.918886,-1.940278,29.873888,71565
2019,"BDI",108,"TZA",834,"Africa",-3.373056,29.918886,-6.369028,34.888822,204290
2019,"BDI",108,"UGA",800,"Africa",-3.373056,29.918886,1.373333,32.290275,45671
2019,"BDI",108,"ZAF",710,"Africa",-3.373056,29.918886,-30.559482,22.937506,9870
2019,"BDI",108,"ZMB",894,"Africa",-3.373056,29.918886,-13.133897,27.849332,7018
2019,"BFA",854,"MLI",466,"Africa",12.238333,-1.561593,17.570692,-3.996166,8529
2019,"BGD",50,"BRA",76,"Asia",23.684994,90.356331,-14.235004,-51.92528,5384
2019,"BGD",50,"FRA",250,"Asia",23.684994,90.356331,46.227638,2.213749,12878
2019,"BGD",50,"ITA",380,"Asia",23.684994,90.356331,41.87194,12.56738,10908
2019,"BGD",50,"USA",840,"Asia",23.684994,90.356331,37.09024,-95.712891,9341
2019,"BGD",50,"ZAF",710,"Asia",23.684994,90.356331,-30.559482,22.937506,28552
2019,"BIH",70,"SRB",688,"Europe",43.915886,17.679076,44.016521,21.005859,8198
2019,"BRA",76,"USA",840,"Americas",-14.235004,-51.92528,37.09024,-95.712891,10149
2019,"BTN",64,"NPL",524,"Asia",27.514162,90.433601,28.394857,84.124008,6396
2019,"CAF",140,"CMR",120,"Africa",6.611111,20.939444,7.369722,12.354722,300165
2019,"CAF",140,"COD",180,"Africa",6.611111,20.939444,-4.038333,21.758664,171866
2019,"CAF",140,"COG",178,"Africa",6.611111,20.939444,-0.228021,15.827659,18801
2019,"CAF",140,"SDN",729,"Africa",6.611111,20.939444,12.862807,30.217636,25961
2019,"CAF",140,"TCD",148,"Africa",6.611111,20.939444,15.454166,18.732207,95274
2019,"CHN",156,"AUS",36,"Asia",35.86166,104.195397,-25.274398,133.775136,19684
2019,"CHN",156,"CAN",124,"Asia",35.86166,104.195397,56.130366,-106.346771,8933
2019,"CHN",156,"FRA",250,"Asia",35.86166,104.195397,46.227638,2.213749,8187
2019,"CHN",156,"IND",356,"Asia",35.86166,104.195397,20.593684,78.96288,108008
2019,"CHN",156,"USA",840,"Asia",35.86166,104.195397,37.09024,-95.712891,147546
2019,"CIV",384,"AGO",24,"Africa",7.539989,-5.54708,-11.202692,17.873887,6357
2019,"CIV",384,"FRA",250,"Africa",7.539989,-5.54708,46.227638,2.213749,10573
2019,"CIV",384,"GHA",288,"Africa",7.539989,-5.54708,7.946527,-1.023194,6863
2019,"CIV",384,"ITA",380,"Africa",7.539989,-5.54708,41.87194,12.56738,8909
2019,"CIV",384,"LBR",430,"Africa",7.539989,-5.54708,6.428055,-9.429499,8152
2019,"CMR",120,"NGA",566,"Africa",7.369722,12.354722,9.081999,8.675277,52490
2019,"CMR",120,"USA",840,"Africa",7.369722,12.354722,37.09024,-95.712891,10078
2019,"COD",180,"AGO",24,"Africa",-4.038333,21.758664,-11.202692,17.873887,23405
2019,"COD",180,"BDI",108,"Africa",-4.038333,21.758664,-3.373056,29.918886,86011
2019,"COD",180,"COG",178,"Africa",-4.038333,21.758664,-0.228021,15.827659,19712
2019,"COD",180,"FRA",250,"Africa",-4.038333,21.758664,46.227638,2.213749,21092
2019,"COD",180,"KEN",404,"Africa",-4.038333,21.758664,-0.023559,37.906193,43577
2019,"COD",180,"MOZ",508,"Africa",-4.038333,21.758664,-18.665695,35.529562,9720
2019,"COD",180,"MWI",454,"Africa",-4.038333,21.758664,-13.254308,34.301525,27773
2019,"COD",180,"RWA",646,"Africa",-4.038333,21.758664,-1.940278,29.873888,73636
2019,"COD",180,"TZA",834,"Africa",-4.038333,21.758664,-6.369028,34.888822,67047
2019,"COD",180,"UGA",800,"Africa",-4.038333,21.758664,1.373333,32.290275,397638
2019,"COD",180,"ZAF",710,"Africa",-4.038333,21.758664,-30.559482,22.937506,59280
2019,"COD",180,"ZMB",894,"Africa",-4.038333,21.758664,-13.133897,27.849332,50661
2019,"COD",180,"ZWE",716,"Africa",-4.038333,21.758664,-19.015438,29.154857,10460
2019,"COG",178,"ZAF",710,"Africa",-0.228021,15.827659,-30.559482,22.937506,12667
2019,"COL",170,"CAN",124,"Americas",4.570868,-74.297333,56.130366,-106.346771,9783
2019,"COL",170,"CHL",152,"Americas",4.570868,-74.297333,-35.675147,-71.542969,5091
2019,"COL",170,"ECU",218,"Americas",4.570868,-74.297333,-1.831239,-78.183406,112846
2019,"COL",170,"ESP",724,"Americas",4.570868,-74.297333,40.463667,-3.74922,34352
2019,"COL",170,"USA",840,"Americas",4.570868,-74.297333,37.09024,-95.712891,15506
2019,"COL",170,"VEN",862,"Americas",4.570868,-74.297333,6.42375,-66.58973,67671
2019,"CUB",192,"BRA",76,"Americas",21.521757,-77.781167,-14.235004,-51.92528,14798
2019,"CUB",192,"MEX",484,"Americas",21.521757,-77.781167,23.634501,-102.552784,7071
2019,"CUB",192,"URY",858,"Americas",21.521757,-77.781167,-32.522779,-55.765835,12396
2019,"CUB",192,"USA",840,"Americas",21.521757,-77.781167,37.09024,-95.712891,7664
2019,"ECU",218,"USA",840,"Americas",-1.831239,-78.183406,37.09024,-95.712891,19935
2019,"EGY",818,"USA",840,"Africa",26.820553,30.802498,37.09024,-95.712891,19012
2019,"ERI",232,"CHE",756,"Africa",15.179384,39.782334,46.818188,8.227512,37590
2019,"ERI",232,"DEU",276,"Africa",15.179384,39.782334,51.165691,10.451526,63326
2019,"ERI",232,"DNK",208,"Africa",15.179384,39.782334,56.26392,9.501785,5452
2019,"ERI",232,"EGY",818,"Africa",15.179384,39.782334,26.820553,30.802498,18232
2019,"ERI",232,"ETH",231,"Africa",15.179384,39.782334,9.145,40.489673,158690
2019,"ERI",232,"FRA",250,"Africa",15.179384,39.782334,46.227638,2.213749,7811
2019,"ERI",232,"GBR",826,"Africa",15.179384,39.782334,55.378051,-3.435973,15402
2019,"ERI",232,"ISR",376,"Africa",15.179384,39.782334,31.046051,34.851612,23576
2019,"ERI",232,"ITA",380,"Africa",15.179384,39.782334,41.87194,12.56738,16375
2019,"ERI",232,"LBY",434,"Africa",15.179384,39.782334,26.3351,17.228331,5501
2019,"ERI",232,"NLD",528,"Africa",15.179384,39.782334,52.132633,5.291266,15320
2019,"ERI",232,"NOR",578,"Africa",15.179384,39.782334,60.472024,8.468946,14118
2019,"ERI",232,"SDN",729,"Africa",15.179384,39.782334,12.862807,30.217636,120329
2019,"ERI",232,"SWE",752,"Africa",15.179384,39.782334,60.128161,18.643501,28511
2019,"ERI",232,"UGA",800,"Africa",15.179384,39.782334,1.373333,32.290275,14499
2019,"ERI",232,"USA",840,"Africa",15.179384,39.782334,37.09024,-95.712891,6997
2019,"ESH",732,"DZA",12,"Africa",24.215527,-12.885834,28.033886,1.659626,90000
2019,"ESH",732,"MRT",478,"Africa",24.215527,-12.885834,21.00789,-10.940835,26000
2019,"ETH",231,"DEU",276,"Africa",9.145,40.489673,51.165691,10.451526,10429
2019,"ETH",231,"DJI",262,"Africa",9.145,40.489673,11.825138,42.590275,11126
2019,"ETH",231,"EGY",818,"Africa",9.145,40.489673,26.820553,30.802498,16256
2019,"ETH",231,"KEN",404,"Africa",9.145,40.489673,-0.023559,37.906193,28416
2019,"ETH",231,"SDN",729,"Africa",9.145,40.489673,12.862807,30.217636,13617
2019,"ETH",231,"SOM",706,"Africa",9.145,40.489673,5.152149,46.199616,21764
2019,"ETH",231,"USA",840,"Africa",9.145,40.489673,37.09024,-95.712891,14635
2019,"ETH",231,"YEM",887,"Africa",9.145,40.489673,15.552727,48.516388,15233
2019,"ETH",231,"ZAF",710,"Africa",9.145,40.489673,-30.559482,22.937506,67278
2019,"GEO",268,"DEU",276,"Asia",42.315407,43.356892,51.165691,10.451526,5094
2019,"GEO",268,"FRA",250,"Asia",42.315407,43.356892,46.227638,2.213749,6167
2019,"GHA",288,"ITA",380,"Africa",7.946527,-1.023194,41.87194,12.56738,6542
2019,"GHA",288,"TGO",768,"Africa",7.946527,-1.023194,8.619543,0.824782,9768
2019,"GIN",324,"AGO",24,"Africa",9.945587,-9.696645,-11.202692,17.873887,9273
2019,"GIN",324,"DEU",276,"Africa",9.945587,-9.696645,51.165691,10.451526,8520
2019,"GIN",324,"FRA",250,"Africa",9.945587,-9.696645,46.227638,2.213749,18174
2019,"GIN",324,"ITA",380,"Africa",9.945587,-9.696645,41.87194,12.56738,5752
2019,"GMB",270,"DEU",276,"Africa",13.443182,-15.310139,51.165691,10.451526,5972
2019,"GMB",270,"ITA",380,"Africa",13.443182,-15.310139,41.87194,12.56738,13669
2019,"GTM",320,"USA",840,"Americas",15.783471,-90.230759,37.09024,-95.712891,135287
2019,"HND",340,"ESP",724,"Americas",15.199999,-86.241905,40.463667,-3.74922,9366
2019,"HND",340,"MEX",484,"Americas",15.199999,-86.241905,23.634501,-102.552784,38764
2019,"HND",340,"USA",840,"Americas",15.199999,-86.241905,37.09024,-95.712891,96485
2019,"HRV",191,"BIH",70,"Europe",45.1,15.2,43.915886,17.679076,5116
2019,"HRV",191,"SRB",688,"Europe",45.1,15.2,44.016521,21.005859,17972
2019,"HTI",332,"BRA",76,"Americas",18.971187,-72.285215,-14.235004,-51.92528,32796
2019,"HTI",332,"CAN",124,"Americas",18.971187,-72.285215,56.130366,-106.346771,11928
2019,"HTI",332,"FRA",250,"Americas",18.971187,-72.285215,46.227638,2.213749,5350
2019,"HTI",332,"MEX",484,"Americas",18.971187,-72.285215,23.634501,-102.552784,5787
2019,"HTI",332,"USA",840,"Americas",18.971187,-72.285215,37.09024,-95.712891,34759
2019,"IDN",360,"PNG",598,"Asia",-0.789275,113.921327,-6.314993,143.95555,9368
2019,"IND",356,"AUS",36,"Asia",20.593684,78.96288,-25.274398,133.775136,6191
2019,"IND",356,"CAN",124,"Asia",20.593684,78.96288,56.130366,-106.346771,10941
2019,"IND",356,"USA",840,"Asia",20.593684,78.96288,37.09024,-95.712891,42170
2019,"IRN",364,"AUS",36,"Asia",32.427908,53.688046,-25.274398,133.775136,15990
2019,"IRN",364,"AUT",40,"Asia",32.427908,53.688046,47.516231,14.550072,8417
2019,"IRN",364,"CAN",124,"Asia",32.427908,53.688046,56.130366,-106.346771,7216
2019,"IRN",364,"DEU",276,"Asia",32.427908,53.688046,51.165691,10.451526,65249
2019,"IRN",364,"GBR",826,"Asia",32.427908,53.688046,55.378051,-3.435973,24589
2019,"IRN",364,"IRQ",368,"Asia",32.427908,53.688046,33.223191,43.679291,11092
2019,"IRN",364,"NLD",528,"Asia",32.427908,53.688046,52.132633,5.291266,7273
2019,"IRN",364,"SWE",752,"Asia",32.427908,53.688046,60.128161,18.643501,9849
2019,"IRN",364,"TUR",792,"Asia",32.427908,53.688046,38.963745,35.243322,27577
2019,"IRN",364,"USA",840,"Asia",32.427908,53.688046,37.09024,-95.712891,8640
2019,"IRQ",368,"AUS",36,"Asia",33.223191,43.679291,-25.274398,133.775136,6129
2019,"IRQ",368,"AUT",40,"Asia",33.223191,43.679291,47.516231,14.550072,13301
2019,"IRQ",368,"BEL",56,"Asia",33.223191,43.679291,50.503887,4.469936,6481
2019,"IRQ",368,"CHE",756,"Asia",33.223191,43.679291,46.818188,8.227512,5216
2019,"IRQ",368,"DEU",276,"Asia",33.223191,43.679291,51.165691,10.451526,176540
2019,"IRQ",368,"EGY",818,"Asia",33.223191,43.679291,26.820553,30.802498,6771
2019,"IRQ",368,"FIN",246,"Asia",33.223191,43.679291,61.92411,25.748151,12371
2019,"IRQ",368,"FRA",250,"Asia",33.223191,43.679291,46.227638,2.213749,10159
2019,"IRQ",368,"GBR",826,"Asia",33.223191,43.679291,55.378051,-3.435973,11090
2019,"IRQ",368,"GRC",300,"Asia",33.223191,43.679291,39.074208,21.824312,16897
2019,"IRQ",368,"IRN",364,"Asia",33.223191,43.679291,32.427908,53.688046,28268
2019,"IRQ",368,"ITA",380,"Asia",33.223191,43.679291,41.87194,12.56738,7928
2019,"IRQ",368,"JOR",400,"Asia",33.223191,43.679291,30.585164,36.238414,67179
2019,"IRQ",368,"LBN",422,"Asia",33.223191,43.679291,33.854721,35.862285,13462
2019,"IRQ",368,"NLD",528,"Asia",33.223191,43.679291,52.132633,5.291266,9098
2019,"IRQ",368,"SWE",752,"Asia",33.223191,43.679291,60.128161,18.643501,15339
2019,"IRQ",368,"SYR",760,"Asia",33.223191,43.679291,34.802075,38.996815,25031
2019,"IRQ",368,"TUR",792,"Asia",33.223191,43.679291,38.963745,35.243322,174524
2019,"IRQ",368,"USA",840,"Asia",33.223191,43.679291,37.09024,-95.712891,8971
2019,"KEN",404,"USA",840,"Africa",-0.023559,37.906193,37.09024,-95.712891,6416
2019,"KHM",116,"FRA",250,"Asia",12.565679,104.990963,46.227638,2.213749,11042
2019,"LAO",418,"FRA",250,"Asia",19.85627,102.495496,46.227638,2.213749,6464
2019,"LKA",144,"AUS",36,"Asia",7.873054,80.771797,-25.274398,133.775136,7251
2019,"LKA",144,"CHE",756,"Asia",7.873054,80.771797,46.818188,8.227512,7138
2019,"LKA",144,"DEU",276,"Asia",7.873054,80.771797,51.165691,10.451526,5074
2019,"LKA",144,"FRA",250,"Asia",7.873054,80.771797,46.227638,2.213749,25976
2019,"LKA",144,"GBR",826,"Asia",7.873054,80.771797,55.378051,-3.435973,6941
2019,"LKA",144,"IND",356,"Asia",7.873054,80.771797,20.593684,78.96288,59428
2019,"MEX",484,"CAN",124,"Americas",23.634501,-102.552784,56.130366,-106.346771,10035
2019,"MEX",484,"USA",840,"Americas",23.634501,-102.552784,37.09024,-95.712891,105685
2019,"MLI",466,"BFA",854,"Africa",17.570692,-3.996166,12.238333,-1.561593,25442
2019,"MLI",466,"FRA",250,"Africa",17.570692,-3.996166,46.227638,2.213749,7464
2019,"MLI",466,"ITA",380,"Africa",17.570692,-3.996166,41.87194,12.56738,16713
2019,"MLI",466,"MRT",478,"Africa",17.570692,-3.996166,21.00789,-10.940835,57559
2019,"MLI",466,"NER",562,"Africa",17.570692,-3.996166,17.607789,8.081666,58074
2019,"MMR",104,"BGD",50,"Asia",21.913965,95.956223,23.684994,90.356331,854764
2019,"MMR",104,"MYS",458,"Asia",21.913965,95.956223,4.210484,101.975766,153777
2019,"MMR",104,"THA",764,"Asia",21.913965,95.956223,15.870032,100.992541,93348
2019,"MOZ",508,"ZWE",716,"Africa",-18.665695,35.529562,-19.015438,29.154857,8119
2019,"MRT",478,"AGO",24,"Africa",21.00789,-10.940835,-11.202692,17.873887,5725
2019,"MRT",478,"FRA",250,"Africa",21.00789,-10.940835,46.227638,2.213749,6982
2019,"MRT",478,"MLI",466,"Africa",21.00789,-10.940835,17.570692,-3.996166,15316
2019,"MRT",478,"SEN",686,"Africa",21.00789,-10.940835,14.497401,-14.452362,14218
2019,"MYS",458,"AUS",36,"Asia",4.210484,101.975766,-25.274398,133.775136,18674
2019,"NGA",566,"CAN",124,"Africa",9.081999,8.675277,56.130366,-106.346771,19468
2019,"NGA",566,"CMR",120,"Africa",9.081999,8.675277,7.369722,12.354722,110681
2019,"NGA",566,"DEU",276,"Africa",9.081999,8.675277,51.165691,10.451526,29642
2019,"NGA",566,"FRA",250,"Africa",9.081999,8.675277,46.227638,2.213749,7722
2019,"NGA",566,"GBR",826,"Africa",9.081999,8.675277,55.378051,-3.435973,5053
2019,"NGA",566,"ITA",380,"Africa",9.081999,8.675277,41.87194,12.56738,30621
2019,"NGA",566,"NER",562,"Africa",9.081999,8.675277,17.607789,8.081666,155320
2019,"NGA",566,"TCD",148,"Africa",9.081999,8.675277,15.454166,18.732207,13033
2019,"NGA",566,"USA",840,"Africa",9.081999,8.675277,37.09024,-95.712891,13973
2019,"NGA",566,"ZAF",710,"Africa",9.081999,8.675277,-30.559482,22.937506,6381
2019,"NIC",558,"CRI",188,"Americas",12.865416,-85.207229,9.748917,-83.753428,44883
2019,"NIC",558,"ESP",724,"Americas",12.865416,-85.207229,40.463667,-3.74922,6327
2019,"NIC",558,"PAN",591,"Americas",12.865416,-85.207229,8.537981,-80.782127,7728
2019,"NIC",558,"USA",840,"Americas",12.865416,-85.207229,37.09024,-95.712891,7350
2019,"NPL",524,"USA",840,"Asia",28.394857,84.124008,37.09024,-95.712891,13877
2019,"PAK",586,"AFG",4,"Asia",30.375321,69.345116,33.93911,67.709953,72329
2019,"PAK",586,"AUS",36,"Asia",30.375321,69.345116,-25.274398,133.775136,8087
2019,"PAK",586,"CAN",124,"Asia",30.375321,69.345116,56.130366,-106.346771,8742
2019,"PAK",586,"DEU",276,"Asia",30.375321,69.345116,51.165691,10.451526,18206
2019,"PAK",586,"GBR",826,"Asia",30.375321,69.345116,55.378051,-3.435973,12074
2019,"PAK",586,"GRC",300,"Asia",30.375321,69.345116,39.074208,21.824312,7037
2019,"PAK",586,"ITA",380,"Asia",30.375321,69.345116,41.87194,12.56738,27863
2019,"PAK",586,"MYS",458,"Asia",30.375321,69.345116,4.210484,101.975766,6607
2019,"PAK",586,"USA",840,"Asia",30.375321,69.345116,37.09024,-95.712891,9531
2019,"PAK",586,"ZAF",710,"Asia",30.375321,69.345116,-30.559482,22.937506,10293
2019,"PSE",275,"EGY",818,"Asia",31.952162,35.233154,26.820553,30.802498,70010
2019,"PSE",275,"IRQ",368,"Asia",31.952162,35.233154,33.223191,43.679291,7965
2019,"RUS",643,"AUT",40,"Europe",61.52401,105.318756,47.516231,14.550072,9858
2019,"RUS",643,"DEU",276,"Europe",61.52401,105.318756,51.165691,10.451526,24131
2019,"RUS",643,"FRA",250,"Europe",61.52401,105.318756,46.227638,2.213749,19276
2019,"RUS",643,"ISR",376,"Europe",61.52401,105.318756,31.046051,34.851612,5932
2019,"RUS",643,"POL",616,"Europe",61.52401,105.318756,51.919438,19.145136,13190
2019,"RUS",643,"USA",840,"Europe",61.52401,105.318756,37.09024,-95.712891,16896
2019,"RWA",646,"COD",180,"Africa",-1.940278,29.873888,-4.038333,21.758664,215122
2019,"RWA",646,"MWI",454,"Africa",-1.940278,29.873888,-13.254308,34.301525,6280
2019,"RWA",646,"UGA",800,"Africa",-1.940278,29.873888,1.373333,32.290275,17110
2019,"SDN",729,"EGY",818,"Africa",12.862807,30.217636,26.820553,30.802498,47763
2019,"SDN",729,"ETH",231,"Africa",12.862807,30.217636,9.145,40.489673,41959
2019,"SDN",729,"FRA",250,"Africa",12.862807,30.217636,46.227638,2.213749,21153
2019,"SDN",729,"GBR",826,"Africa",12.862807,30.217636,55.378051,-3.435973,12098
2019,"SDN",729,"ISR",376,"Africa",12.862807,30.217636,31.046051,34.851612,7709
2019,"SDN",729,"JOR",400,"Africa",12.862807,30.217636,30.585164,36.238414,6010
2019,"SDN",729,"KEN",404,"Africa",12.862807,30.217636,-0.023559,37.906193,9926
2019,"SDN",729,"LBY",434,"Africa",12.862807,30.217636,26.3351,17.228331,12760
2019,"SDN",729,"TCD",148,"Africa",12.862807,30.217636,15.454166,18.732207,337051
2019,"SEN",686,"BRA",76,"Africa",14.497401,-14.452362,-14.235004,-51.92528,6267
2019,"SEN",686,"ITA",380,"Africa",14.497401,-14.452362,41.87194,12.56738,9125
2019,"SLV",222,"ESP",724,"Americas",13.794185,-88.89653,40.463667,-3.74922,6369
2019,"SLV",222,"MEX",484,"Americas",13.794185,-88.89653,23.634501,-102.552784,16807
2019,"SLV",222,"USA",840,"Americas",13.794185,-88.89653,37.09024,-95.712891,139620
2019,"SOM",706,"AUT",40,"Africa",5.152149,46.199616,47.516231,14.550072,8547
2019,"SOM",706,"CHE",756,"Africa",5.152149,46.199616,46.818188,8.227512,5012
2019,"SOM",706,"DEU",276,"Africa",5.152149,46.199616,51.165691,10.451526,34453
2019,"SOM",706,"DJI",262,"Africa",5.152149,46.199616,11.825138,42.590275,13396
2019,"SOM",706,"EGY",818,"Africa",5.152149,46.199616,26.820553,30.802498,6702
2019,"SOM",706,"ETH",231,"Africa",5.152149,46.199616,9.145,40.489673,192236
2019,"SOM",706,"FRA",250,"Africa",5.152149,46.199616,46.227638,2.213749,8430
2019,"SOM",706,"ITA",380,"Africa",5.152149,46.199616,41.87194,12.56738,14473
2019,"SOM",706,"KEN",404,"Africa",5.152149,46.199616,-0.023559,37.906193,264265
2019,"SOM",706,"NLD",528,"Africa",5.152149,46.199616,52.132633,5.291266,13203
2019,"SOM",706,"NOR",578,"Africa",5.152149,46.199616,60.472024,8.468946,6558
2019,"SOM",706,"SWE",752,"Africa",5.152149,46.199616,60.128161,18.643501,18677
2019,"SOM",706,"UGA",800,"Africa",5.152149,46.199616,1.373333,32.290275,37960
2019,"SOM",706,"YEM",887,"Africa",5.152149,46.199616,15.552727,48.516388,253054
2019,"SOM",706,"ZAF",710,"Africa",5.152149,46.199616,-30.559482,22.937506,28689
2019,"SRB",688,"DEU",276,"Europe",44.016521,21.005859,51.165691,10.451526,11777
2019,"SRB",688,"FRA",250,"Europe",44.016521,21.005859,46.227638,2.213749,16145
2019,"SYR",760,"ARE",784,"Asia",34.802075,38.996815,23.424076,53.847818,6908
2019,"SYR",760,"ARM",51,"Asia",34.802075,38.996815,40.069099,45.038189,14746
2019,"SYR",760,"AUT",40,"Asia",34.802075,38.996815,47.516231,14.550072,53259
2019,"SYR",760,"BEL",56,"Asia",34.802075,38.996815,50.503887,4.469936,17623
2019,"SYR",760,"BGR",100,"Asia",34.802075,38.996815,42.733883,25.48583,17848
2019,"SYR",760,"BRA",76,"Asia",34.802075,38.996815,-14.235004,-51.92528,8003
2019,"SYR",760,"CHE",756,"Asia",34.802075,38.996815,46.818188,8.227512,19673
2019,"SYR",760,"CYP",196,"Asia",34.802075,38.996815,35.126413,33.429859,11445
2019,"SYR",760,"DEU",276,"Asia",34.802075,38.996815,51.165691,10.451526,614098
2019,"SYR",760,"DNK",208,"Asia",34.802075,38.996815,56.26392,9.501785,20256
2019,"SYR",760,"DZA",12,"Asia",34.802075,38.996815,28.033886,1.659626,7757
2019,"SYR",760,"EGY",818,"Asia",34.802075,38.996815,26.820553,30.802498,129210
2019,"SYR",760,"ESP",724,"Asia",34.802075,38.996815,40.463667,-3.74922,16938
2019,"SYR",760,"FRA",250,"Asia",34.802075,38.996815,46.227638,2.213749,21488
2019,"SYR",760,"GBR",826,"Asia",34.802075,38.996815,55.378051,-3.435973,11617
2019,"SYR",760,"GRC",300,"Asia",34.802075,38.996815,39.074208,21.824312,42861
2019,"SYR",760,"IRQ",368,"Asia",34.802075,38.996815,33.223191,43.679291,245810
2019,"SYR",760,"ITA",380,"Asia",34.802075,38.996815,41.87194,12.56738,5698
2019,"SYR",760,"JOR",400,"Asia",34.802075,38.996815,30.585164,36.238414,654692
2019,"SYR",760,"LBN",422,"Asia",34.802075,38.996815,33.854721,35.862285,910586
2019,"SYR",760,"LBY",434,"Asia",34.802075,38.996815,26.3351,17.228331,17350
2019,"SYR",760,"NLD",528,"Asia",34.802075,38.996815,52.132633,5.291266,34786
2019,"SYR",760,"NOR",578,"Asia",34.802075,38.996815,60.472024,8.468946,14611
2019,"SYR",760,"SDN",729,"Asia",34.802075,38.996815,12.862807,30.217636,93495
2019,"SYR",760,"SWE",752,"Asia",34.802075,38.996815,60.128161,18.643501,115644
2019,"SYR",760,"TUR",792,"Asia",34.802075,38.996815,38.963745,35.243322,3576370
2019,"SYR",760,"USA",840,"Asia",34.802075,38.996815,37.09024,-95.712891,11109
2019,"TUR",792,"CAN",124,"Asia",38.963745,35.243322,56.130366,-106.346771,7266
2019,"TUR",792,"CHE",756,"Asia",38.963745,35.243322,46.818188,8.227512,5699
2019,"TUR",792,"DEU",276,"Asia",38.963745,35.243322,51.165691,10.451526,45300
2019,"TUR",792,"FRA",250,"Asia",38.963745,35.243322,46.227638,2.213749,15344
2019,"TUR",792,"GRC",300,"Asia",38.963745,35.243322,39.074208,21.824312,5825
2019,"TUR",792,"IRQ",368,"Asia",38.963745,35.243322,33.223191,43.679291,20677
2019,"TUR",792,"USA",840,"Asia",38.963745,35.243322,37.09024,-95.712891,6019
2019,"UKR",804,"ESP",724,"Europe",48.379433,31.16558,40.463667,-3.74922,7091
2019,"UKR",804,"ISR",376,"Europe",48.379433,31.16558,31.046051,34.851612,5061
2019,"UKR",804,"ITA",380,"Europe",48.379433,31.16558,41.87194,12.56738,7542
2019,"UKR",804,"RUS",643,"Europe",48.379433,31.16558,61.52401,105.318756,41251
2019,"UKR",804,"USA",840,"Europe",48.379433,31.16558,37.09024,-95.712891,10397
2019,"VEN",862,"BRA",76,"Americas",6.42375,-66.58973,-14.235004,-51.92528,124598
2019,"VEN",862,"COL",170,"Americas",6.42375,-66.58973,4.570868,-74.297333,9249
2019,"VEN",862,"CRI",188,"Americas",6.42375,-66.58973,9.748917,-83.753428,7386
2019,"VEN",862,"ECU",218,"Americas",6.42375,-66.58973,-1.831239,-78.183406,14816
2019,"VEN",862,"ESP",724,"Americas",6.42375,-66.58973,40.463667,-3.74922,69203
2019,"VEN",862,"MEX",484,"Americas",6.42375,-66.58973,23.634501,-102.552784,17395
2019,"VEN",862,"PER",604,"Americas",6.42375,-66.58973,-9.189967,-75.015152,483801
2019,"VEN",862,"TTO",780,"Americas",6.42375,-66.58973,10.691803,-61.222503,16336
2019,"VEN",862,"USA",840,"Americas",6.42375,-66.58973,37.09024,-95.712891,120695
2019,"VNM",704,"CHN",156,"Asia",14.058324,108.277199,35.86166,104.195397,303095
2019,"VNM",704,"FRA",250,"Asia",14.058324,108.277199,46.227638,2.213749,7741
2019,"YEM",887,"DJI",262,"Asia",15.552727,48.516388,11.825138,42.590275,5322
2019,"YEM",887,"EGY",818,"Asia",15.552727,48.516388,26.820553,30.802498,9158
2019,"YEM",887,"JOR",400,"Asia",15.552727,48.516388,30.585164,36.238414,14774
2019,"YEM",887,"SOM",706,"Asia",15.552727,48.516388,5.152149,46.199616,13285
2019,"ZWE",716,"ZAF",710,"Africa",-19.015438,29.154857,-30.559482,22.937506,16828
2020,"AFG",4,"AUS",36,"Asia",33.93911,67.709953,-25.274398,133.775136,12420
2020,"AFG",4,"AUT",40,"Asia",33.93911,67.709953,47.516231,14.550072,46569
2020,"AFG",4,"BEL",56,"Asia",33.93911,67.709953,50.503887,4.469936,8904
2020,"AFG",4,"CHE",756,"Asia",33.93911,67.709953,46.818188,8.227512,15367
2020,"AFG",4,"DEU",276,"Asia",33.93911,67.709953,51.165691,10.451526,181097
2020,"AFG",4,"FRA",250,"Asia",33.93911,67.709953,46.227638,2.213749,45106
2020,"AFG",4,"GBR",826,"Asia",33.93911,67.709953,55.378051,-3.435973,12578
2020,"AFG",4,"GRC",300,"Asia",33.93911,67.709953,39.074208,21.824312,41162
2020,"AFG",4,"IDN",360,"Asia",33.93911,67.709953,-0.789275,113.921327,7602
2020,"AFG",4,"IND",356,"Asia",33.93911,67.709953,20.593684,78.96288,15132
2020,"AFG",4,"IRN",364,"Asia",33.93911,67.709953,32.427908,53.688046,780000
2020,"AFG",4,"ITA",380,"Asia",33.93911,67.709953,41.87194,12.56738,13435
2020,"AFG",4,"NLD",528,"Asia",33.93911,67.709953,52.132633,5.291266,5816
2020,"AFG",4,"PAK",586,"Asia",33.93911,67.709953,30.375321,69.345116,1448100
2020,"AFG",4,"SWE",752,"Asia",33.93911,67.709953,60.128161,18.643501,31285
2020,"AFG",4,"TJK",762,"Asia",33.93911,67.709953,38.861034,71.276093,5981
2020,"AFG",4,"TUR",792,"Asia",33.93911,67.709953,38.963745,35.243322,129323
2020,"AGO",24,"BRA",76,"Africa",-11.202692,17.873887,-14.235004,-51.92528,6327
2020,"AGO",24,"FRA",250,"Africa",-11.202692,17.873887,46.227638,2.213749,5735
2020,"ALB",8,"FRA",250,"Europe",41.153332,20.168331,46.227638,2.213749,7950
2020,"ALB",8,"GBR",826,"Europe",41.153332,20.168331,55.378051,-3.435973,12178
2020,"ARM",51,"DEU",276,"Asia",40.069099,45.038189,51.165691,10.451526,5583
2020,"ARM",51,"FRA",250,"Asia",40.069099,45.038189,46.227638,2.213749,5275
2020,"AZE",31,"ARM",51,"Asia",40.143105,47.576927,40.069099,45.038189,91771
2020,"AZE",31,"DEU",276,"Asia",40.143105,47.576927,51.165691,10.451526,7435
2020,"BDI",108,"COD",180,"Africa",-3.373056,29.918886,-4.038333,21.758664,47365
2020,"BDI",108,"KEN",404,"Africa",-3.373056,29.918886,-0.023559,37.906193,16520
2020,"BDI",108,"MOZ",508,"Africa",-3.373056,29.918886,-18.665695,35.529562,8780
2020,"BDI",108,"MWI",454,"Africa",-3.373056,29.918886,-13.254308,34.301525,10982
2020,"BDI",108,"RWA",646,"Africa",-3.373056,29.918886,-1.940278,29.873888,65101
2020,"BDI",108,"TZA",834,"Africa",-3.373056,29.918886,-6.369028,34.888822,194054
2020,"BDI",108,"UGA",800,"Africa",-3.373056,29.918886,1.373333,32.290275,49728
2020,"BDI",108,"ZAF",710,"Africa",-3.373056,29.918886,-30.559482,22.937506,9563
2020,"BDI",108,"ZMB",894,"Africa",-3.373056,29.918886,-13.133897,27.849332,7682
2020,"BFA",854,"MLI",466,"Africa",12.238333,-1.561593,17.570692,-3.996166,12890
2020,"BGD",50,"BRA",76,"Asia",23.684994,90.356331,-14.235004,-51.92528,5635
2020,"BGD",50,"FRA",250,"Asia",23.684994,90.356331,46.227638,2.213749,15475
2020,"BGD",50,"ITA",380,"Asia",23.684994,90.356331,41.87194,12.56738,7309
2020,"BGD",50,"USA",840,"Asia",23.684994,90.356331,37.09024,-95.712891,10114
2020,"BGD",50,"ZAF",710,"Asia",23.684994,90.356331,-30.559482,22.937506,25684
2020,"BIH",70,"SRB",688,"Europe",43.915886,17.679076,44.016521,21.005859,8124
2020,"BRA",76,"USA",840,"Americas",-14.235004,-51.92528,37.09024,-95.712891,14234
2020,"BTN",64,"NPL",524,"Asia",27.514162,90.433601,28.394857,84.124008,6365
2020,"CAF",140,"CMR",120,"Africa",6.611111,20.939444,7.369722,12.354722,320669
2020,"CAF",140,"COD",180,"Africa",6.611111,20.939444,-4.038333,21.758664,174321
2020,"CAF",140,"COG",178,"Africa",6.611111,20.939444,-0.228021,15.827659,19285
2020,"CAF",140,"SDN",729,"Africa",6.611111,20.939444,12.862807,30.217636,26928
2020,"CAF",140,"TCD",148,"Africa",6.611111,20.939444,15.454166,18.732207,99249
2020,"CHN",156,"AUS",36,"Asia",35.86166,104.195397,-25.274398,133.775136,18591
2020,"CHN",156,"BRA",76,"Asia",35.86166,104.195397,-14.235004,-51.92528,5154
2020,"CHN",156,"CAN",124,"Asia",35.86166,104.195397,56.130366,-106.346771,7861
2020,"CHN",156,"FRA",250,"Asia",35.86166,104.195397,46.227638,2.213749,8606
2020,"CHN",156,"IND",356,"Asia",35.86166,104.195397,20.593684,78.96288,73407
2020,"CHN",156,"USA",840,"Asia",35.86166,104.195397,37.09024,-95.712891,150791
2020,"CIV",384,"AGO",24,"Africa",7.539989,-5.54708,-11.202692,17.873887,6357
2020,"CIV",384,"FRA",250,"Africa",7.539989,-5.54708,46.227638,2.213749,13430
2020,"CIV",384,"GHA",288,"Africa",7.539989,-5.54708,7.946527,-1.023194,7305
2020,"CIV",384,"ITA",380,"Africa",7.539989,-5.54708,41.87194,12.56738,5330
2020,"CIV",384,"LBR",430,"Africa",7.539989,-5.54708,6.428055,-9.429499,18755
2020,"CMR",120,"NGA",566,"Africa",7.369722,12.354722,9.081999,8.675277,64172
2020,"CMR",120,"USA",840,"Africa",7.369722,12.354722,37.09024,-95.712891,10478
2020,"COD",180,"AGO",24,"Africa",-4.038333,21.758664,-11.202692,17.873887,23406
2020,"COD",180,"BDI",108,"Africa",-4.038333,21.758664,-3.373056,29.918886,79453
2020,"COD",180,"CAF",140,"Africa",-4.038333,21.758664,6.611111,20.939444,5759
2020,"COD",180,"COG",178,"Africa",-4.038333,21.758664,-0.228021,15.827659,19787
2020,"COD",180,"FRA",250,"Africa",-4.038333,21.758664,46.227638,2.213749,23327
2020,"COD",180,"GRC",300,"Africa",-4.038333,21.758664,39.074208,21.824312,5139
2020,"COD",180,"KEN",404,"Africa",-4.038333,21.758664,-0.023559,37.906193,45266
2020,"COD",180,"MOZ",508,"Africa",-4.038333,21.758664,-18.665695,35.529562,10080
2020,"COD",180,"MWI",454,"Africa",-4.038333,21.758664,-13.254308,34.301525,29939
2020,"COD",180,"RWA",646,"Africa",-4.038333,21.758664,-1.940278,29.873888,74491
2020,"COD",180,"TZA",834,"Africa",-4.038333,21.758664,-6.369028,34.888822,68935
2020,"COD",180,"UGA",800,"Africa",-4.038333,21.758664,1.373333,32.290275,421563
2020,"COD",180,"ZAF",710,"Africa",-4.038333,21.758664,-30.559482,22.937506,57595
2020,"COD",180,"ZMB",894,"Africa",-4.038333,21.758664,-13.133897,27.849332,57494
2020,"COD",180,"ZWE",716,"Africa",-4.038333,21.758664,-19.015438,29.154857,11017
2020,"COG",178,"FRA",250,"Africa",-0.228021,15.827659,46.227638,2.213749,5037
2020,"COG",178,"ZAF",710,"Africa",-0.228021,15.827659,-30.559482,22.937506,12341
2020,"COL",170,"CAN",124,"Americas",4.570868,-74.297333,56.130366,-106.346771,9078
2020,"COL",170,"ECU",218,"Americas",4.570868,-74.297333,-1.831239,-78.183406,114332
2020,"COL",170,"ESP",724,"Americas",4.570868,-74.297333,40.463667,-3.74922,24720
2020,"COL",170,"USA",840,"Americas",4.570868,-74.297333,37.09024,-95.712891,19536
2020,"COL",170,"VEN",862,"Americas",4.570868,-74.297333,6.42375,-66.58973,68219
2020,"CUB",192,"BRA",76,"Americas",21.521757,-77.781167,-14.235004,-51.92528,15751
2020,"CUB",192,"MEX",484,"Americas",21.521757,-77.781167,23.634501,-102.552784,10325
2020,"CUB",192,"URY",858,"Americas",21.521757,-77.781167,-32.522779,-55.765835,9135
2020,"CUB",192,"USA",840,"Americas",21.521757,-77.781167,37.09024,-95.712891,12342
2020,"ECU",218,"USA",840,"Americas",-1.831239,-78.183406,37.09024,-95.712891,22316
2020,"EGY",818,"USA",840,"Africa",26.820553,30.802498,37.09024,-95.712891,19820
2020,"ERI",232,"CHE",756,"Africa",15.179384,39.782334,46.818188,8.227512,38217
2020,"ERI",232,"DEU",276,"Africa",15.179384,39.782334,51.165691,10.451526,64518
2020,"ERI",232,"DNK",208,"Africa",15.179384,39.782334,56.26392,9.501785,5602
2020,"ERI",232,"EGY",818,"Africa",15.179384,39.782334,26.820553,30.802498,19079
2020,"ERI",232,"ETH",231,"Africa",15.179384,39.782334,9.145,40.489673,181271
2020,"ERI",232,"FRA",250,"Africa",15.179384,39.782334,46.227638,2.213749,8987
2020,"ERI",232,"GBR",826,"Africa",15.179384,39.782334,55.378051,-3.435973,17127
2020,"ERI",232,"ISR",376,"Africa",15.179384,39.782334,31.046051,34.851612,12216
2020,"ERI",232,"ITA",380,"Africa",15.179384,39.782334,41.87194,12.56738,16659
2020,"ERI",232,"LBY",434,"Africa",15.179384,39.782334,26.3351,17.228331,5432
2020,"ERI",232,"NLD",528,"Africa",15.179384,39.782334,52.132633,5.291266,15179
2020,"ERI",232,"NOR",578,"Africa",15.179384,39.782334,60.472024,8.468946,12612
2020,"ERI",232,"SDN",729,"Africa",15.179384,39.782334,12.862807,30.217636,122465
2020,"ERI",232,"SWE",752,"Africa",15.179384,39.782334,60.128161,18.643501,27882
2020,"ERI",232,"UGA",800,"Africa",15.179384,39.782334,1.373333,32.290275,16446
2020,"ERI",232,"USA",840,"Africa",15.179384,39.782334,37.09024,-95.712891,6784
2020,"ESH",732,"DZA",12,"Africa",24.215527,-12.885834,28.033886,1.659626,90000
2020,"ESH",732,"MRT",478,"Africa",24.215527,-12.885834,21.00789,-10.940835,26000
2020,"ETH",231,"DEU",276,"Africa",9.145,40.489673,51.165691,10.451526,9250
2020,"ETH",231,"DJI",262,"Africa",9.145,40.489673,11.825138,42.590275,11638
2020,"ETH",231,"EGY",818,"Africa",9.145,40.489673,26.820553,30.802498,16099
2020,"ETH",231,"KEN",404,"Africa",9.145,40.489673,-0.023559,37.906193,29204
2020,"ETH",231,"SDN",729,"Africa",9.145,40.489673,12.862807,30.217636,69851
2020,"ETH",231,"SOM",706,"Africa",9.145,40.489673,5.152149,46.199616,17199
2020,"ETH",231,"USA",840,"Africa",9.145,40.489673,37.09024,-95.712891,14130
2020,"ETH",231,"YEM",887,"Africa",9.145,40.489673,15.552727,48.516388,15343
2020,"ETH",231,"ZAF",710,"Africa",9.145,40.489673,-30.559482,22.937506,63728
2020,"GEO",268,"FRA",250,"Asia",42.315407,43.356892,46.227638,2.213749,5127
2020,"GHA",288,"TGO",768,"Africa",7.946527,-1.023194,8.619543,0.824782,8513
2020,"GIN",324,"AGO",24,"Africa",9.945587,-9.696645,-11.202692,17.873887,9274
2020,"GIN",324,"DEU",276,"Africa",9.945587,-9.696645,51.165691,10.451526,8015
2020,"GIN",324,"FRA",250,"Africa",9.945587,-9.696645,46.227638,2.213749,21032
2020,"GMB",270,"ITA",380,"Africa",13.443182,-15.310139,41.87194,12.56738,6473
2020,"GTM",320,"MEX",484,"Americas",15.783471,-90.230759,23.634501,-102.552784,7051
2020,"GTM",320,"USA",840,"Americas",15.783471,-90.230759,37.09024,-95.712891,161478
2020,"HND",340,"ESP",724,"Americas",15.199999,-86.241905,40.463667,-3.74922,9659
2020,"HND",340,"MEX",484,"Americas",15.199999,-86.241905,23.634501,-102.552784,51547
2020,"HND",340,"USA",840,"Americas",15.199999,-86.241905,37.09024,-95.712891,117557
2020,"HRV",191,"BIH",70,"Europe",45.1,15.2,43.915886,17.679076,5112
2020,"HRV",191,"SRB",688,"Europe",45.1,15.2,44.016521,21.005859,17675
2020,"HTI",332,"BRA",76,"Americas",18.971187,-72.285215,-14.235004,-51.92528,38138
2020,"HTI",332,"CAN",124,"Americas",18.971187,-72.285215,56.130366,-106.346771,9249
2020,"HTI",332,"FRA",250,"Americas",18.971187,-72.285215,46.227638,2.213749,6063
2020,"HTI",332,"MEX",484,"Americas",18.971187,-72.285215,23.634501,-102.552784,10050
2020,"HTI",332,"USA",840,"Americas",18.971187,-72.285215,37.09024,-95.712891,40417
2020,"IDN",360,"PNG",598,"Asia",-0.789275,113.921327,-6.314993,143.95555,10501
2020,"IND",356,"AUS",36,"Asia",20.593684,78.96288,-25.274398,133.775136,6945
2020,"IND",356,"CAN",124,"Asia",20.593684,78.96288,56.130366,-106.346771,11714
2020,"IND",356,"USA",840,"Asia",20.593684,78.96288,37.09024,-95.712891,46573
2020,"IRN",364,"AUS",36,"Asia",32.427908,53.688046,-25.274398,133.775136,16443
2020,"IRN",364,"AUT",40,"Asia",32.427908,53.688046,47.516231,14.550072,8319
2020,"IRN",364,"CAN",124,"Asia",32.427908,53.688046,56.130366,-106.346771,7511
2020,"IRN",364,"DEU",276,"Asia",32.427908,53.688046,51.165691,10.451526,63320
2020,"IRN",364,"GBR",826,"Asia",32.427908,53.688046,55.378051,-3.435973,26822
2020,"IRN",364,"IRQ",368,"Asia",32.427908,53.688046,33.223191,43.679291,10826
2020,"IRN",364,"NLD",528,"Asia",32.427908,53.688046,52.132633,5.291266,6776
2020,"IRN",364,"SWE",752,"Asia",32.427908,53.688046,60.128161,18.643501,9264
2020,"IRN",364,"TUR",792,"Asia",32.427908,53.688046,38.963745,35.243322,25993
2020,"IRN",364,"USA",840,"Asia",32.427908,53.688046,37.09024,-95.712891,8526
2020,"IRQ",368,"AUS",36,"Asia",33.223191,43.679291,-25.274398,133.775136,6035
2020,"IRQ",368,"AUT",40,"Asia",33.223191,43.679291,47.516231,14.550072,12619
2020,"IRQ",368,"BEL",56,"Asia",33.223191,43.679291,50.503887,4.469936,6750
2020,"IRQ",368,"DEU",276,"Asia",33.223191,43.679291,51.165691,10.451526,173409
2020,"IRQ",368,"EGY",818,"Asia",33.223191,43.679291,26.820553,30.802498,6804
2020,"IRQ",368,"FIN",246,"Asia",33.223191,43.679291,61.92411,25.748151,11571
2020,"IRQ",368,"FRA",250,"Asia",33.223191,43.679291,46.227638,2.213749,10382
2020,"IRQ",368,"GBR",826,"Asia",33.223191,43.679291,55.378051,-3.435973,12489
2020,"IRQ",368,"GRC",300,"Asia",33.223191,43.679291,39.074208,21.824312,16069
2020,"IRQ",368,"IRN",364,"Asia",33.223191,43.679291,32.427908,53.688046,20000
2020,"IRQ",368,"ITA",380,"Asia",33.223191,43.679291,41.87194,12.56738,6057
2020,"IRQ",368,"JOR",400,"Asia",33.223191,43.679291,30.585164,36.238414,66792
2020,"IRQ",368,"LBN",422,"Asia",33.223191,43.679291,33.854721,35.862285,11399
2020,"IRQ",368,"NLD",528,"Asia",33.223191,43.679291,52.132633,5.291266,7694
2020,"IRQ",368,"SWE",752,"Asia",33.223191,43.679291,60.128161,18.643501,13065
2020,"IRQ",368,"SYR",760,"Asia",33.223191,43.679291,34.802075,38.996815,20782
2020,"IRQ",368,"TUR",792,"Asia",33.223191,43.679291,38.963745,35.243322,167325
2020,"IRQ",368,"USA",840,"Asia",33.223191,43.679291,37.09024,-95.712891,8869
2020,"KEN",404,"USA",840,"Africa",-0.023559,37.906193,37.09024,-95.712891,7321
2020,"KHM",116,"FRA",250,"Asia",12.565679,104.990963,46.227638,2.213749,10908
2020,"LAO",418,"FRA",250,"Asia",19.85627,102.495496,46.227638,2.213749,6397
2020,"LBY",434,"GBR",826,"Africa",26.3351,17.228331,55.378051,-3.435973,5168
2020,"LKA",144,"AUS",36,"Asia",7.873054,80.771797,-25.274398,133.775136,6834
2020,"LKA",144,"CHE",756,"Asia",7.873054,80.771797,46.818188,8.227512,6825
2020,"LKA",144,"FRA",250,"Asia",7.873054,80.771797,46.227638,2.213749,26162
2020,"LKA",144,"GBR",826,"Asia",7.873054,80.771797,55.378051,-3.435973,6924
2020,"LKA",144,"IND",356,"Asia",7.873054,80.771797,20.593684,78.96288,93259
2020,"MEX",484,"CAN",124,"Americas",23.634501,-102.552784,56.130366,-106.346771,9943
2020,"MEX",484,"USA",840,"Americas",23.634501,-102.552784,37.09024,-95.712891,116605
2020,"MLI",466,"BFA",854,"Africa",17.570692,-3.996166,12.238333,-1.561593,19816
2020,"MLI",466,"FRA",250,"Africa",17.570692,-3.996166,46.227638,2.213749,8212
2020,"MLI",466,"ITA",380,"Africa",17.570692,-3.996166,41.87194,12.56738,11060
2020,"MLI",466,"MRT",478,"Africa",17.570692,-3.996166,21.00789,-10.940835,66710
2020,"MLI",466,"NER",562,"Africa",17.570692,-3.996166,17.607789,8.081666,60344
2020,"MMR",104,"BGD",50,"Asia",21.913965,95.956223,23.684994,90.356331,866518
2020,"MMR",104,"IND",356,"Asia",21.913965,95.956223,20.593684,78.96288,21372
2020,"MMR",104,"MYS",458,"Asia",21.913965,95.956223,4.210484,101.975766,154037
2020,"MMR",104,"THA",764,"Asia",21.913965,95.956223,15.870032,100.992541,91805
2020,"MOZ",508,"ZWE",716,"Africa",-18.665695,35.529562,-19.015438,29.154857,8172
2020,"MRT",478,"AGO",24,"Africa",21.00789,-10.940835,-11.202692,17.873887,5725
2020,"MRT",478,"FRA",250,"Africa",21.00789,-10.940835,46.227638,2.213749,7664
2020,"MRT",478,"MLI",466,"Africa",21.00789,-10.940835,17.570692,-3.996166,15697
2020,"MRT",478,"SEN",686,"Africa",21.00789,-10.940835,14.497401,-14.452362,14187
2020,"MYS",458,"AUS",36,"Asia",4.210484,101.975766,-25.274398,133.775136,19362
2020,"NER",562,"MLI",466,"Africa",17.607789,8.081666,17.570692,-3.996166,16938
2020,"NGA",566,"CAN",124,"Africa",9.081999,8.675277,56.130366,-106.346771,17230
2020,"NGA",566,"CMR",120,"Africa",9.081999,8.675277,7.369722,12.354722,117463
2020,"NGA",566,"DEU",276,"Africa",9.081999,8.675277,51.165691,10.451526,25299
2020,"NGA",566,"FRA",250,"Africa",9.081999,8.675277,46.227638,2.213749,10375
2020,"NGA",566,"GBR",826,"Africa",9.081999,8.675277,55.378051,-3.435973,5482
2020,"NGA",566,"ITA",380,"Africa",9.081999,8.675277,41.87194,12.56738,23577
2020,"NGA",566,"NER",562,"Africa",9.081999,8.675277,17.607789,8.081666,171028
2020,"NGA",566,"TCD",148,"Africa",9.081999,8.675277,15.454166,18.732207,16458
2020,"NGA",566,"USA",840,"Africa",9.081999,8.675277,37.09024,-95.712891,17174
2020,"NGA",566,"ZAF",710,"Africa",9.081999,8.675277,-30.559482,22.937506,5530
2020,"NIC",558,"CRI",188,"Americas",12.865416,-85.207229,9.748917,-83.753428,42511
2020,"NIC",558,"ESP",724,"Americas",12.865416,-85.207229,40.463667,-3.74922,6943
2020,"NIC",558,"PAN",591,"Americas",12.865416,-85.207229,8.537981,-80.782127,5841
2020,"NIC",558,"USA",840,"Americas",12.865416,-85.207229,37.09024,-95.712891,10127
2020,"NPL",524,"USA",840,"Asia",28.394857,84.124008,37.09024,-95.712891,13695
2020,"PAK",586,"AFG",4,"Asia",30.375321,69.345116,33.93911,67.709953,72321
2020,"PAK",586,"AUS",36,"Asia",30.375321,69.345116,-25.274398,133.775136,7985
2020,"PAK",586,"CAN",124,"Asia",30.375321,69.345116,56.130366,-106.346771,8826
2020,"PAK",586,"DEU",276,"Asia",30.375321,69.345116,51.165691,10.451526,14928
2020,"PAK",586,"FRA",250,"Asia",30.375321,69.345116,46.227638,2.213749,5475
2020,"PAK",586,"GBR",826,"Asia",30.375321,69.345116,55.378051,-3.435973,12591
2020,"PAK",586,"GRC",300,"Asia",30.375321,69.345116,39.074208,21.824312,6573
2020,"PAK",586,"ITA",380,"Asia",30.375321,69.345116,41.87194,12.56738,23899
2020,"PAK",586,"MYS",458,"Asia",30.375321,69.345116,4.210484,101.975766,6619
2020,"PAK",586,"USA",840,"Asia",30.375321,69.345116,37.09024,-95.712891,9968
2020,"PAK",586,"ZAF",710,"Asia",30.375321,69.345116,-30.559482,22.937506,8868
2020,"PER",604,"ESP",724,"Americas",-9.189967,-75.015152,40.463667,-3.74922,5179
2020,"PSE",275,"EGY",818,"Asia",31.952162,35.233154,26.820553,30.802498,70022
2020,"PSE",275,"GRC",300,"Asia",31.952162,35.233154,39.074208,21.824312,5247
2020,"PSE",275,"IRQ",368,"Asia",31.952162,35.233154,33.223191,43.679291,7963
2020,"RUS",643,"AUT",40,"Europe",61.52401,105.318756,47.516231,14.550072,8471
2020,"RUS",643,"DEU",276,"Europe",61.52401,105.318756,51.165691,10.451526,22283
2020,"RUS",643,"FRA",250,"Europe",61.52401,105.318756,46.227638,2.213749,20133
2020,"RUS",643,"USA",840,"Europe",61.52401,105.318756,37.09024,-95.712891,19336
2020,"RWA",646,"COD",180,"Africa",-1.940278,29.873888,-4.038333,21.758664,213910
2020,"RWA",646,"MWI",454,"Africa",-1.940278,29.873888,-13.254308,34.301525,6836
2020,"RWA",646,"UGA",800,"Africa",-1.940278,29.873888,1.373333,32.290275,17883
2020,"SDN",729,"EGY",818,"Africa",12.862807,30.217636,26.820553,30.802498,49249
2020,"SDN",729,"ETH",231,"Africa",12.862807,30.217636,9.145,40.489673,44098
2020,"SDN",729,"FRA",250,"Africa",12.862807,30.217636,46.227638,2.213749,22209
2020,"SDN",729,"GBR",826,"Africa",12.862807,30.217636,55.378051,-3.435973,13274
2020,"SDN",729,"ISR",376,"Africa",12.862807,30.217636,31.046051,34.851612,5657
2020,"SDN",729,"JOR",400,"Africa",12.862807,30.217636,30.585164,36.238414,6032
2020,"SDN",729,"KEN",404,"Africa",12.862807,30.217636,-0.023559,37.906193,10109
2020,"SDN",729,"LBY",434,"Africa",12.862807,30.217636,26.3351,17.228331,15299
2020,"SDN",729,"TCD",148,"Africa",12.862807,30.217636,15.454166,18.732207,366304
2020,"SEN",686,"BRA",76,"Africa",14.497401,-14.452362,-14.235004,-51.92528,6382
2020,"SEN",686,"ITA",380,"Africa",14.497401,-14.452362,41.87194,12.56738,5120
2020,"SLV",222,"ESP",724,"Americas",13.794185,-88.89653,40.463667,-3.74922,5068
2020,"SLV",222,"MEX",484,"Americas",13.794185,-88.89653,23.634501,-102.552784,20024
2020,"SLV",222,"USA",840,"Americas",13.794185,-88.89653,37.09024,-95.712891,153682
2020,"SOM",706,"AUT",40,"Africa",5.152149,46.199616,47.516231,14.550072,8803
2020,"SOM",706,"DEU",276,"Africa",5.152149,46.199616,51.165691,10.451526,34640
2020,"SOM",706,"DJI",262,"Africa",5.152149,46.199616,11.825138,42.590275,13687
2020,"SOM",706,"EGY",818,"Africa",5.152149,46.199616,26.820553,30.802498,6730
2020,"SOM",706,"ETH",231,"Africa",5.152149,46.199616,9.145,40.489673,203849
2020,"SOM",706,"FRA",250,"Africa",5.152149,46.199616,46.227638,2.213749,10653
2020,"SOM",706,"ITA",380,"Africa",5.152149,46.199616,41.87194,12.56738,8634
2020,"SOM",706,"KEN",404,"Africa",5.152149,46.199616,-0.023559,37.906193,272490
2020,"SOM",706,"NLD",528,"Africa",5.152149,46.199616,52.132633,5.291266,9687
2020,"SOM",706,"NOR",578,"Africa",5.152149,46.199616,60.472024,8.468946,5288
2020,"SOM",706,"SWE",752,"Africa",5.152149,46.199616,60.128161,18.643501,13467
2020,"SOM",706,"UGA",800,"Africa",5.152149,46.199616,1.373333,32.290275,44479
2020,"SOM",706,"YEM",887,"Africa",5.152149,46.199616,15.552727,48.516388,151310
2020,"SOM",706,"ZAF",710,"Africa",5.152149,46.199616,-30.559482,22.937506,27790
2020,"SRB",688,"DEU",276,"Europe",44.016521,21.005859,51.165691,10.451526,9968
2020,"SRB",688,"FRA",250,"Europe",44.016521,21.005859,46.227638,2.213749,15914
2020,"SYR",760,"ARE",784,"Asia",34.802075,38.996815,23.424076,53.847818,6934
2020,"SYR",760,"ARM",51,"Asia",34.802075,38.996815,40.069099,45.038189,14746
2020,"SYR",760,"AUT",40,"Asia",34.802075,38.996815,47.516231,14.550072,57723
2020,"SYR",760,"BEL",56,"Asia",34.802075,38.996815,50.503887,4.469936,19858
2020,"SYR",760,"BGR",100,"Asia",34.802075,38.996815,42.733883,25.48583,18903
2020,"SYR",760,"BRA",76,"Asia",34.802075,38.996815,-14.235004,-51.92528,8010
2020,"SYR",760,"CHE",756,"Asia",34.802075,38.996815,46.818188,8.227512,20105
2020,"SYR",760,"CYP",196,"Asia",34.802075,38.996815,35.126413,33.429859,13212
2020,"SYR",760,"DEU",276,"Asia",34.802075,38.996815,51.165691,10.451526,642557
2020,"SYR",760,"DNK",208,"Asia",34.802075,38.996815,56.26392,9.501785,20159
2020,"SYR",760,"DZA",12,"Asia",34.802075,38.996815,28.033886,1.659626,6627
2020,"SYR",760,"EGY",818,"Asia",34.802075,38.996815,26.820553,30.802498,130577
2020,"SYR",760,"ESP",724,"Asia",34.802075,38.996815,40.463667,-3.74922,16205
2020,"SYR",760,"FRA",250,"Asia",34.802075,38.996815,46.227638,2.213749,24436
2020,"SYR",760,"GBR",826,"Asia",34.802075,38.996815,55.378051,-3.435973,13150
2020,"SYR",760,"GRC",300,"Asia",34.802075,38.996815,39.074208,21.824312,42413
2020,"SYR",760,"IRQ",368,"Asia",34.802075,38.996815,33.223191,43.679291,242163
2020,"SYR",760,"JOR",400,"Asia",34.802075,38.996815,30.585164,36.238414,662790
2020,"SYR",760,"LBN",422,"Asia",34.802075,38.996815,33.854721,35.862285,865300
2020,"SYR",760,"LBY",434,"Asia",34.802075,38.996815,26.3351,17.228331,14536
2020,"SYR",760,"NLD",528,"Asia",34.802075,38.996815,52.132633,5.291266,38090
2020,"SYR",760,"NOR",578,"Asia",34.802075,38.996815,60.472024,8.468946,15651
2020,"SYR",760,"SAU",682,"Asia",34.802075,38.996815,23.885942,45.079162,7844
2020,"SYR",760,"SDN",729,"Asia",34.802075,38.996815,12.862807,30.217636,93498
2020,"SYR",760,"SWE",752,"Asia",34.802075,38.996815,60.128161,18.643501,116153
2020,"SYR",760,"TUR",792,"Asia",34.802075,38.996815,38.963745,35.243322,3641370
2020,"SYR",760,"USA",840,"Asia",34.802075,38.996815,37.09024,-95.712891,11246
2020,"TUR",792,"CAN",124,"Asia",38.963745,35.243322,56.130366,-106.346771,7361
2020,"TUR",792,"CHE",756,"Asia",38.963745,35.243322,46.818188,8.227512,6471
2020,"TUR",792,"DEU",276,"Asia",38.963745,35.243322,51.165691,10.451526,48127
2020,"TUR",792,"FRA",250,"Asia",38.963745,35.243322,46.227638,2.213749,17546
2020,"TUR",792,"GRC",300,"Asia",38.963745,35.243322,39.074208,21.824312,5048
2020,"TUR",792,"IRQ",368,"Asia",38.963745,35.243322,33.223191,43.679291,20646
2020,"TUR",792,"USA",840,"Asia",38.963745,35.243322,37.09024,-95.712891,7289
2020,"UGA",800,"USA",840,"Africa",1.373333,32.290275,37.09024,-95.712891,5094
2020,"UKR",804,"ESP",724,"Europe",48.379433,31.16558,40.463667,-3.74922,5212
2020,"UKR",804,"RUS",643,"Europe",48.379433,31.16558,61.52401,105.318756,18576
2020,"UKR",804,"USA",840,"Europe",48.379433,31.16558,37.09024,-95.712891,10803
2020,"VEN",862,"BRA",76,"Americas",6.42375,-66.58973,-14.235004,-51.92528,137609
2020,"VEN",862,"COL",170,"Americas",6.42375,-66.58973,4.570868,-74.297333,20358
2020,"VEN",862,"CRI",188,"Americas",6.42375,-66.58973,9.748917,-83.753428,6688
2020,"VEN",862,"ECU",218,"Americas",6.42375,-66.58973,-1.831239,-78.183406,14058
2020,"VEN",862,"ESP",724,"Americas",6.42375,-66.58973,40.463667,-3.74922,94705
2020,"VEN",862,"MEX",484,"Americas",6.42375,-66.58973,23.634501,-102.552784,20376
2020,"VEN",862,"PER",604,"Americas",6.42375,-66.58973,-9.189967,-75.015152,534931
2020,"VEN",862,"TTO",780,"Americas",6.42375,-66.58973,10.691803,-61.222503,19505
2020,"VEN",862,"USA",840,"Americas",6.42375,-66.58973,37.09024,-95.712891,146959
2020,"VNM",704,"CHN",156,"Asia",14.058324,108.277199,35.86166,104.195397,303095
2020,"VNM",704,"FRA",250,"Asia",14.058324,108.277199,46.227638,2.213749,7688
2020,"VNM",704,"GBR",826,"Asia",14.058324,108.277199,55.378051,-3.435973,5205
2020,"YEM",887,"DJI",262,"Asia",15.552727,48.516388,11.825138,42.590275,5666
2020,"YEM",887,"EGY",818,"Asia",15.552727,48.516388,26.820553,30.802498,9267
2020,"YEM",887,"JOR",400,"Asia",15.552727,48.516388,30.585164,36.238414,14370
2020,"YEM",887,"SOM",706,"Asia",15.552727,48.516388,5.152149,46.199616,6390
2020,"ZWE",716,"ZAF",710,"Africa",-19.015438,29.154857,-30.559482,22.937506,14949
2021,"AFG",4,"AUS",36,"Asia",33.93911,67.709953,-25.274398,133.775136,12318
2021,"AFG",4,"AUT",40,"Asia",33.93911,67.709953,47.516231,14.550072,48285
2021,"AFG",4,"BEL",56,"Asia",33.93911,67.709953,50.503887,4.469936,13234
2021,"AFG",4,"CHE",756,"Asia",33.93911,67.709953,46.818188,8.227512,16560
2021,"AFG",4,"DEU",276,"Asia",33.93911,67.709953,51.165691,10.451526,203373
2021,"AFG",4,"FRA",250,"Asia",33.93911,67.709953,46.227638,2.213749,59484
2021,"AFG",4,"GBR",826,"Asia",33.93911,67.709953,55.378051,-3.435973,14585
2021,"AFG",4,"GRC",300,"Asia",33.93911,67.709953,39.074208,21.824312,37685
2021,"AFG",4,"IDN",360,"Asia",33.93911,67.709953,-0.789275,113.921327,7438
2021,"AFG",4,"IND",356,"Asia",33.93911,67.709953,20.593684,78.96288,16247
2021,"AFG",4,"IRN",364,"Asia",33.93911,67.709953,32.427908,53.688046,778054
2021,"AFG",4,"ITA",380,"Asia",33.93911,67.709953,41.87194,12.56738,17936
2021,"AFG",4,"NLD",528,"Asia",33.93911,67.709953,52.132633,5.291266,7489
2021,"AFG",4,"PAK",586,"Asia",33.93911,67.709953,30.375321,69.345116,1503822
2021,"AFG",4,"SWE",752,"Asia",33.93911,67.709953,60.128161,18.643501,29386
2021,"AFG",4,"TJK",762,"Asia",33.93911,67.709953,38.861034,71.276093,13765
2021,"AFG",4,"TUR",792,"Asia",33.93911,67.709953,38.963745,35.243322,140709
2021,"AFG",4,"UZB",860,"Asia",33.93911,67.709953,41.377491,64.585262,13032
2021,"AGO",24,"BRA",76,"Africa",-11.202692,17.873887,-14.235004,-51.92528,6924
2021,"AGO",24,"FRA",250,"Africa",-11.202692,17.873887,46.227638,2.213749,7670
2021,"ALB",8,"FRA",250,"Europe",41.153332,20.168331,46.227638,2.213749,12792
2021,"ALB",8,"GBR",826,"Europe",41.153332,20.168331,55.378051,-3.435973,16256
2021,"ARM",51,"FRA",250,"Asia",40.069099,45.038189,46.227638,2.213749,7066
2021,"ARM",51,"USA",840,"Asia",40.069099,45.038189,37.09024,-95.712891,6630
2021,"AZE",31,"ARM",51,"Asia",40.143105,47.576927,40.069099,45.038189,27933
2021,"AZE",31,"DEU",276,"Asia",40.143105,47.576927,51.165691,10.451526,6346
2021,"BDI",108,"COD",180,"Africa",-3.373056,29.918886,-4.038333,21.758664,42145
2021,"BDI",108,"KEN",404,"Africa",-3.373056,29.918886,-0.023559,37.906193,19153
2021,"BDI",108,"MOZ",508,"Africa",-3.373056,29.918886,-18.665695,35.529562,9261
2021,"BDI",108,"MWI",454,"Africa",-3.373056,29.918886,-13.254308,34.301525,12239
2021,"BDI",108,"RWA",646,"Africa",-3.373056,29.918886,-1.940278,29.873888,47943
2021,"BDI",108,"TZA",834,"Africa",-3.373056,29.918886,-6.369028,34.888822,164065
2021,"BDI",108,"UGA",800,"Africa",-3.373056,29.918886,1.373333,32.290275,48000
2021,"BDI",108,"ZAF",710,"Africa",-3.373056,29.918886,-30.559482,22.937506,9363
2021,"BDI",108,"ZMB",894,"Africa",-3.373056,29.918886,-13.133897,27.849332,9087
2021,"BFA",854,"MLI",466,"Africa",12.238333,-1.561593,17.570692,-3.996166,14731
2021,"BFA",854,"USA",840,"Africa",12.238333,-1.561593,37.09024,-95.712891,5001
2021,"BGD",50,"BRA",76,"Asia",23.684994,90.356331,-14.235004,-51.92528,5738
2021,"BGD",50,"FRA",250,"Asia",23.684994,90.356331,46.227638,2.213749,13917
2021,"BGD",50,"ITA",380,"Asia",23.684994,90.356331,41.87194,12.56738,10462
2021,"BGD",50,"USA",840,"Asia",23.684994,90.356331,37.09024,-95.712891,12606
2021,"BGD",50,"ZAF",710,"Asia",23.684994,90.356331,-30.559482,22.937506,24761
2021,"BIH",70,"FRA",250,"Europe",43.915886,17.679076,46.227638,2.213749,7113
2021,"BIH",70,"SRB",688,"Europe",43.915886,17.679076,44.016521,21.005859,7996
2021,"BLR",112,"USA",840,"Europe",53.709807,27.953389,37.09024,-95.712891,5079
2021,"BRA",76,"USA",840,"Americas",-14.235004,-51.92528,37.09024,-95.712891,20461
2021,"BTN",64,"NPL",524,"Asia",27.514162,90.433601,28.394857,84.124008,6365
2021,"CAF",140,"CMR",120,"Africa",6.611111,20.939444,7.369722,12.354722,339501
2021,"CAF",140,"COD",180,"Africa",6.611111,20.939444,-4.038333,21.758664,212693
2021,"CAF",140,"COG",178,"Africa",6.611111,20.939444,-0.228021,15.827659,28915
2021,"CAF",140,"FRA",250,"Africa",6.611111,20.939444,46.227638,2.213749,5431
2021,"CAF",140,"SDN",729,"Africa",6.611111,20.939444,12.862807,30.217636,27619
2021,"CAF",140,"TCD",148,"Africa",6.611111,20.939444,15.454166,18.732207,125695
2021,"CHL",152,"MEX",484,"Americas",-35.675147,-71.542969,23.634501,-102.552784,7487
2021,"CHN",156,"AUS",36,"Asia",35.86166,104.195397,-25.274398,133.775136,17353
2021,"CHN",156,"BRA",76,"Asia",35.86166,104.195397,-14.235004,-51.92528,5347
2021,"CHN",156,"CAN",124,"Asia",35.86166,104.195397,56.130366,-106.346771,7243
2021,"CHN",156,"FRA",250,"Asia",35.86166,104.195397,46.227638,2.213749,10263
2021,"CHN",156,"IND",356,"Asia",35.86166,104.195397,20.593684,78.96288,73407
2021,"CHN",156,"USA",840,"Asia",35.86166,104.195397,37.09024,-95.712891,157659
2021,"CIV",384,"AGO",24,"Africa",7.539989,-5.54708,-11.202692,17.873887,6357
2021,"CIV",384,"FRA",250,"Africa",7.539989,-5.54708,46.227638,2.213749,14861
2021,"CIV",384,"GHA",288,"Africa",7.539989,-5.54708,7.946527,-1.023194,6956
2021,"CIV",384,"ITA",380,"Africa",7.539989,-5.54708,41.87194,12.56738,5408
2021,"CIV",384,"LBR",430,"Africa",7.539989,-5.54708,6.428055,-9.429499,17797
2021,"CMR",120,"NGA",566,"Africa",7.369722,12.354722,9.081999,8.675277,73364
2021,"CMR",120,"TCD",148,"Africa",7.369722,12.354722,15.454166,18.732207,35898
2021,"CMR",120,"USA",840,"Africa",7.369722,12.354722,37.09024,-95.712891,10566
2021,"COD",180,"AGO",24,"Africa",-4.038333,21.758664,-11.202692,17.873887,23663
2021,"COD",180,"BDI",108,"Africa",-4.038333,21.758664,-3.373056,29.918886,84716
2021,"COD",180,"CAF",140,"Africa",-4.038333,21.758664,6.611111,20.939444,5799
2021,"COD",180,"COG",178,"Africa",-4.038333,21.758664,-0.228021,15.827659,22103
2021,"COD",180,"FRA",250,"Africa",-4.038333,21.758664,46.227638,2.213749,34073
2021,"COD",180,"KEN",404,"Africa",-4.038333,21.758664,-0.023559,37.906193,48284
2021,"COD",180,"MOZ",508,"Africa",-4.038333,21.758664,-18.665695,35.529562,10693
2021,"COD",180,"MWI",454,"Africa",-4.038333,21.758664,-13.254308,34.301525,32443
2021,"COD",180,"NAM",516,"Africa",-4.038333,21.758664,-22.95764,18.49041,5671
2021,"COD",180,"RWA",646,"Africa",-4.038333,21.758664,-1.940278,29.873888,73908
2021,"COD",180,"TZA",834,"Africa",-4.038333,21.758664,-6.369028,34.888822,70393
2021,"COD",180,"UGA",800,"Africa",-4.038333,21.758664,1.373333,32.290275,456537
2021,"COD",180,"ZAF",710,"Africa",-4.038333,21.758664,-30.559482,22.937506,56735
2021,"COD",180,"ZMB",894,"Africa",-4.038333,21.758664,-13.133897,27.849332,64775
2021,"COD",180,"ZWE",716,"Africa",-4.038333,21.758664,-19.015438,29.154857,11181
2021,"COG",178,"FRA",250,"Africa",-0.228021,15.827659,46.227638,2.213749,6455
2021,"COG",178,"ZAF",710,"Africa",-0.228021,15.827659,-30.559482,22.937506,12163
2021,"COL",170,"CAN",124,"Americas",4.570868,-74.297333,56.130366,-106.346771,9541
2021,"COL",170,"ECU",218,"Americas",4.570868,-74.297333,-1.831239,-78.183406,57210
2021,"COL",170,"ESP",724,"Americas",4.570868,-74.297333,40.463667,-3.74922,22478
2021,"COL",170,"USA",840,"Americas",4.570868,-74.297333,37.09024,-95.712891,40725
2021,"COL",170,"VEN",862,"Americas",4.570868,-74.297333,6.42375,-66.58973,39684
2021,"CUB",192,"BRA",76,"Americas",21.521757,-77.781167,-14.235004,-51.92528,16061
2021,"CUB",192,"MEX",484,"Americas",21.521757,-77.781167,23.634501,-102.552784,13559
2021,"CUB",192,"URY",858,"Americas",21.521757,-77.781167,-32.522779,-55.765835,10341
2021,"CUB",192,"USA",840,"Americas",21.521757,-77.781167,37.09024,-95.712891,20729
2021,"ECU",218,"USA",840,"Americas",-1.831239,-78.183406,37.09024,-95.712891,27268
2021,"EGY",818,"USA",840,"Africa",26.820553,30.802498,37.09024,-95.712891,23699
2021,"ERI",232,"BEL",56,"Africa",15.179384,39.782334,50.503887,4.469936,5294
2021,"ERI",232,"CHE",756,"Africa",15.179384,39.782334,46.818188,8.227512,38866
2021,"ERI",232,"DEU",276,"Africa",15.179384,39.782334,51.165691,10.451526,66166
2021,"ERI",232,"DNK",208,"Africa",15.179384,39.782334,56.26392,9.501785,5952
2021,"ERI",232,"EGY",818,"Africa",15.179384,39.782334,26.820553,30.802498,20926
2021,"ERI",232,"ETH",231,"Africa",15.179384,39.782334,9.145,40.489673,158530
2021,"ERI",232,"FRA",250,"Africa",15.179384,39.782334,46.227638,2.213749,11667
2021,"ERI",232,"GBR",826,"Africa",15.179384,39.782334,55.378051,-3.435973,21242
2021,"ERI",232,"ISR",376,"Africa",15.179384,39.782334,31.046051,34.851612,11239
2021,"ERI",232,"ITA",380,"Africa",15.179384,39.782334,41.87194,12.56738,12566
2021,"ERI",232,"NLD",528,"Africa",15.179384,39.782334,52.132633,5.291266,15281
2021,"ERI",232,"NOR",578,"Africa",15.179384,39.782334,60.472024,8.468946,11543
2021,"ERI",232,"SDN",729,"Africa",15.179384,39.782334,12.862807,30.217636,126741
2021,"ERI",232,"SWE",752,"Africa",15.179384,39.782334,60.128161,18.643501,26777
2021,"ERI",232,"UGA",800,"Africa",15.179384,39.782334,1.373333,32.290275,21421
2021,"ERI",232,"USA",840,"Africa",15.179384,39.782334,37.09024,-95.712891,6344
2021,"ESH",732,"DZA",12,"Africa",24.215527,-12.885834,28.033886,1.659626,90000
2021,"ESH",732,"MRT",478,"Africa",24.215527,-12.885834,21.00789,-10.940835,26000
2021,"ETH",231,"DEU",276,"Africa",9.145,40.489673,51.165691,10.451526,9896
2021,"ETH",231,"DJI",262,"Africa",9.145,40.489673,11.825138,42.590275,13066
2021,"ETH",231,"EGY",818,"Africa",9.145,40.489673,26.820553,30.802498,15484
2021,"ETH",231,"KEN",404,"Africa",9.145,40.489673,-0.023559,37.906193,30367
2021,"ETH",231,"SDN",729,"Africa",9.145,40.489673,12.862807,30.217636,71339
2021,"ETH",231,"SOM",706,"Africa",9.145,40.489673,5.152149,46.199616,20394
2021,"ETH",231,"USA",840,"Africa",9.145,40.489673,37.09024,-95.712891,16330
2021,"ETH",231,"YEM",887,"Africa",9.145,40.489673,15.552727,48.516388,17059
2021,"ETH",231,"ZAF",710,"Africa",9.145,40.489673,-30.559482,22.937506,61407
2021,"GEO",268,"FRA",250,"Asia",42.315407,43.356892,46.227638,2.213749,8034
2021,"GHA",288,"TGO",768,"Africa",7.946527,-1.023194,8.619543,0.824782,8513
2021,"GIN",324,"AGO",24,"Africa",9.945587,-9.696645,-11.202692,17.873887,9272
2021,"GIN",324,"DEU",276,"Africa",9.945587,-9.696645,51.165691,10.451526,7214
2021,"GIN",324,"FRA",250,"Africa",9.945587,-9.696645,46.227638,2.213749,23195
2021,"GMB",270,"ITA",380,"Africa",13.443182,-15.310139,41.87194,12.56738,6747
2021,"GTM",320,"MEX",484,"Americas",15.783471,-90.230759,23.634501,-102.552784,9236
2021,"GTM",320,"USA",840,"Americas",15.783471,-90.230759,37.09024,-95.712891,175964
2021,"HND",340,"ESP",724,"Americas",15.199999,-86.241905,40.463667,-3.74922,8290
2021,"HND",340,"MEX",484,"Americas",15.199999,-86.241905,23.634501,-102.552784,76868
2021,"HND",340,"USA",840,"Americas",15.199999,-86.241905,37.09024,-95.712891,130862
2021,"HRV",191,"SRB",688,"Europe",45.1,15.2,44.016521,21.005859,17334
2021,"HTI",332,"BRA",76,"Americas",18.971187,-72.285215,-14.235004,-51.92528,38717
2021,"HTI",332,"CAN",124,"Americas",18.971187,-72.285215,56.130366,-106.346771,7352
2021,"HTI",332,"FRA",250,"Americas",18.971187,-72.285215,46.227638,2.213749,7295
2021,"HTI",332,"MEX",484,"Americas",18.971187,-72.285215,23.634501,-102.552784,55698
2021,"HTI",332,"USA",840,"Americas",18.971187,-72.285215,37.09024,-95.712891,53028
2021,"IDN",360,"PNG",598,"Asia",-0.789275,113.921327,-6.314993,143.95555,11629
2021,"IND",356,"AUS",36,"Asia",20.593684,78.96288,-25.274398,133.775136,7470
2021,"IND",356,"CAN",124,"Asia",20.593684,78.96288,56.130366,-106.346771,12360
2021,"IND",356,"USA",840,"Asia",20.593684,78.96288,37.09024,-95.712891,55917
2021,"IRN",364,"AUS",36,"Asia",32.427908,53.688046,-25.274398,133.775136,15741
2021,"IRN",364,"AUT",40,"Asia",32.427908,53.688046,47.516231,14.550072,8376
2021,"IRN",364,"CAN",124,"Asia",32.427908,53.688046,56.130366,-106.346771,8556
2021,"IRN",364,"DEU",276,"Asia",32.427908,53.688046,51.165691,10.451526,60351
2021,"IRN",364,"GBR",826,"Asia",32.427908,53.688046,55.378051,-3.435973,35188
2021,"IRN",364,"IRQ",368,"Asia",32.427908,53.688046,33.223191,43.679291,9967
2021,"IRN",364,"NLD",528,"Asia",32.427908,53.688046,52.132633,5.291266,5937
2021,"IRN",364,"SWE",752,"Asia",32.427908,53.688046,60.128161,18.643501,8150
2021,"IRN",364,"TUR",792,"Asia",32.427908,53.688046,38.963745,35.243322,22875
2021,"IRN",364,"USA",840,"Asia",32.427908,53.688046,37.09024,-95.712891,9016
2021,"IRQ",368,"AUS",36,"Asia",33.223191,43.679291,-25.274398,133.775136,5607
2021,"IRQ",368,"AUT",40,"Asia",33.223191,43.679291,47.516231,14.550072,11596
2021,"IRQ",368,"BEL",56,"Asia",33.223191,43.679291,50.503887,4.469936,6650
2021,"IRQ",368,"DEU",276,"Asia",33.223191,43.679291,51.165691,10.451526,177075
2021,"IRQ",368,"EGY",818,"Asia",33.223191,43.679291,26.820553,30.802498,6807
2021,"IRQ",368,"FIN",246,"Asia",33.223191,43.679291,61.92411,25.748151,9756
2021,"IRQ",368,"FRA",250,"Asia",33.223191,43.679291,46.227638,2.213749,14581
2021,"IRQ",368,"GBR",826,"Asia",33.223191,43.679291,55.378051,-3.435973,19331
2021,"IRQ",368,"GRC",300,"Asia",33.223191,43.679291,39.074208,21.824312,15280
2021,"IRQ",368,"IRN",364,"Asia",33.223191,43.679291,32.427908,53.688046,20264
2021,"IRQ",368,"ITA",380,"Asia",33.223191,43.679291,41.87194,12.56738,6340
2021,"IRQ",368,"JOR",400,"Asia",33.223191,43.679291,30.585164,36.238414,66363
2021,"IRQ",368,"LBN",422,"Asia",33.223191,43.679291,33.854721,35.862285,8983
2021,"IRQ",368,"NLD",528,"Asia",33.223191,43.679291,52.132633,5.291266,6797
2021,"IRQ",368,"SWE",752,"Asia",33.223191,43.679291,60.128161,18.643501,11885
2021,"IRQ",368,"SYR",760,"Asia",33.223191,43.679291,34.802075,38.996815,19800
2021,"IRQ",368,"TUR",792,"Asia",33.223191,43.679291,38.963745,35.243322,153634
2021,"IRQ",368,"USA",840,"Asia",33.223191,43.679291,37.09024,-95.712891,9849
2021,"KAZ",398,"USA",840,"Asia",48.019573,66.923684,37.09024,-95.712891,5650
2021,"KEN",404,"USA",840,"Africa",-0.023559,37.906193,37.09024,-95.712891,8427
2021,"KHM",116,"FRA",250,"Asia",12.565679,104.990963,46.227638,2.213749,11064
2021,"LAO",418,"FRA",250,"Asia",19.85627,102.495496,46.227638,2.213749,6532
2021,"LBY",434,"GBR",826,"Africa",26.3351,17.228331,55.378051,-3.435973,5324
2021,"LKA",144,"AUS",36,"Asia",7.873054,80.771797,-25.274398,133.775136,6621
2021,"LKA",144,"CHE",756,"Asia",7.873054,80.771797,46.818188,8.227512,6718
2021,"LKA",144,"FRA",250,"Asia",7.873054,80.771797,46.227638,2.213749,34406
2021,"LKA",144,"GBR",826,"Asia",7.873054,80.771797,55.378051,-3.435973,6259
2021,"LKA",144,"IND",356,"Asia",7.873054,80.771797,20.593684,78.96288,92431
2021,"MAR",504,"ESP",724,"Africa",31.791702,-7.09262,40.463667,-3.74922,7077
2021,"MEX",484,"CAN",124,"Americas",23.634501,-102.552784,56.130366,-106.346771,9821
2021,"MEX",484,"USA",840,"Americas",23.634501,-102.552784,37.09024,-95.712891,123919
2021,"MLI",466,"BFA",854,"Africa",17.570692,-3.996166,12.238333,-1.561593,33769
2021,"MLI",466,"ESP",724,"Africa",17.570692,-3.996166,40.463667,-3.74922,7497
2021,"MLI",466,"FRA",250,"Africa",17.570692,-3.996166,46.227638,2.213749,9442
2021,"MLI",466,"ITA",380,"Africa",17.570692,-3.996166,41.87194,12.56738,12510
2021,"MLI",466,"MRT",478,"Africa",17.570692,-3.996166,21.00789,-10.940835,75912
2021,"MLI",466,"NER",562,"Africa",17.570692,-3.996166,17.607789,8.081666,61585
2021,"MMR",104,"BGD",50,"Asia",21.913965,95.956223,23.684994,90.356331,918898
2021,"MMR",104,"IND",356,"Asia",21.913965,95.956223,20.593684,78.96288,39617
2021,"MMR",104,"MYS",458,"Asia",21.913965,95.956223,4.210484,101.975766,155405
2021,"MMR",104,"THA",764,"Asia",21.913965,95.956223,15.870032,100.992541,96086
2021,"MOZ",508,"ZWE",716,"Africa",-18.665695,35.529562,-19.015438,29.154857,8240
2021,"MRT",478,"AGO",24,"Africa",21.00789,-10.940835,-11.202692,17.873887,5725
2021,"MRT",478,"FRA",250,"Africa",21.00789,-10.940835,46.227638,2.213749,8983
2021,"MRT",478,"MLI",466,"Africa",21.00789,-10.940835,17.570692,-3.996166,14965
2021,"MRT",478,"SEN",686,"Africa",21.00789,-10.940835,14.497401,-14.452362,14225
2021,"MYS",458,"AUS",36,"Asia",4.210484,101.975766,-25.274398,133.775136,19752
2021,"NER",562,"MLI",466,"Africa",17.607789,8.081666,17.570692,-3.996166,18255
2021,"NGA",566,"CAN",124,"Africa",9.081999,8.675277,56.130366,-106.346771,14019
2021,"NGA",566,"CMR",120,"Africa",9.081999,8.675277,7.369722,12.354722,120959
2021,"NGA",566,"DEU",276,"Africa",9.081999,8.675277,51.165691,10.451526,21415
2021,"NGA",566,"FRA",250,"Africa",9.081999,8.675277,46.227638,2.213749,9501
2021,"NGA",566,"GBR",826,"Africa",9.081999,8.675277,55.378051,-3.435973,6102
2021,"NGA",566,"ITA",380,"Africa",9.081999,8.675277,41.87194,12.56738,24540
2021,"NGA",566,"NER",562,"Africa",9.081999,8.675277,17.607789,8.081666,198166
2021,"NGA",566,"TCD",148,"Africa",9.081999,8.675277,15.454166,18.732207,19658
2021,"NGA",566,"USA",840,"Africa",9.081999,8.675277,37.09024,-95.712891,28852
2021,"NGA",566,"ZAF",710,"Africa",9.081999,8.675277,-30.559482,22.937506,5218
2021,"NIC",558,"CRI",188,"Americas",12.865416,-85.207229,9.748917,-83.753428,141301
2021,"NIC",558,"ESP",724,"Americas",12.865416,-85.207229,40.463667,-3.74922,6602
2021,"NIC",558,"MEX",484,"Americas",12.865416,-85.207229,23.634501,-102.552784,5510
2021,"NIC",558,"PAN",591,"Americas",12.865416,-85.207229,8.537981,-80.782127,5409
2021,"NIC",558,"USA",840,"Americas",12.865416,-85.207229,37.09024,-95.712891,13845
2021,"NPL",524,"USA",840,"Asia",28.394857,84.124008,37.09024,-95.712891,13973
2021,"PAK",586,"AFG",4,"Asia",30.375321,69.345116,33.93911,67.709953,67126
2021,"PAK",586,"AUS",36,"Asia",30.375321,69.345116,-25.274398,133.775136,7677
2021,"PAK",586,"CAN",124,"Asia",30.375321,69.345116,56.130366,-106.346771,8660
2021,"PAK",586,"DEU",276,"Asia",30.375321,69.345116,51.165691,10.451526,13245
2021,"PAK",586,"GBR",826,"Asia",30.375321,69.345116,55.378051,-3.435973,12665
2021,"PAK",586,"GRC",300,"Asia",30.375321,69.345116,39.074208,21.824312,5069
2021,"PAK",586,"ITA",380,"Asia",30.375321,69.345116,41.87194,12.56738,25832
2021,"PAK",586,"MYS",458,"Asia",30.375321,69.345116,4.210484,101.975766,6748
2021,"PAK",586,"USA",840,"Asia",30.375321,69.345116,37.09024,-95.712891,13285
2021,"PAK",586,"ZAF",710,"Asia",30.375321,69.345116,-30.559482,22.937506,8570
2021,"PSE",275,"BEL",56,"Asia",31.952162,35.233154,50.503887,4.469936,5139
2021,"PSE",275,"EGY",818,"Asia",31.952162,35.233154,26.820553,30.802498,70021
2021,"PSE",275,"GRC",300,"Asia",31.952162,35.233154,39.074208,21.824312,5893
2021,"PSE",275,"IRQ",368,"Asia",31.952162,35.233154,33.223191,43.679291,8027
2021,"RUS",643,"AUT",40,"Europe",61.52401,105.318756,47.516231,14.550072,7228
2021,"RUS",643,"DEU",276,"Europe",61.52401,105.318756,51.165691,10.451526,19946
2021,"RUS",643,"FRA",250,"Europe",61.52401,105.318756,46.227638,2.213749,34199
2021,"RUS",643,"USA",840,"Europe",61.52401,105.318756,37.09024,-95.712891,28591
2021,"RWA",646,"COD",180,"Africa",-1.940278,29.873888,-4.038333,21.758664,211052
2021,"RWA",646,"MWI",454,"Africa",-1.940278,29.873888,-13.254308,34.301525,7430
2021,"RWA",646,"UGA",800,"Africa",-1.940278,29.873888,1.373333,32.290275,25772
2021,"SDN",729,"EGY",818,"Africa",12.862807,30.217636,26.820553,30.802498,52003
2021,"SDN",729,"ETH",231,"Africa",12.862807,30.217636,9.145,40.489673,46433
2021,"SDN",729,"FRA",250,"Africa",12.862807,30.217636,46.227638,2.213749,24957
2021,"SDN",729,"GBR",826,"Africa",12.862807,30.217636,55.378051,-3.435973,14882
2021,"SDN",729,"JOR",400,"Africa",12.862807,30.217636,30.585164,36.238414,5893
2021,"SDN",729,"KEN",404,"Africa",12.862807,30.217636,-0.023559,37.906193,9979
2021,"SDN",729,"LBY",434,"Africa",12.862807,30.217636,26.3351,17.228331,17043
2021,"SDN",729,"TCD",148,"Africa",12.862807,30.217636,15.454166,18.732207,377866
2021,"SEN",686,"BRA",76,"Africa",14.497401,-14.452362,-14.235004,-51.92528,6404
2021,"SEN",686,"ITA",380,"Africa",14.497401,-14.452362,41.87194,12.56738,5208
2021,"SLV",222,"MEX",484,"Americas",13.794185,-88.89653,23.634501,-102.552784,23708
2021,"SLV",222,"USA",840,"Americas",13.794185,-88.89653,37.09024,-95.712891,160240
2021,"SOM",706,"AUT",40,"Africa",5.152149,46.199616,47.516231,14.550072,9932
2021,"SOM",706,"DEU",276,"Africa",5.152149,46.199616,51.165691,10.451526,36196
2021,"SOM",706,"DJI",262,"Africa",5.152149,46.199616,11.825138,42.590275,14319
2021,"SOM",706,"EGY",818,"Africa",5.152149,46.199616,26.820553,30.802498,6765
2021,"SOM",706,"ETH",231,"Africa",5.152149,46.199616,9.145,40.489673,223062
2021,"SOM",706,"FRA",250,"Africa",5.152149,46.199616,46.227638,2.213749,13257
2021,"SOM",706,"GRC",300,"Africa",5.152149,46.199616,39.074208,21.824312,5423
2021,"SOM",706,"ITA",380,"Africa",5.152149,46.199616,41.87194,12.56738,9124
2021,"SOM",706,"KEN",404,"Africa",5.152149,46.199616,-0.023559,37.906193,288655
2021,"SOM",706,"NLD",528,"Africa",5.152149,46.199616,52.132633,5.291266,8110
2021,"SOM",706,"SWE",752,"Africa",5.152149,46.199616,60.128161,18.643501,10858
2021,"SOM",706,"UGA",800,"Africa",5.152149,46.199616,1.373333,32.290275,53992
2021,"SOM",706,"YEM",887,"Africa",5.152149,46.199616,15.552727,48.516388,75405
2021,"SOM",706,"ZAF",710,"Africa",5.152149,46.199616,-30.559482,22.937506,27080
2021,"SRB",688,"DEU",276,"Europe",44.016521,21.005859,51.165691,10.451526,8569
2021,"SRB",688,"FRA",250,"Europe",44.016521,21.005859,46.227638,2.213749,19162
2021,"SYR",760,"ARE",784,"Asia",34.802075,38.996815,23.424076,53.847818,6965
2021,"SYR",760,"ARM",51,"Asia",34.802075,38.996815,40.069099,45.038189,5343
2021,"SYR",760,"AUT",40,"Asia",34.802075,38.996815,47.516231,14.550072,72966
2021,"SYR",760,"BEL",56,"Asia",34.802075,38.996815,50.503887,4.469936,21168
2021,"SYR",760,"BGR",100,"Asia",34.802075,38.996815,42.733883,25.48583,22435
2021,"SYR",760,"BRA",76,"Asia",34.802075,38.996815,-14.235004,-51.92528,7889
2021,"SYR",760,"CHE",756,"Asia",34.802075,38.996815,46.818188,8.227512,20401
2021,"SYR",760,"CYP",196,"Asia",34.802075,38.996815,35.126413,33.429859,16280
2021,"SYR",760,"DEU",276,"Asia",34.802075,38.996815,51.165691,10.451526,675490
2021,"SYR",760,"DNK",208,"Asia",34.802075,38.996815,56.26392,9.501785,19928
2021,"SYR",760,"DZA",12,"Asia",34.802075,38.996815,28.033886,1.659626,6659
2021,"SYR",760,"EGY",818,"Asia",34.802075,38.996815,26.820553,30.802498,136727
2021,"SYR",760,"ESP",724,"Asia",34.802075,38.996815,40.463667,-3.74922,16592
2021,"SYR",760,"FRA",250,"Asia",34.802075,38.996815,46.227638,2.213749,38744
2021,"SYR",760,"GBR",826,"Asia",34.802075,38.996815,55.378051,-3.435973,16775
2021,"SYR",760,"GRC",300,"Asia",34.802075,38.996815,39.074208,21.824312,43305
2021,"SYR",760,"IRQ",368,"Asia",34.802075,38.996815,33.223191,43.679291,254561
2021,"SYR",760,"JOR",400,"Asia",34.802075,38.996815,30.585164,36.238414,672952
2021,"SYR",760,"LBN",422,"Asia",34.802075,38.996815,33.854721,35.862285,840929
2021,"SYR",760,"LBY",434,"Asia",34.802075,38.996815,26.3351,17.228331,13124
2021,"SYR",760,"MAR",504,"Asia",34.802075,38.996815,31.791702,-7.09262,5082
2021,"SYR",760,"NLD",528,"Asia",34.802075,38.996815,52.132633,5.291266,45750
2021,"SYR",760,"NOR",578,"Asia",34.802075,38.996815,60.472024,8.468946,16180
2021,"SYR",760,"SAU",682,"Asia",34.802075,38.996815,23.885942,45.079162,10070
2021,"SYR",760,"SDN",729,"Asia",34.802075,38.996815,12.862807,30.217636,93482
2021,"SYR",760,"SWE",752,"Asia",34.802075,38.996815,60.128161,18.643501,116743
2021,"SYR",760,"TUR",792,"Asia",34.802075,38.996815,38.963745,35.243322,3737369
2021,"SYR",760,"USA",840,"Asia",34.802075,38.996815,37.09024,-95.712891,12299
2021,"TUR",792,"CAN",124,"Asia",38.963745,35.243322,56.130366,-106.346771,8013
2021,"TUR",792,"CHE",756,"Asia",38.963745,35.243322,46.818188,8.227512,8352
2021,"TUR",792,"DEU",276,"Asia",38.963745,35.243322,51.165691,10.451526,50784
2021,"TUR",792,"FRA",250,"Asia",38.963745,35.243322,46.227638,2.213749,21264
2021,"TUR",792,"IRQ",368,"Asia",38.963745,35.243322,33.223191,43.679291,17476
2021,"TUR",792,"NLD",528,"Asia",38.963745,35.243322,52.132633,5.291266,6228
2021,"TUR",792,"USA",840,"Asia",38.963745,35.243322,37.09024,-95.712891,10961
2021,"UGA",800,"USA",840,"Africa",1.373333,32.290275,37.09024,-95.712891,5419
2021,"UKR",804,"RUS",643,"Europe",48.379433,31.16558,61.52401,105.318756,9047
2021,"UKR",804,"USA",840,"Europe",48.379433,31.16558,37.09024,-95.712891,14012
2021,"VEN",862,"ARG",32,"Americas",6.42375,-66.58973,-38.416097,-63.616672,5895
2021,"VEN",862,"BRA",76,"Americas",6.42375,-66.58973,-14.235004,-51.92528,134669
2021,"VEN",862,"COL",170,"Americas",6.42375,-66.58973,4.570868,-74.297333,30082
2021,"VEN",862,"CRI",188,"Americas",6.42375,-66.58973,9.748917,-83.753428,8780
2021,"VEN",862,"ECU",218,"Americas",6.42375,-66.58973,-1.831239,-78.183406,5053
2021,"VEN",862,"ESP",724,"Americas",6.42375,-66.58973,40.463667,-3.74922,107697
2021,"VEN",862,"MEX",484,"Americas",6.42375,-66.58973,23.634501,-102.552784,25797
2021,"VEN",862,"PER",604,"Americas",6.42375,-66.58973,-9.189967,-75.015152,535920
2021,"VEN",862,"TTO",780,"Americas",6.42375,-66.58973,10.691803,-61.222503,21543
2021,"VEN",862,"USA",840,"Americas",6.42375,-66.58973,37.09024,-95.712891,265480
2021,"VNM",704,"CHN",156,"Asia",14.058324,108.277199,35.86166,104.195397,303107
2021,"VNM",704,"FRA",250,"Asia",14.058324,108.277199,46.227638,2.213749,8018
2021,"VNM",704,"GBR",826,"Asia",14.058324,108.277199,55.378051,-3.435973,6676
2021,"YEM",887,"DJI",262,"Asia",15.552727,48.516388,11.825138,42.590275,6232
2021,"YEM",887,"EGY",818,"Asia",15.552727,48.516388,26.820553,30.802498,9891
2021,"YEM",887,"JOR",400,"Asia",15.552727,48.516388,30.585164,36.238414,12777
2021,"YEM",887,"SOM",706,"Asia",15.552727,48.516388,5.152149,46.199616,8341
2021,"ZWE",716,"ZAF",710,"Africa",-19.015438,29.154857,-30.559482,22.937506,14433
2022,"AFG",4,"AUS",36,"Asia",33.93911,67.709953,-25.274398,133.775136,11290
2022,"AFG",4,"AUT",40,"Asia",33.93911,67.709953,47.516231,14.550072,52701
2022,"AFG",4,"BEL",56,"Asia",33.93911,67.709953,50.503887,4.469936,15938
2022,"AFG",4,"CHE",756,"Asia",33.93911,67.709953,46.818188,8.227512,20600
2022,"AFG",4,"DEU",276,"Asia",33.93911,67.709953,51.165691,10.451526,215677
2022,"AFG",4,"FRA",250,"Asia",33.93911,67.709953,46.227638,2.213749,74636
2022,"AFG",4,"GBR",826,"Asia",33.93911,67.709953,55.378051,-3.435973,24321
2022,"AFG",4,"GRC",300,"Asia",33.93911,67.709953,39.074208,21.824312,38246
2022,"AFG",4,"IDN",360,"Asia",33.93911,67.709953,-0.789275,113.921327,6991
2022,"AFG",4,"IND",356,"Asia",33.93911,67.709953,20.593684,78.96288,15039
2022,"AFG",4,"IRN",364,"Asia",33.93911,67.709953,32.427908,53.688046,3413249
2022,"AFG",4,"ITA",380,"Asia",33.93911,67.709953,41.87194,12.56738,20285
2022,"AFG",4,"NLD",528,"Asia",33.93911,67.709953,52.132633,5.291266,9398
2022,"AFG",4,"PAK",586,"Asia",33.93911,67.709953,30.375321,69.345116,1781386
2022,"AFG",4,"SWE",752,"Asia",33.93911,67.709953,60.128161,18.643501,28249
2022,"AFG",4,"TJK",762,"Asia",33.93911,67.709953,38.861034,71.276093,9714
2022,"AFG",4,"TUR",792,"Asia",33.93911,67.709953,38.963745,35.243322,139394
2022,"AFG",4,"USA",840,"Asia",33.93911,67.709953,37.09024,-95.712891,21764
2022,"AFG",4,"UZB",860,"Asia",33.93911,67.709953,41.377491,64.585262,13026
2022,"AGO",24,"BRA",76,"Africa",-11.202692,17.873887,-14.235004,-51.92528,9162
2022,"AGO",24,"FRA",250,"Africa",-11.202692,17.873887,46.227638,2.213749,7439
2022,"ALB",8,"FRA",250,"Europe",41.153332,20.168331,46.227638,2.213749,13371
2022,"ALB",8,"GBR",826,"Europe",41.153332,20.168331,55.378051,-3.435973,29444
2022,"ARM",51,"DEU",276,"Asia",40.069099,45.038189,51.165691,10.451526,6282
2022,"ARM",51,"FRA",250,"Asia",40.069099,45.038189,46.227638,2.213749,7592
2022,"ARM",51,"USA",840,"Asia",40.069099,45.038189,37.09024,-95.712891,10021
2022,"AZE",31,"ARM",51,"Asia",40.143105,47.576927,40.069099,45.038189,27938
2022,"AZE",31,"DEU",276,"Asia",40.143105,47.576927,51.165691,10.451526,7596
2022,"AZE",31,"FRA",250,"Asia",40.143105,47.576927,46.227638,2.213749,5092
2022,"BDI",108,"COD",180,"Africa",-3.373056,29.918886,-4.038333,21.758664,45119
2022,"BDI",108,"KEN",404,"Africa",-3.373056,29.918886,-0.023559,37.906193,24591
2022,"BDI",108,"MOZ",508,"Africa",-3.373056,29.918886,-18.665695,35.529562,9915
2022,"BDI",108,"MWI",454,"Africa",-3.373056,29.918886,-13.254308,34.301525,13205
2022,"BDI",108,"RWA",646,"Africa",-3.373056,29.918886,-1.940278,29.873888,48420
2022,"BDI",108,"TZA",834,"Africa",-3.373056,29.918886,-6.369028,34.888822,164283
2022,"BDI",108,"UGA",800,"Africa",-3.373056,29.918886,1.373333,32.290275,40633
2022,"BDI",108,"ZAF",710,"Africa",-3.373056,29.918886,-30.559482,22.937506,6570
2022,"BDI",108,"ZMB",894,"Africa",-3.373056,29.918886,-13.133897,27.849332,7773
2022,"BFA",854,"MLI",466,"Africa",12.238333,-1.561593,17.570692,-3.996166,25800
2022,"BFA",854,"NER",562,"Africa",12.238333,-1.561593,17.607789,8.081666,24981
2022,"BGD",50,"FRA",250,"Asia",23.684994,90.356331,46.227638,2.213749,15680
2022,"BGD",50,"GBR",826,"Asia",23.684994,90.356331,55.378051,-3.435973,8347
2022,"BGD",50,"ITA",380,"Asia",23.684994,90.356331,41.87194,12.56738,18421
2022,"BGD",50,"USA",840,"Asia",23.684994,90.356331,37.09024,-95.712891,15039
2022,"BGD",50,"ZAF",710,"Asia",23.684994,90.356331,-30.559482,22.937506,9872
2022,"BIH",70,"FRA",250,"Europe",43.915886,17.679076,46.227638,2.213749,7041
2022,"BIH",70,"SRB",688,"Europe",43.915886,17.679076,44.016521,21.005859,7879
2022,"BLR",112,"POL",616,"Europe",53.709807,27.953389,51.919438,19.145136,6219
2022,"BLR",112,"USA",840,"Europe",53.709807,27.953389,37.09024,-95.712891,6119
2022,"BRA",76,"MEX",484,"Americas",-14.235004,-51.92528,23.634501,-102.552784,5724
2022,"BRA",76,"USA",840,"Americas",-14.235004,-51.92528,37.09024,-95.712891,41017
2022,"BTN",64,"NPL",524,"Asia",27.514162,90.433601,28.394857,84.124008,6365
2022,"CAF",140,"CMR",120,"Africa",6.611111,20.939444,7.369722,12.354722,352733
2022,"CAF",140,"COD",180,"Africa",6.611111,20.939444,-4.038333,21.758664,211180
2022,"CAF",140,"COG",178,"Africa",6.611111,20.939444,-0.228021,15.827659,29640
2022,"CAF",140,"FRA",250,"Africa",6.611111,20.939444,46.227638,2.213749,5946
2022,"CAF",140,"SDN",729,"Africa",6.611111,20.939444,12.862807,30.217636,24370
2022,"CAF",140,"TCD",148,"Africa",6.611111,20.939444,15.454166,18.732207,126908
2022,"CHL",152,"MEX",484,"Americas",-35.675147,-71.542969,23.634501,-102.552784,7060
2022,"CHN",156,"AUS",36,"Asia",35.86166,104.195397,-25.274398,133.775136,16444
2022,"CHN",156,"FRA",250,"Asia",35.86166,104.195397,46.227638,2.213749,11430
2022,"CHN",156,"IND",356,"Asia",35.86166,104.195397,20.593684,78.96288,72294
2022,"CHN",156,"USA",840,"Asia",35.86166,104.195397,37.09024,-95.712891,152620
2022,"CIV",384,"AGO",24,"Africa",7.539989,-5.54708,-11.202692,17.873887,6357
2022,"CIV",384,"FRA",250,"Africa",7.539989,-5.54708,46.227638,2.213749,16772
2022,"CIV",384,"ITA",380,"Africa",7.539989,-5.54708,41.87194,12.56738,5865
2022,"CMR",120,"NGA",566,"Africa",7.369722,12.354722,9.081999,8.675277,87010
2022,"CMR",120,"TCD",148,"Africa",7.369722,12.354722,15.454166,18.732207,42643
2022,"CMR",120,"USA",840,"Africa",7.369722,12.354722,37.09024,-95.712891,11099
2022,"COD",180,"AGO",24,"Africa",-4.038333,21.758664,-11.202692,17.873887,23141
2022,"COD",180,"BDI",108,"Africa",-4.038333,21.758664,-3.373056,29.918886,87507
2022,"COD",180,"CAF",140,"Africa",-4.038333,21.758664,6.611111,20.939444,6619
2022,"COD",180,"COG",178,"Africa",-4.038333,21.758664,-0.228021,15.827659,26825
2022,"COD",180,"FRA",250,"Africa",-4.038333,21.758664,46.227638,2.213749,36300
2022,"COD",180,"KEN",404,"Africa",-4.038333,21.758664,-0.023559,37.906193,53980
2022,"COD",180,"MOZ",508,"Africa",-4.038333,21.758664,-18.665695,35.529562,11662
2022,"COD",180,"MWI",454,"Africa",-4.038333,21.758664,-13.254308,34.301525,35006
2022,"COD",180,"NAM",516,"Africa",-4.038333,21.758664,-22.95764,18.49041,6283
2022,"COD",180,"RWA",646,"Africa",-4.038333,21.758664,-1.940278,29.873888,72120
2022,"COD",180,"TZA",834,"Africa",-4.038333,21.758664,-6.369028,34.888822,70224
2022,"COD",180,"UGA",800,"Africa",-4.038333,21.758664,1.373333,32.290275,479364
2022,"COD",180,"USA",840,"Africa",-4.038333,21.758664,37.09024,-95.712891,5830
2022,"COD",180,"ZAF",710,"Africa",-4.038333,21.758664,-30.559482,22.937506,42167
2022,"COD",180,"ZMB",894,"Africa",-4.038333,21.758664,-13.133897,27.849332,52062
2022,"COD",180,"ZWE",716,"Africa",-4.038333,21.758664,-19.015438,29.154857,11775
2022,"COG",178,"FRA",250,"Africa",-0.228021,15.827659,46.227638,2.213749,6663
2022,"COG",178,"ZAF",710,"Africa",-0.228021,15.827659,-30.559482,22.937506,8661
2022,"COL",170,"CAN",124,"Americas",4.570868,-74.297333,56.130366,-106.346771,13297
2022,"COL",170,"ECU",218,"Americas",4.570868,-74.297333,-1.831239,-78.183406,61124
2022,"COL",170,"ESP",724,"Americas",4.570868,-74.297333,40.463667,-3.74922,43130
2022,"COL",170,"USA",840,"Americas",4.570868,-74.297333,37.09024,-95.712891,71803
2022,"COL",170,"VEN",862,"Americas",4.570868,-74.297333,6.42375,-66.58973,30226
2022,"CUB",192,"BRA",76,"Americas",21.521757,-77.781167,-14.235004,-51.92528,19778
2022,"CUB",192,"MEX",484,"Americas",21.521757,-77.781167,23.634501,-102.552784,27089
2022,"CUB",192,"URY",858,"Americas",21.521757,-77.781167,-32.522779,-55.765835,12140
2022,"CUB",192,"USA",840,"Americas",21.521757,-77.781167,37.09024,-95.712891,171716
2022,"ECU",218,"USA",840,"Americas",-1.831239,-78.183406,37.09024,-95.712891,39900
2022,"EGY",818,"ITA",380,"Africa",26.820553,30.802498,41.87194,12.56738,8201
2022,"EGY",818,"USA",840,"Africa",26.820553,30.802498,37.09024,-95.712891,22981
2022,"ERI",232,"BEL",56,"Africa",15.179384,39.782334,50.503887,4.469936,6421
2022,"ERI",232,"CHE",756,"Africa",15.179384,39.782334,46.818188,8.227512,38799
2022,"ERI",232,"DEU",276,"Africa",15.179384,39.782334,51.165691,10.451526,47684
2022,"ERI",232,"DNK",208,"Africa",15.179384,39.782334,56.26392,9.501785,6120
2022,"ERI",232,"EGY",818,"Africa",15.179384,39.782334,26.820553,30.802498,22407
2022,"ERI",232,"ETH",231,"Africa",15.179384,39.782334,9.145,40.489673,163066
2022,"ERI",232,"FRA",250,"Africa",15.179384,39.782334,46.227638,2.213749,12466
2022,"ERI",232,"GBR",826,"Africa",15.179384,39.782334,55.378051,-3.435973,23735
2022,"ERI",232,"ISR",376,"Africa",15.179384,39.782334,31.046051,34.851612,9469
2022,"ERI",232,"ITA",380,"Africa",15.179384,39.782334,41.87194,12.56738,8372
2022,"ERI",232,"LBY",434,"Africa",15.179384,39.782334,26.3351,17.228331,5773
2022,"ERI",232,"NLD",528,"Africa",15.179384,39.782334,52.132633,5.291266,20518
2022,"ERI",232,"NOR",578,"Africa",15.179384,39.782334,60.472024,8.468946,10518
2022,"ERI",232,"SDN",729,"Africa",15.179384,39.782334,12.862807,30.217636,134714
2022,"ERI",232,"SWE",752,"Africa",15.179384,39.782334,60.128161,18.643501,25621
2022,"ERI",232,"UGA",800,"Africa",15.179384,39.782334,1.373333,32.290275,26683
2022,"ERI",232,"USA",840,"Africa",15.179384,39.782334,37.09024,-95.712891,6450
2022,"ESH",732,"DZA",12,"Africa",24.215527,-12.885834,28.033886,1.659626,90000
2022,"ETH",231,"DEU",276,"Africa",9.145,40.489673,51.165691,10.451526,7935
2022,"ETH",231,"DJI",262,"Africa",9.145,40.489673,11.825138,42.590275,12307
2022,"ETH",231,"EGY",818,"Africa",9.145,40.489673,26.820553,30.802498,15824
2022,"ETH",231,"KEN",404,"Africa",9.145,40.489673,-0.023559,37.906193,32737
2022,"ETH",231,"SDN",729,"Africa",9.145,40.489673,12.862807,30.217636,70977
2022,"ETH",231,"SOM",706,"Africa",9.145,40.489673,5.152149,46.199616,23193
2022,"ETH",231,"UGA",800,"Africa",9.145,40.489673,1.373333,32.290275,5330
2022,"ETH",231,"USA",840,"Africa",9.145,40.489673,37.09024,-95.712891,17625
2022,"ETH",231,"YEM",887,"Africa",9.145,40.489673,15.552727,48.516388,17923
2022,"ETH",231,"ZAF",710,"Africa",9.145,40.489673,-30.559482,22.937506,35816
2022,"GEO",268,"DEU",276,"Asia",42.315407,43.356892,51.165691,10.451526,10906
2022,"GEO",268,"FRA",250,"Asia",42.315407,43.356892,46.227638,2.213749,10143
2022,"GEO",268,"USA",840,"Asia",42.315407,43.356892,37.09024,-95.712891,5411
2022,"GHA",288,"TGO",768,"Africa",7.946527,-1.023194,8.619543,0.824782,8513
2022,"GIN",324,"AGO",24,"Africa",9.945587,-9.696645,-11.202692,17.873887,9272
2022,"GIN",324,"DEU",276,"Africa",9.945587,-9.696645,51.165691,10.451526,5723
2022,"GIN",324,"FRA",250,"Africa",9.945587,-9.696645,46.227638,2.213749,25029
2022,"GMB",270,"ITA",380,"Africa",13.443182,-15.310139,41.87194,12.56738,6901
2022,"GTM",320,"MEX",484,"Americas",15.783471,-90.230759,23.634501,-102.552784,12311
2022,"GTM",320,"USA",840,"Americas",15.783471,-90.230759,37.09024,-95.712891,182665
2022,"HND",340,"ESP",724,"Americas",15.199999,-86.241905,40.463667,-3.74922,8089
2022,"HND",340,"MEX",484,"Americas",15.199999,-86.241905,23.634501,-102.552784,97700
2022,"HND",340,"USA",840,"Americas",15.199999,-86.241905,37.09024,-95.712891,148099
2022,"HRV",191,"SRB",688,"Europe",45.1,15.2,44.016521,21.005859,17169
2022,"HTI",332,"BRA",76,"Americas",18.971187,-72.285215,-14.235004,-51.92528,34582
2022,"HTI",332,"CAN",124,"Americas",18.971187,-72.285215,56.130366,-106.346771,14798
2022,"HTI",332,"FRA",250,"Americas",18.971187,-72.285215,46.227638,2.213749,8045
2022,"HTI",332,"MEX",484,"Americas",18.971187,-72.285215,23.634501,-102.552784,58338
2022,"HTI",332,"USA",840,"Americas",18.971187,-72.285215,37.09024,-95.712891,88835
2022,"IDN",360,"PNG",598,"Asia",-0.789275,113.921327,-6.314993,143.95555,13725
2022,"IND",356,"AUS",36,"Asia",20.593684,78.96288,-25.274398,133.775136,8600
2022,"IND",356,"AUT",40,"Asia",20.593684,78.96288,47.516231,14.550072,7684
2022,"IND",356,"CAN",124,"Asia",20.593684,78.96288,56.130366,-106.346771,13878
2022,"IND",356,"GBR",826,"Asia",20.593684,78.96288,55.378051,-3.435973,5157
2022,"IND",356,"USA",840,"Asia",20.593684,78.96288,37.09024,-95.712891,72884
2022,"IRN",364,"AUS",36,"Asia",32.427908,53.688046,-25.274398,133.775136,16332
2022,"IRN",364,"AUT",40,"Asia",32.427908,53.688046,47.516231,14.550072,8505
2022,"IRN",364,"CAN",124,"Asia",32.427908,53.688046,56.130366,-106.346771,9790
2022,"IRN",364,"DEU",276,"Asia",32.427908,53.688046,51.165691,10.451526,38965
2022,"IRN",364,"GBR",826,"Asia",32.427908,53.688046,55.378051,-3.435973,41300
2022,"IRN",364,"IRQ",368,"Asia",32.427908,53.688046,33.223191,43.679291,8460
2022,"IRN",364,"NLD",528,"Asia",32.427908,53.688046,52.132633,5.291266,6358
2022,"IRN",364,"SWE",752,"Asia",32.427908,53.688046,60.128161,18.643501,7523
2022,"IRN",364,"TUR",792,"Asia",32.427908,53.688046,38.963745,35.243322,18198
2022,"IRN",364,"USA",840,"Asia",32.427908,53.688046,37.09024,-95.712891,8833
2022,"IRQ",368,"AUS",36,"Asia",33.223191,43.679291,-25.274398,133.775136,5436
2022,"IRQ",368,"AUT",40,"Asia",33.223191,43.679291,47.516231,14.550072,11435
2022,"IRQ",368,"DEU",276,"Asia",33.223191,43.679291,51.165691,10.451526,133267
2022,"IRQ",368,"EGY",818,"Asia",33.223191,43.679291,26.820553,30.802498,5675
2022,"IRQ",368,"FIN",246,"Asia",33.223191,43.679291,61.92411,25.748151,10439
2022,"IRQ",368,"FRA",250,"Asia",33.223191,43.679291,46.227638,2.213749,14295
2022,"IRQ",368,"GBR",826,"Asia",33.223191,43.679291,55.378051,-3.435973,24159
2022,"IRQ",368,"GRC",300,"Asia",33.223191,43.679291,39.074208,21.824312,16609
2022,"IRQ",368,"IRN",364,"Asia",33.223191,43.679291,32.427908,53.688046,11817
2022,"IRQ",368,"ITA",380,"Asia",33.223191,43.679291,41.87194,12.56738,6826
2022,"IRQ",368,"JOR",400,"Asia",33.223191,43.679291,30.585164,36.238414,62132
2022,"IRQ",368,"LBN",422,"Asia",33.223191,43.679291,33.854721,35.862285,6664
2022,"IRQ",368,"NLD",528,"Asia",33.223191,43.679291,52.132633,5.291266,5078
2022,"IRQ",368,"SWE",752,"Asia",33.223191,43.679291,60.128161,18.643501,11753
2022,"IRQ",368,"SYR",760,"Asia",33.223191,43.679291,34.802075,38.996815,15228
2022,"IRQ",368,"TUR",792,"Asia",33.223191,43.679291,38.963745,35.243322,134484
2022,"IRQ",368,"USA",840,"Asia",33.223191,43.679291,37.09024,-95.712891,9433
2022,"KAZ",398,"USA",840,"Asia",48.019573,66.923684,37.09024,-95.712891,6167
2022,"KEN",404,"USA",840,"Africa",-0.023559,37.906193,37.09024,-95.712891,9030
2022,"KGZ",417,"USA",840,"Asia",41.20438,74.766098,37.09024,-95.712891,5103
2022,"KHM",116,"FRA",250,"Asia",12.565679,104.990963,46.227638,2.213749,10824
2022,"LAO",418,"FRA",250,"Asia",19.85627,102.495496,46.227638,2.213749,6356
2022,"LBY",434,"GBR",826,"Africa",26.3351,17.228331,55.378051,-3.435973,5817
2022,"LKA",144,"AUS",36,"Asia",7.873054,80.771797,-25.274398,133.775136,7310
2022,"LKA",144,"CHE",756,"Asia",7.873054,80.771797,46.818188,8.227512,6444
2022,"LKA",144,"FRA",250,"Asia",7.873054,80.771797,46.227638,2.213749,35153
2022,"LKA",144,"GBR",826,"Asia",7.873054,80.771797,55.378051,-3.435973,6381
2022,"LKA",144,"IND",356,"Asia",7.873054,80.771797,20.593684,78.96288,92072
2022,"MAR",504,"ESP",724,"Africa",31.791702,-7.09262,40.463667,-3.74922,6921
2022,"MEX",484,"CAN",124,"Americas",23.634501,-102.552784,56.130366,-106.346771,23916
2022,"MEX",484,"USA",840,"Americas",23.634501,-102.552784,37.09024,-95.712891,119282
2022,"MLI",466,"BFA",854,"Africa",17.570692,-3.996166,12.238333,-1.561593,34529
2022,"MLI",466,"ESP",724,"Africa",17.570692,-3.996166,40.463667,-3.74922,7807
2022,"MLI",466,"FRA",250,"Africa",17.570692,-3.996166,46.227638,2.213749,9526
2022,"MLI",466,"ITA",380,"Africa",17.570692,-3.996166,41.87194,12.56738,11166
2022,"MLI",466,"MRT",478,"Africa",17.570692,-3.996166,21.00789,-10.940835,102508
2022,"MLI",466,"NER",562,"Africa",17.570692,-3.996166,17.607789,8.081666,65829
2022,"MMR",104,"BGD",50,"Asia",21.913965,95.956223,23.684994,90.356331,952370
2022,"MMR",104,"IND",356,"Asia",21.913965,95.956223,20.593684,78.96288,74607
2022,"MMR",104,"JPN",392,"Asia",21.913965,95.956223,36.204824,138.252924,11764
2022,"MMR",104,"MYS",458,"Asia",21.913965,95.956223,4.210484,101.975766,158165
2022,"MMR",104,"THA",764,"Asia",21.913965,95.956223,15.870032,100.992541,90619
2022,"MMR",104,"USA",840,"Asia",21.913965,95.956223,37.09024,-95.712891,5095
2022,"MOZ",508,"ZWE",716,"Africa",-18.665695,35.529562,-19.015438,29.154857,8299
2022,"MRT",478,"AGO",24,"Africa",21.00789,-10.940835,-11.202692,17.873887,5725
2022,"MRT",478,"FRA",250,"Africa",21.00789,-10.940835,46.227638,2.213749,9237
2022,"MRT",478,"MLI",466,"Africa",21.00789,-10.940835,17.570692,-3.996166,14952
2022,"MRT",478,"SEN",686,"Africa",21.00789,-10.940835,14.497401,-14.452362,11501
2022,"MYS",458,"AUS",36,"Asia",4.210484,101.975766,-25.274398,133.775136,19168
2022,"NER",562,"MLI",466,"Africa",17.607789,8.081666,17.570692,-3.996166,18229
2022,"NGA",566,"CAN",124,"Africa",9.081999,8.675277,56.130366,-106.346771,6930
2022,"NGA",566,"CMR",120,"Africa",9.081999,8.675277,7.369722,12.354722,124682
2022,"NGA",566,"DEU",276,"Africa",9.081999,8.675277,51.165691,10.451526,17176
2022,"NGA",566,"FRA",250,"Africa",9.081999,8.675277,46.227638,2.213749,9140
2022,"NGA",566,"GBR",826,"Africa",9.081999,8.675277,55.378051,-3.435973,6572
2022,"NGA",566,"ITA",380,"Africa",9.081999,8.675277,41.87194,12.56738,25409
2022,"NGA",566,"NER",562,"Africa",9.081999,8.675277,17.607789,8.081666,204587
2022,"NGA",566,"TCD",148,"Africa",9.081999,8.675277,15.454166,18.732207,20801
2022,"NGA",566,"USA",840,"Africa",9.081999,8.675277,37.09024,-95.712891,31175
2022,"NIC",558,"CRI",188,"Americas",12.865416,-85.207229,9.748917,-83.753428,224208
2022,"NIC",558,"ESP",724,"Americas",12.865416,-85.207229,40.463667,-3.74922,7055
2022,"NIC",558,"MEX",484,"Americas",12.865416,-85.207229,23.634501,-102.552784,12378
2022,"NIC",558,"USA",840,"Americas",12.865416,-85.207229,37.09024,-95.712891,42097
2022,"NPL",524,"USA",840,"Asia",28.394857,84.124008,37.09024,-95.712891,14420
2022,"PAK",586,"AFG",4,"Asia",30.375321,69.345116,33.93911,67.709953,52310
2022,"PAK",586,"AUS",36,"Asia",30.375321,69.345116,-25.274398,133.775136,7549
2022,"PAK",586,"CAN",124,"Asia",30.375321,69.345116,56.130366,-106.346771,5436
2022,"PAK",586,"DEU",276,"Asia",30.375321,69.345116,51.165691,10.451526,9307
2022,"PAK",586,"GBR",826,"Asia",30.375321,69.345116,55.378051,-3.435973,13755
2022,"PAK",586,"ITA",380,"Asia",30.375321,69.345116,41.87194,12.56738,31420
2022,"PAK",586,"MYS",458,"Asia",30.375321,69.345116,4.210484,101.975766,6876
2022,"PAK",586,"USA",840,"Asia",30.375321,69.345116,37.09024,-95.712891,14007
2022,"PER",604,"ESP",724,"Americas",-9.189967,-75.015152,40.463667,-3.74922,10617
2022,"PER",604,"USA",840,"Americas",-9.189967,-75.015152,37.09024,-95.712891,8899
2022,"PSE",275,"BEL",56,"Asia",31.952162,35.233154,50.503887,4.469936,7877
2022,"PSE",275,"EGY",818,"Asia",31.952162,35.233154,26.820553,30.802498,70020
2022,"PSE",275,"GRC",300,"Asia",31.952162,35.233154,39.074208,21.824312,8628
2022,"PSE",275,"IRQ",368,"Asia",31.952162,35.233154,33.223191,43.679291,7877
2022,"ROU",642,"USA",840,"Europe",45.943161,24.96676,37.09024,-95.712891,5535
2022,"RUS",643,"AUT",40,"Europe",61.52401,105.318756,47.516231,14.550072,7112
2022,"RUS",643,"DEU",276,"Europe",61.52401,105.318756,51.165691,10.451526,21847
2022,"RUS",643,"FRA",250,"Europe",61.52401,105.318756,46.227638,2.213749,36053
2022,"RUS",643,"USA",840,"Europe",61.52401,105.318756,37.09024,-95.712891,46041
2022,"RWA",646,"COD",180,"Africa",-1.940278,29.873888,-4.038333,21.758664,208891
2022,"RWA",646,"MWI",454,"Africa",-1.940278,29.873888,-13.254308,34.301525,7807
2022,"RWA",646,"UGA",800,"Africa",-1.940278,29.873888,1.373333,32.290275,23251
2022,"SDN",729,"EGY",818,"Africa",12.862807,30.217636,26.820553,30.802498,58237
2022,"SDN",729,"ETH",231,"Africa",12.862807,30.217636,9.145,40.489673,48686
2022,"SDN",729,"FRA",250,"Africa",12.862807,30.217636,46.227638,2.213749,26103
2022,"SDN",729,"GBR",826,"Africa",12.862807,30.217636,55.378051,-3.435973,17176
2022,"SDN",729,"JOR",400,"Africa",12.862807,30.217636,30.585164,36.238414,5314
2022,"SDN",729,"KEN",404,"Africa",12.862807,30.217636,-0.023559,37.906193,10440
2022,"SDN",729,"LBY",434,"Africa",12.862807,30.217636,26.3351,17.228331,19827
2022,"SDN",729,"TCD",148,"Africa",12.862807,30.217636,15.454166,18.732207,405896
2022,"SEN",686,"BRA",76,"Africa",14.497401,-14.452362,-14.235004,-51.92528,6273
2022,"SEN",686,"ITA",380,"Africa",14.497401,-14.452362,41.87194,12.56738,5198
2022,"SLV",222,"ITA",380,"Americas",13.794185,-88.89653,41.87194,12.56738,5167
2022,"SLV",222,"MEX",484,"Americas",13.794185,-88.89653,23.634501,-102.552784,29331
2022,"SLV",222,"USA",840,"Americas",13.794185,-88.89653,37.09024,-95.712891,154918
2022,"SOM",706,"AUT",40,"Africa",5.152149,46.199616,47.516231,14.550072,11601
2022,"SOM",706,"DEU",276,"Africa",5.152149,46.199616,51.165691,10.451526,29060
2022,"SOM",706,"DJI",262,"Africa",5.152149,46.199616,11.825138,42.590275,13116
2022,"SOM",706,"EGY",818,"Africa",5.152149,46.199616,26.820553,30.802498,6437
2022,"SOM",706,"ETH",231,"Africa",5.152149,46.199616,9.145,40.489673,251893
2022,"SOM",706,"FRA",250,"Africa",5.152149,46.199616,46.227638,2.213749,14194
2022,"SOM",706,"GRC",300,"Africa",5.152149,46.199616,39.074208,21.824312,6421
2022,"SOM",706,"ITA",380,"Africa",5.152149,46.199616,41.87194,12.56738,9478
2022,"SOM",706,"KEN",404,"Africa",5.152149,46.199616,-0.023559,37.906193,288648
2022,"SOM",706,"SWE",752,"Africa",5.152149,46.199616,60.128161,18.643501,8690
2022,"SOM",706,"UGA",800,"Africa",5.152149,46.199616,1.373333,32.290275,61563
2022,"SOM",706,"YEM",887,"Africa",5.152149,46.199616,15.552727,48.516388,63194
2022,"SOM",706,"ZAF",710,"Africa",5.152149,46.199616,-30.559482,22.937506,23355
2022,"SRB",688,"DEU",276,"Europe",44.016521,21.005859,51.165691,10.451526,8459
2022,"SRB",688,"FRA",250,"Europe",44.016521,21.005859,46.227638,2.213749,19004
2022,"SYR",760,"ARE",784,"Asia",34.802075,38.996815,23.424076,53.847818,6951
2022,"SYR",760,"AUT",40,"Asia",34.802075,38.996815,47.516231,14.550072,91167
2022,"SYR",760,"BEL",56,"Asia",34.802075,38.996815,50.503887,4.469936,20303
2022,"SYR",760,"BGR",100,"Asia",34.802075,38.996815,42.733883,25.48583,29421
2022,"SYR",760,"BRA",76,"Asia",34.802075,38.996815,-14.235004,-51.92528,7809
2022,"SYR",760,"CHE",756,"Asia",34.802075,38.996815,46.818188,8.227512,20794
2022,"SYR",760,"CYP",196,"Asia",34.802075,38.996815,35.126413,33.429859,20406
2022,"SYR",760,"DEU",276,"Asia",34.802075,38.996815,51.165691,10.451526,576793
2022,"SYR",760,"DNK",208,"Asia",34.802075,38.996815,56.26392,9.501785,19459
2022,"SYR",760,"DZA",12,"Asia",34.802075,38.996815,28.033886,1.659626,7803
2022,"SYR",760,"EGY",818,"Asia",34.802075,38.996815,26.820553,30.802498,145658
2022,"SYR",760,"ESP",724,"Asia",34.802075,38.996815,40.463667,-3.74922,17310
2022,"SYR",760,"FRA",250,"Asia",34.802075,38.996815,46.227638,2.213749,41331
2022,"SYR",760,"GBR",826,"Asia",34.802075,38.996815,55.378051,-3.435973,20054
2022,"SYR",760,"GRC",300,"Asia",34.802075,38.996815,39.074208,21.824312,45347
2022,"SYR",760,"IRQ",368,"Asia",34.802075,38.996815,33.223191,43.679291,257439
2022,"SYR",760,"JOR",400,"Asia",34.802075,38.996815,30.585164,36.238414,660892
2022,"SYR",760,"LBN",422,"Asia",34.802075,38.996815,33.854721,35.862285,814715
2022,"SYR",760,"LBY",434,"Asia",34.802075,38.996815,26.3351,17.228331,14462
2022,"SYR",760,"MAR",504,"Asia",34.802075,38.996815,31.791702,-7.09262,5516
2022,"SYR",760,"NLD",528,"Asia",34.802075,38.996815,52.132633,5.291266,68557
2022,"SYR",760,"NOR",578,"Asia",34.802075,38.996815,60.472024,8.468946,17253
2022,"SYR",760,"SDN",729,"Asia",34.802075,38.996815,12.862807,30.217636,93478
2022,"SYR",760,"SWE",752,"Asia",34.802075,38.996815,60.128161,18.643501,112432
2022,"SYR",760,"TUR",792,"Asia",34.802075,38.996815,38.963745,35.243322,3535898
2022,"SYR",760,"USA",840,"Asia",34.802075,38.996815,37.09024,-95.712891,11944
2022,"TUR",792,"BEL",56,"Asia",38.963745,35.243322,50.503887,4.469936,5056
2022,"TUR",792,"CAN",124,"Asia",38.963745,35.243322,56.130366,-106.346771,11278
2022,"TUR",792,"CHE",756,"Asia",38.963745,35.243322,46.818188,8.227512,12739
2022,"TUR",792,"DEU",276,"Asia",38.963745,35.243322,51.165691,10.451526,57006
2022,"TUR",792,"FRA",250,"Asia",38.963745,35.243322,46.227638,2.213749,26112
2022,"TUR",792,"GBR",826,"Asia",38.963745,35.243322,55.378051,-3.435973,6259
2022,"TUR",792,"IRQ",368,"Asia",38.963745,35.243322,33.223191,43.679291,7965
2022,"TUR",792,"NLD",528,"Asia",38.963745,35.243322,52.132633,5.291266,10340
2022,"TUR",792,"USA",840,"Asia",38.963745,35.243322,37.09024,-95.712891,15931
2022,"UGA",800,"USA",840,"Africa",1.373333,32.290275,37.09024,-95.712891,5661
2022,"UKR",804,"AUT",40,"Europe",48.379433,31.16558,47.516231,14.550072,90111
2022,"UKR",804,"BEL",56,"Europe",48.379433,31.16558,50.503887,4.469936,62660
2022,"UKR",804,"BGR",100,"Europe",48.379433,31.16558,42.733883,25.48583,149231
2022,"UKR",804,"BLR",112,"Europe",48.379433,31.16558,53.709807,27.953389,19916
2022,"UKR",804,"CAN",124,"Europe",48.379433,31.16558,56.130366,-106.346771,75294
2022,"UKR",804,"CHE",756,"Europe",48.379433,31.16558,46.818188,8.227512,60271
2022,"UKR",804,"CYP",196,"Europe",48.379433,31.16558,35.126413,33.429859,12566
2022,"UKR",804,"CZE",203,"Europe",48.379433,31.16558,49.817492,15.472962,433638
2022,"UKR",804,"DEU",276,"Europe",48.379433,31.16558,51.165691,10.451526,1004382
2022,"UKR",804,"DNK",208,"Europe",48.379433,31.16558,56.26392,9.501785,33706
2022,"UKR",804,"ESP",724,"Europe",48.379433,31.16558,40.463667,-3.74922,160709
2022,"UKR",804,"EST",233,"Europe",48.379433,31.16558,58.595272,25.013607,40816
2022,"UKR",804,"FIN",246,"Europe",48.379433,31.16558,61.92411,25.748151,45506
2022,"UKR",804,"FRA",250,"Europe",48.379433,31.16558,46.227638,2.213749,70572
2022,"UKR",804,"GBR",826,"Europe",48.379433,31.16558,55.378051,-3.435973,183399
2022,"UKR",804,"GEO",268,"Europe",48.379433,31.16558,42.315407,43.356892,26498
2022,"UKR",804,"GRC",300,"Europe",48.379433,31.16558,39.074208,21.824312,21931
2022,"UKR",804,"HRV",191,"Europe",48.379433,31.16558,45.1,15.2,19416
2022,"UKR",804,"HUN",348,"Europe",48.379433,31.16558,47.162494,19.503304,29637
2022,"UKR",804,"IRL",372,"Europe",48.379433,31.16558,53.41291,-8.24389,70816
2022,"UKR",804,"ITA",380,"Europe",48.379433,31.16558,41.87194,12.56738,151750
2022,"UKR",804,"LTU",440,"Europe",48.379433,31.16558,55.169438,23.881275,65175
2022,"UKR",804,"LVA",428,"Europe",48.379433,31.16558,56.879635,24.603189,37810
2022,"UKR",804,"MDA",498,"Europe",48.379433,31.16558,47.411631,28.369885,102104
2022,"UKR",804,"MKD",807,"Europe",48.379433,31.16558,41.608635,21.745275,6816
2022,"UKR",804,"MNE",499,"Europe",48.379433,31.16558,42.708678,19.37439,32351
2022,"UKR",804,"NLD",528,"Europe",48.379433,31.16558,52.132633,5.291266,103702
2022,"UKR",804,"NOR",578,"Europe",48.379433,31.16558,60.472024,8.468946,33253
2022,"UKR",804,"POL",616,"Europe",48.379433,31.16558,51.919438,19.145136,958519
2022,"UKR",804,"PRT",620,"Europe",48.379433,31.16558,39.399872,-8.224454,44989
2022,"UKR",804,"ROU",642,"Europe",48.379433,31.16558,45.943161,24.96676,100128
2022,"UKR",804,"RUS",643,"Europe",48.379433,31.16558,61.52401,105.318756,1275925
2022,"UKR",804,"SVK",703,"Europe",48.379433,31.16558,48.669026,19.699024,94858
2022,"UKR",804,"SVN",705,"Europe",48.379433,31.16558,46.151241,14.995463,7764
2022,"UKR",804,"SWE",752,"Europe",48.379433,31.16558,60.128161,18.643501,47846
2022,"UKR",804,"USA",840,"Europe",48.379433,31.16558,37.09024,-95.712891,15432
2022,"UZB",860,"USA",840,"Asia",41.377491,64.585262,37.09024,-95.712891,8173
2022,"VEN",862,"ARG",32,"Americas",6.42375,-66.58973,-38.416097,-63.616672,5876
2022,"VEN",862,"BRA",76,"Americas",6.42375,-66.58973,-14.235004,-51.92528,150462
2022,"VEN",862,"CHL",152,"Americas",6.42375,-66.58973,-35.675147,-71.542969,7578
2022,"VEN",862,"COL",170,"Americas",6.42375,-66.58973,4.570868,-74.297333,23726
2022,"VEN",862,"CRI",188,"Americas",6.42375,-66.58973,9.748917,-83.753428,13509
2022,"VEN",862,"ECU",218,"Americas",6.42375,-66.58973,-1.831239,-78.183406,6910
2022,"VEN",862,"ESP",724,"Americas",6.42375,-66.58973,40.463667,-3.74922,139444
2022,"VEN",862,"MEX",484,"Americas",6.42375,-66.58973,23.634501,-102.552784,38332
2022,"VEN",862,"PER",604,"Americas",6.42375,-66.58973,-9.189967,-75.015152,536551
2022,"VEN",862,"TTO",780,"Americas",6.42375,-66.58973,10.691803,-61.222503,21136
2022,"VEN",862,"USA",840,"Americas",6.42375,-66.58973,37.09024,-95.712891,393969
2022,"VNM",704,"FRA",250,"Asia",14.058324,108.277199,46.227638,2.213749,7883
2022,"VNM",704,"GBR",826,"Asia",14.058324,108.277199,55.378051,-3.435973,7067
2022,"YEM",887,"EGY",818,"Asia",15.552727,48.516388,26.820553,30.802498,8155
2022,"YEM",887,"JOR",400,"Asia",15.552727,48.516388,30.585164,36.238414,12752
2022,"YEM",887,"NLD",528,"Asia",15.552727,48.516388,52.132633,5.291266,6641
2022,"YEM",887,"SOM",706,"Asia",15.552727,48.516388,5.152149,46.199616,9877
2022,"ZWE",716,"ZAF",710,"Africa",-19.015438,29.154857,-30.559482,22.937506,6670
2023,"AFG",4,"AUS",36,"Asia",33.93911,67.709953,-25.274398,133.775136,6957
2023,"AFG",4,"AUT",40,"Asia",33.93911,67.709953,47.516231,14.550072,46179
2023,"AFG",4,"BEL",56,"Asia",33.93911,67.709953,50.503887,4.469936,15839
2023,"AFG",4,"BRA",76,"Asia",33.93911,67.709953,-14.235004,-51.92528,6341
2023,"AFG",4,"CHE",756,"Asia",33.93911,67.709953,46.818188,8.227512,23162
2023,"AFG",4,"DEU",276,"Asia",33.93911,67.709953,51.165691,10.451526,299858
2023,"AFG",4,"FRA",250,"Asia",33.93911,67.709953,46.227638,2.213749,89849
2023,"AFG",4,"GBR",826,"Asia",33.93911,67.709953,55.378051,-3.435973,57149
2023,"AFG",4,"GRC",300,"Asia",33.93911,67.709953,39.074208,21.824312,45948
2023,"AFG",4,"IDN",360,"Asia",33.93911,67.709953,-0.789275,113.921327,5979
2023,"AFG",4,"IND",356,"Asia",33.93911,67.709953,20.593684,78.96288,12224
2023,"AFG",4,"IRN",364,"Asia",33.93911,67.709953,32.427908,53.688046,3752317
2023,"AFG",4,"ITA",380,"Asia",33.93911,67.709953,41.87194,12.56738,18989
2023,"AFG",4,"NLD",528,"Asia",33.93911,67.709953,52.132633,5.291266,9751
2023,"AFG",4,"PAK",586,"Asia",33.93911,67.709953,30.375321,69.345116,2049168
2023,"AFG",4,"SWE",752,"Asia",33.93911,67.709953,60.128161,18.643501,23470
2023,"AFG",4,"TJK",762,"Asia",33.93911,67.709953,38.861034,71.276093,8469
2023,"AFG",4,"TUR",792,"Asia",33.93911,67.709953,38.963745,35.243322,118790
2023,"AFG",4,"USA",840,"Asia",33.93911,67.709953,37.09024,-95.712891,43759
2023,"AFG",4,"UZB",860,"Asia",33.93911,67.709953,41.377491,64.585262,9405
2023,"AGO",24,"BRA",76,"Africa",-11.202692,17.873887,-14.235004,-51.92528,8584
2023,"AGO",24,"FRA",250,"Africa",-11.202692,17.873887,46.227638,2.213749,7817
2023,"AGO",24,"USA",840,"Africa",-11.202692,17.873887,37.09024,-95.712891,8562
2023,"ALB",8,"FRA",250,"Europe",41.153332,20.168331,46.227638,2.213749,12902
2023,"ALB",8,"GBR",826,"Europe",41.153332,20.168331,55.378051,-3.435973,14516
2023,"ARM",51,"DEU",276,"Asia",40.069099,45.038189,51.165691,10.451526,7517
2023,"ARM",51,"FRA",250,"Asia",40.069099,45.038189,46.227638,2.213749,7808
2023,"ARM",51,"USA",840,"Asia",40.069099,45.038189,37.09024,-95.712891,13772
2023,"AZE",31,"ARM",51,"Asia",40.143105,47.576927,40.069099,45.038189,143059
2023,"AZE",31,"DEU",276,"Asia",40.143105,47.576927,51.165691,10.451526,9460
2023,"AZE",31,"FRA",250,"Asia",40.143105,47.576927,46.227638,2.213749,5166
2023,"BDI",108,"COD",180,"Africa",-3.373056,29.918886,-4.038333,21.758664,52108
2023,"BDI",108,"KEN",404,"Africa",-3.373056,29.918886,-0.023559,37.906193,31199
2023,"BDI",108,"MOZ",508,"Africa",-3.373056,29.918886,-18.665695,35.529562,8300
2023,"BDI",108,"MWI",454,"Africa",-3.373056,29.918886,-13.254308,34.301525,11548
2023,"BDI",108,"RWA",646,"Africa",-3.373056,29.918886,-1.940278,29.873888,48374
2023,"BDI",108,"TZA",834,"Africa",-3.373056,29.918886,-6.369028,34.888822,150119
2023,"BDI",108,"UGA",800,"Africa",-3.373056,29.918886,1.373333,32.290275,42181
2023,"BDI",108,"ZAF",710,"Africa",-3.373056,29.918886,-30.559482,22.937506,7611
2023,"BDI",108,"ZMB",894,"Africa",-3.373056,29.918886,-13.133897,27.849332,10910
2023,"BFA",854,"BEN",204,"Africa",12.238333,-1.561593,9.30769,2.315834,5399
2023,"BFA",854,"CIV",384,"Africa",12.238333,-1.561593,7.539989,-5.54708,36466
2023,"BFA",854,"ITA",380,"Africa",12.238333,-1.561593,41.87194,12.56738,6761
2023,"BFA",854,"MLI",466,"Africa",12.238333,-1.561593,17.570692,-3.996166,29146
2023,"BFA",854,"NER",562,"Africa",12.238333,-1.561593,17.607789,8.081666,31063
2023,"BFA",854,"TGO",768,"Africa",12.238333,-1.561593,8.619543,0.824782,23486
2023,"BFA",854,"USA",840,"Africa",12.238333,-1.561593,37.09024,-95.712891,5280
2023,"BGD",50,"FRA",250,"Asia",23.684994,90.356331,46.227638,2.213749,18088
2023,"BGD",50,"GBR",826,"Asia",23.684994,90.356331,55.378051,-3.435973,9770
2023,"BGD",50,"ITA",380,"Asia",23.684994,90.356331,41.87194,12.56738,30089
2023,"BGD",50,"USA",840,"Asia",23.684994,90.356331,37.09024,-95.712891,19511
2023,"BGD",50,"ZAF",710,"Asia",23.684994,90.356331,-30.559482,22.937506,9408
2023,"BIH",70,"FRA",250,"Europe",43.915886,17.679076,46.227638,2.213749,6958
2023,"BIH",70,"SRB",688,"Europe",43.915886,17.679076,44.016521,21.005859,7823
2023,"BLR",112,"POL",616,"Europe",53.709807,27.953389,51.919438,19.145136,9662
2023,"BLR",112,"USA",840,"Europe",53.709807,27.953389,37.09024,-95.712891,8661
2023,"BRA",76,"MEX",484,"Americas",-14.235004,-51.92528,23.634501,-102.552784,8274
2023,"BRA",76,"USA",840,"Americas",-14.235004,-51.92528,37.09024,-95.712891,60162
2023,"BTN",64,"NPL",524,"Asia",27.514162,90.433601,28.394857,84.124008,6365
2023,"CAF",140,"CMR",120,"Africa",6.611111,20.939444,7.369722,12.354722,358615
2023,"CAF",140,"COD",180,"Africa",6.611111,20.939444,-4.038333,21.758664,211774
2023,"CAF",140,"COG",178,"Africa",6.611111,20.939444,-0.228021,15.827659,33892
2023,"CAF",140,"FRA",250,"Africa",6.611111,20.939444,46.227638,2.213749,6659
2023,"CAF",140,"SDN",729,"Africa",6.611111,20.939444,12.862807,30.217636,18277
2023,"CAF",140,"TCD",148,"Africa",6.611111,20.939444,15.454166,18.732207,132395
2023,"CHL",152,"MEX",484,"Americas",-35.675147,-71.542969,23.634501,-102.552784,8421
2023,"CHL",152,"USA",840,"Americas",-35.675147,-71.542969,37.09024,-95.712891,8114
2023,"CHN",156,"AUS",36,"Asia",35.86166,104.195397,-25.274398,133.775136,13945
2023,"CHN",156,"FRA",250,"Asia",35.86166,104.195397,46.227638,2.213749,12617
2023,"CHN",156,"IND",356,"Asia",35.86166,104.195397,20.593684,78.96288,73406
2023,"CHN",156,"USA",840,"Asia",35.86166,104.195397,37.09024,-95.712891,173873
2023,"CIV",384,"AGO",24,"Africa",7.539989,-5.54708,-11.202692,17.873887,6357
2023,"CIV",384,"FRA",250,"Africa",7.539989,-5.54708,46.227638,2.213749,20386
2023,"CIV",384,"ITA",380,"Africa",7.539989,-5.54708,41.87194,12.56738,9107
2023,"CMR",120,"NGA",566,"Africa",7.369722,12.354722,9.081999,8.675277,88483
2023,"CMR",120,"TCD",148,"Africa",7.369722,12.354722,15.454166,18.732207,24819
2023,"CMR",120,"USA",840,"Africa",7.369722,12.354722,37.09024,-95.712891,14546
2023,"COD",180,"AGO",24,"Africa",-4.038333,21.758664,-11.202692,17.873887,22806
2023,"COD",180,"BDI",108,"Africa",-4.038333,21.758664,-3.373056,29.918886,86503
2023,"COD",180,"CAF",140,"Africa",-4.038333,21.758664,6.611111,20.939444,6686
2023,"COD",180,"CAN",124,"Africa",-4.038333,21.758664,56.130366,-106.346771,5762
2023,"COD",180,"COG",178,"Africa",-4.038333,21.758664,-0.228021,15.827659,29466
2023,"COD",180,"FRA",250,"Africa",-4.038333,21.758664,46.227638,2.213749,39993
2023,"COD",180,"KEN",404,"Africa",-4.038333,21.758664,-0.023559,37.906193,58576
2023,"COD",180,"MOZ",508,"Africa",-4.038333,21.758664,-18.665695,35.529562,9326
2023,"COD",180,"MWI",454,"Africa",-4.038333,21.758664,-13.254308,34.301525,34287
2023,"COD",180,"NAM",516,"Africa",-4.038333,21.758664,-22.95764,18.49041,6213
2023,"COD",180,"RWA",646,"Africa",-4.038333,21.758664,-1.940278,29.873888,79090
2023,"COD",180,"TZA",834,"Africa",-4.038333,21.758664,-6.369028,34.888822,78470
2023,"COD",180,"UGA",800,"Africa",-4.038333,21.758664,1.373333,32.290275,505738
2023,"COD",180,"USA",840,"Africa",-4.038333,21.758664,37.09024,-95.712891,5776
2023,"COD",180,"ZAF",710,"Africa",-4.038333,21.758664,-30.559482,22.937506,42132
2023,"COD",180,"ZMB",894,"Africa",-4.038333,21.758664,-13.133897,27.849332,61162
2023,"COD",180,"ZWE",716,"Africa",-4.038333,21.758664,-19.015438,29.154857,12163
2023,"COG",178,"FRA",250,"Africa",-0.228021,15.827659,46.227638,2.213749,7125
2023,"COG",178,"ZAF",710,"Africa",-0.228021,15.827659,-30.559482,22.937506,6945
2023,"COL",170,"CAN",124,"Americas",4.570868,-74.297333,56.130366,-106.346771,17355
2023,"COL",170,"CRI",188,"Americas",4.570868,-74.297333,9.748917,-83.753428,5290
2023,"COL",170,"ECU",218,"Americas",4.570868,-74.297333,-1.831239,-78.183406,63214
2023,"COL",170,"ESP",724,"Americas",4.570868,-74.297333,40.463667,-3.74922,79975
2023,"COL",170,"MEX",484,"Americas",4.570868,-74.297333,23.634501,-102.552784,5051
2023,"COL",170,"USA",840,"Americas",4.570868,-74.297333,37.09024,-95.712891,183022
2023,"COL",170,"VEN",862,"Americas",4.570868,-74.297333,6.42375,-66.58973,30748
2023,"CUB",192,"BRA",76,"Americas",21.521757,-77.781167,-14.235004,-51.92528,20708
2023,"CUB",192,"CRI",188,"Americas",21.521757,-77.781167,9.748917,-83.753428,6855
2023,"CUB",192,"ESP",724,"Americas",21.521757,-77.781167,40.463667,-3.74922,6642
2023,"CUB",192,"MEX",484,"Americas",21.521757,-77.781167,23.634501,-102.552784,40356
2023,"CUB",192,"PER",604,"Americas",21.521757,-77.781167,-9.189967,-75.015152,7711
2023,"CUB",192,"URY",858,"Americas",21.521757,-77.781167,-32.522779,-55.765835,18647
2023,"CUB",192,"USA",840,"Americas",21.521757,-77.781167,37.09024,-95.712891,233758
2023,"DOM",214,"USA",840,"Americas",18.735693,-70.162651,37.09024,-95.712891,6211
2023,"ECU",218,"USA",840,"Americas",-1.831239,-78.183406,37.09024,-95.712891,64365
2023,"EGY",818,"ITA",380,"Africa",26.820553,30.802498,41.87194,12.56738,21774
2023,"EGY",818,"USA",840,"Africa",26.820553,30.802498,37.09024,-95.712891,25297
2023,"ERI",232,"BEL",56,"Africa",15.179384,39.782334,50.503887,4.469936,8199
2023,"ERI",232,"CHE",756,"Africa",15.179384,39.782334,46.818188,8.227512,38968
2023,"ERI",232,"DEU",276,"Africa",15.179384,39.782334,51.165691,10.451526,70935
2023,"ERI",232,"DNK",208,"Africa",15.179384,39.782334,56.26392,9.501785,6221
2023,"ERI",232,"EGY",818,"Africa",15.179384,39.782334,26.820553,30.802498,32174
2023,"ERI",232,"ETH",231,"Africa",15.179384,39.782334,9.145,40.489673,176850
2023,"ERI",232,"FRA",250,"Africa",15.179384,39.782334,46.227638,2.213749,13568
2023,"ERI",232,"GBR",826,"Africa",15.179384,39.782334,55.378051,-3.435973,26600
2023,"ERI",232,"ISR",376,"Africa",15.179384,39.782334,31.046051,34.851612,7896
2023,"ERI",232,"LBY",434,"Africa",15.179384,39.782334,26.3351,17.228331,8563
2023,"ERI",232,"NLD",528,"Africa",15.179384,39.782334,52.132633,5.291266,15634
2023,"ERI",232,"NOR",578,"Africa",15.179384,39.782334,60.472024,8.468946,8468
2023,"ERI",232,"SDN",729,"Africa",15.179384,39.782334,12.862807,30.217636,147210
2023,"ERI",232,"SWE",752,"Africa",15.179384,39.782334,60.128161,18.643501,22354
2023,"ERI",232,"UGA",800,"Africa",15.179384,39.782334,1.373333,32.290275,41731
2023,"ERI",232,"USA",840,"Africa",15.179384,39.782334,37.09024,-95.712891,7394
2023,"ESH",732,"DZA",12,"Africa",24.215527,-12.885834,28.033886,1.659626,90000
2023,"ETH",231,"DEU",276,"Africa",9.145,40.489673,51.165691,10.451526,9679
2023,"ETH",231,"DJI",262,"Africa",9.145,40.489673,11.825138,42.590275,13010
2023,"ETH",231,"EGY",818,"Africa",9.145,40.489673,26.820553,30.802498,17516
2023,"ETH",231,"KEN",404,"Africa",9.145,40.489673,-0.023559,37.906193,37084
2023,"ETH",231,"SDN",729,"Africa",9.145,40.489673,12.862807,30.217636,69573
2023,"ETH",231,"SOM",706,"Africa",9.145,40.489673,5.152149,46.199616,25310
2023,"ETH",231,"UGA",800,"Africa",9.145,40.489673,1.373333,32.290275,10059
2023,"ETH",231,"USA",840,"Africa",9.145,40.489673,37.09024,-95.712891,20494
2023,"ETH",231,"YEM",887,"Africa",9.145,40.489673,15.552727,48.516388,19227
2023,"ETH",231,"ZAF",710,"Africa",9.145,40.489673,-30.559482,22.937506,39024
2023,"GEO",268,"DEU",276,"Asia",42.315407,43.356892,51.165691,10.451526,12276
2023,"GEO",268,"FRA",250,"Asia",42.315407,43.356892,46.227638,2.213749,9351
2023,"GEO",268,"USA",840,"Asia",42.315407,43.356892,37.09024,-95.712891,13979
2023,"GHA",288,"TGO",768,"Africa",7.946527,-1.023194,8.619543,0.824782,8437
2023,"GHA",288,"USA",840,"Africa",7.946527,-1.023194,37.09024,-95.712891,5190
2023,"GIN",324,"AGO",24,"Africa",9.945587,-9.696645,-11.202692,17.873887,9272
2023,"GIN",324,"DEU",276,"Africa",9.945587,-9.696645,51.165691,10.451526,9175
2023,"GIN",324,"FRA",250,"Africa",9.945587,-9.696645,46.227638,2.213749,29506
2023,"GIN",324,"ITA",380,"Africa",9.945587,-9.696645,41.87194,12.56738,5111
2023,"GTM",320,"MEX",484,"Americas",15.783471,-90.230759,23.634501,-102.552784,14738
2023,"GTM",320,"USA",840,"Americas",15.783471,-90.230759,37.09024,-95.712891,192596
2023,"HND",340,"ESP",724,"Americas",15.199999,-86.241905,40.463667,-3.74922,8644
2023,"HND",340,"MEX",484,"Americas",15.199999,-86.241905,23.634501,-102.552784,120304
2023,"HND",340,"USA",840,"Americas",15.199999,-86.241905,37.09024,-95.712891,165084
2023,"HRV",191,"SRB",688,"Europe",45.1,15.2,44.016521,21.005859,17079
2023,"HTI",332,"BRA",76,"Americas",18.971187,-72.285215,-14.235004,-51.92528,88274
2023,"HTI",332,"CAN",124,"Americas",18.971187,-72.285215,56.130366,-106.346771,18821
2023,"HTI",332,"FRA",250,"Americas",18.971187,-72.285215,46.227638,2.213749,10088
2023,"HTI",332,"MEX",484,"Americas",18.971187,-72.285215,23.634501,-102.552784,84684
2023,"HTI",332,"USA",840,"Americas",18.971187,-72.285215,37.09024,-95.712891,143522
2023,"IDN",360,"PNG",598,"Asia",-0.789275,113.921327,-6.314993,143.95555,13758
2023,"IDN",360,"USA",840,"Asia",-0.789275,113.921327,37.09024,-95.712891,7317
2023,"IND",356,"AUS",36,"Asia",20.593684,78.96288,-25.274398,133.775136,8280
2023,"IND",356,"CAN",124,"Asia",20.593684,78.96288,56.130366,-106.346771,19374
2023,"IND",356,"GBR",826,"Asia",20.593684,78.96288,55.378051,-3.435973,7089
2023,"IND",356,"USA",840,"Asia",20.593684,78.96288,37.09024,-95.712891,116447
2023,"IRN",364,"AUS",36,"Asia",32.427908,53.688046,-25.274398,133.775136,9774
2023,"IRN",364,"AUT",40,"Asia",32.427908,53.688046,47.516231,14.550072,7745
2023,"IRN",364,"CAN",124,"Asia",32.427908,53.688046,56.130366,-106.346771,13721
2023,"IRN",364,"DEU",276,"Asia",32.427908,53.688046,51.165691,10.451526,64158
2023,"IRN",364,"FRA",250,"Asia",32.427908,53.688046,46.227638,2.213749,5105
2023,"IRN",364,"GBR",826,"Asia",32.427908,53.688046,55.378051,-3.435973,44839
2023,"IRN",364,"IRQ",368,"Asia",32.427908,53.688046,33.223191,43.679291,8697
2023,"IRN",364,"NLD",528,"Asia",32.427908,53.688046,52.132633,5.291266,7036
2023,"IRN",364,"SWE",752,"Asia",32.427908,53.688046,60.128161,18.643501,6172
2023,"IRN",364,"TUR",792,"Asia",32.427908,53.688046,38.963745,35.243322,15429
2023,"IRN",364,"USA",840,"Asia",32.427908,53.688046,37.09024,-95.712891,9395
2023,"IRQ",368,"AUT",40,"Asia",33.223191,43.679291,47.516231,14.550072,10607
2023,"IRQ",368,"DEU",276,"Asia",33.223191,43.679291,51.165691,10.451526,175219
2023,"IRQ",368,"EGY",818,"Asia",33.223191,43.679291,26.820553,30.802498,5562
2023,"IRQ",368,"FIN",246,"Asia",33.223191,43.679291,61.92411,25.748151,10363
2023,"IRQ",368,"FRA",250,"Asia",33.223191,43.679291,46.227638,2.213749,14328
2023,"IRQ",368,"GBR",826,"Asia",33.223191,43.679291,55.378051,-3.435973,21729
2023,"IRQ",368,"GRC",300,"Asia",33.223191,43.679291,39.074208,21.824312,22038
2023,"IRQ",368,"IRN",364,"Asia",33.223191,43.679291,32.427908,53.688046,12175
2023,"IRQ",368,"ITA",380,"Asia",33.223191,43.679291,41.87194,12.56738,6794
2023,"IRQ",368,"JOR",400,"Asia",33.223191,43.679291,30.585164,36.238414,55458
2023,"IRQ",368,"LBN",422,"Asia",33.223191,43.679291,33.854721,35.862285,5101
2023,"IRQ",368,"NLD",528,"Asia",33.223191,43.679291,52.132633,5.291266,6132
2023,"IRQ",368,"SWE",752,"Asia",33.223191,43.679291,60.128161,18.643501,10216
2023,"IRQ",368,"SYR",760,"Asia",33.223191,43.679291,34.802075,38.996815,13241
2023,"IRQ",368,"TUR",792,"Asia",33.223191,43.679291,38.963745,35.243322,113937
2023,"IRQ",368,"USA",840,"Asia",33.223191,43.679291,37.09024,-95.712891,9261
2023,"JAM",388,"USA",840,"Americas",18.109581,-77.297508,37.09024,-95.712891,6616
2023,"JOR",400,"USA",840,"Asia",30.585164,36.238414,37.09024,-95.712891,5779
2023,"KAZ",398,"USA",840,"Asia",48.019573,66.923684,37.09024,-95.712891,8018
2023,"KEN",404,"USA",840,"Africa",-0.023559,37.906193,37.09024,-95.712891,10921
2023,"KGZ",417,"USA",840,"Asia",41.20438,74.766098,37.09024,-95.712891,8262
2023,"KHM",116,"FRA",250,"Asia",12.565679,104.990963,46.227638,2.213749,10719
2023,"LAO",418,"FRA",250,"Asia",19.85627,102.495496,46.227638,2.213749,6268
2023,"LBN",422,"DEU",276,"Asia",33.854721,35.862285,51.165691,10.451526,5520
2023,"LBY",434,"GBR",826,"Africa",26.3351,17.228331,55.378051,-3.435973,6262
2023,"LKA",144,"CHE",756,"Asia",7.873054,80.771797,46.818188,8.227512,6303
2023,"LKA",144,"FRA",250,"Asia",7.873054,80.771797,46.227638,2.213749,35887
2023,"LKA",144,"GBR",826,"Asia",7.873054,80.771797,55.378051,-3.435973,6893
2023,"LKA",144,"IND",356,"Asia",7.873054,80.771797,20.593684,78.96288,91166
2023,"MAR",504,"ESP",724,"Africa",31.791702,-7.09262,40.463667,-3.74922,5466
2023,"MEX",484,"CAN",124,"Americas",23.634501,-102.552784,56.130366,-106.346771,36862
2023,"MEX",484,"USA",840,"Americas",23.634501,-102.552784,37.09024,-95.712891,140193
2023,"MLI",466,"BFA",854,"Africa",17.570692,-3.996166,12.238333,-1.561593,37846
2023,"MLI",466,"ESP",724,"Africa",17.570692,-3.996166,40.463667,-3.74922,9151
2023,"MLI",466,"FRA",250,"Africa",17.570692,-3.996166,46.227638,2.213749,10127
2023,"MLI",466,"ITA",380,"Africa",17.570692,-3.996166,41.87194,12.56738,16008
2023,"MLI",466,"MRT",478,"Africa",17.570692,-3.996166,21.00789,-10.940835,114518
2023,"MLI",466,"NER",562,"Africa",17.570692,-3.996166,17.607789,8.081666,67761
2023,"MMR",104,"BGD",50,"Asia",21.913965,95.956223,23.684994,90.356331,971964
2023,"MMR",104,"IND",356,"Asia",21.913965,95.956223,20.593684,78.96288,83756
2023,"MMR",104,"JPN",392,"Asia",21.913965,95.956223,36.204824,138.252924,18263
2023,"MMR",104,"MYS",458,"Asia",21.913965,95.956223,4.210484,101.975766,162443
2023,"MMR",104,"THA",764,"Asia",21.913965,95.956223,15.870032,100.992541,83821
2023,"MMR",104,"USA",840,"Asia",21.913965,95.956223,37.09024,-95.712891,7770
2023,"MOZ",508,"ZWE",716,"Africa",-18.665695,35.529562,-19.015438,29.154857,8373
2023,"MRT",478,"AGO",24,"Africa",21.00789,-10.940835,-11.202692,17.873887,5725
2023,"MRT",478,"FRA",250,"Africa",21.00789,-10.940835,46.227638,2.213749,9591
2023,"MRT",478,"MLI",466,"Africa",21.00789,-10.940835,17.570692,-3.996166,14965
2023,"MRT",478,"SEN",686,"Africa",21.00789,-10.940835,14.497401,-14.452362,11550
2023,"MRT",478,"USA",840,"Africa",21.00789,-10.940835,37.09024,-95.712891,12110
2023,"MYS",458,"AUS",36,"Asia",4.210484,101.975766,-25.274398,133.775136,16777
2023,"NER",562,"MLI",466,"Africa",17.607789,8.081666,17.570692,-3.996166,20618
2023,"NER",562,"NGA",566,"Africa",17.607789,8.081666,9.081999,8.675277,11305
2023,"NGA",566,"CAN",124,"Africa",9.081999,8.675277,56.130366,-106.346771,10921
2023,"NGA",566,"CMR",120,"Africa",9.081999,8.675277,7.369722,12.354722,128368
2023,"NGA",566,"DEU",276,"Africa",9.081999,8.675277,51.165691,10.451526,19338
2023,"NGA",566,"FRA",250,"Africa",9.081999,8.675277,46.227638,2.213749,9524
2023,"NGA",566,"GBR",826,"Africa",9.081999,8.675277,55.378051,-3.435973,6771
2023,"NGA",566,"ITA",380,"Africa",9.081999,8.675277,41.87194,12.56738,23538
2023,"NGA",566,"NER",562,"Africa",9.081999,8.675277,17.607789,8.081666,200556
2023,"NGA",566,"TCD",148,"Africa",9.081999,8.675277,15.454166,18.732207,21731
2023,"NGA",566,"USA",840,"Africa",9.081999,8.675277,37.09024,-95.712891,35066
2023,"NIC",558,"CRI",188,"Americas",12.865416,-85.207229,9.748917,-83.753428,184495
2023,"NIC",558,"ESP",724,"Americas",12.865416,-85.207229,40.463667,-3.74922,8147
2023,"NIC",558,"MEX",484,"Americas",12.865416,-85.207229,23.634501,-102.552784,11457
2023,"NIC",558,"USA",840,"Americas",12.865416,-85.207229,37.09024,-95.712891,120524
2023,"NPL",524,"USA",840,"Asia",28.394857,84.124008,37.09024,-95.712891,16849
2023,"PAK",586,"AFG",4,"Asia",30.375321,69.345116,33.93911,67.709953,34994
2023,"PAK",586,"CAN",124,"Asia",30.375321,69.345116,56.130366,-106.346771,8749
2023,"PAK",586,"DEU",276,"Asia",30.375321,69.345116,51.165691,10.451526,13530
2023,"PAK",586,"GBR",826,"Asia",30.375321,69.345116,55.378051,-3.435973,15963
2023,"PAK",586,"ITA",380,"Asia",30.375321,69.345116,41.87194,12.56738,38527
2023,"PAK",586,"MYS",458,"Asia",30.375321,69.345116,4.210484,101.975766,6357
2023,"PAK",586,"USA",840,"Asia",30.375321,69.345116,37.09024,-95.712891,16143
2023,"PER",604,"ESP",724,"Americas",-9.189967,-75.015152,40.463667,-3.74922,21467
2023,"PER",604,"ITA",380,"Americas",-9.189967,-75.015152,41.87194,12.56738,9124
2023,"PER",604,"USA",840,"Americas",-9.189967,-75.015152,37.09024,-95.712891,47433
2023,"PSE",275,"BEL",56,"Asia",31.952162,35.233154,50.503887,4.469936,10333
2023,"PSE",275,"GRC",300,"Asia",31.952162,35.233154,39.074208,21.824312,15265
2023,"PSE",275,"IRQ",368,"Asia",31.952162,35.233154,33.223191,43.679291,6616
2023,"ROU",642,"USA",840,"Europe",45.943161,24.96676,37.09024,-95.712891,6577
2023,"RUS",643,"AUT",40,"Europe",61.52401,105.318756,47.516231,14.550072,5042
2023,"RUS",643,"DEU",276,"Europe",61.52401,105.318756,51.165691,10.451526,28489
2023,"RUS",643,"ESP",724,"Europe",61.52401,105.318756,40.463667,-3.74922,5297
2023,"RUS",643,"FRA",250,"Europe",61.52401,105.318756,46.227638,2.213749,37195
2023,"RUS",643,"KOR",410,"Europe",61.52401,105.318756,35.907757,127.766922,5952
2023,"RUS",643,"POL",616,"Europe",61.52401,105.318756,51.919438,19.145136,5392
2023,"RUS",643,"USA",840,"Europe",61.52401,105.318756,37.09024,-95.712891,84013
2023,"RWA",646,"COD",180,"Africa",-1.940278,29.873888,-4.038333,21.758664,207376
2023,"RWA",646,"FRA",250,"Africa",-1.940278,29.873888,46.227638,2.213749,5060
2023,"RWA",646,"MWI",454,"Africa",-1.940278,29.873888,-13.254308,34.301525,6720
2023,"RWA",646,"UGA",800,"Africa",-1.940278,29.873888,1.373333,32.290275,23468
2023,"SDN",729,"CAF",140,"Africa",12.862807,30.217636,6.611111,20.939444,21844
2023,"SDN",729,"EGY",818,"Africa",12.862807,30.217636,26.820553,30.802498,207833
2023,"SDN",729,"ETH",231,"Africa",12.862807,30.217636,9.145,40.489673,77826
2023,"SDN",729,"FRA",250,"Africa",12.862807,30.217636,46.227638,2.213749,28882
2023,"SDN",729,"GBR",826,"Africa",12.862807,30.217636,55.378051,-3.435973,19984
2023,"SDN",729,"KEN",404,"Africa",12.862807,30.217636,-0.023559,37.906193,10579
2023,"SDN",729,"LBY",434,"Africa",12.862807,30.217636,26.3351,17.228331,31103
2023,"SDN",729,"TCD",148,"Africa",12.862807,30.217636,15.454166,18.732207,925313
2023,"SDN",729,"TUN",788,"Africa",12.862807,30.217636,33.886917,9.537499,5148
2023,"SDN",729,"UGA",800,"Africa",12.862807,30.217636,1.373333,32.290275,15168
2023,"SEN",686,"USA",840,"Africa",14.497401,-14.452362,37.09024,-95.712891,6316
2023,"SLV",222,"ITA",380,"Americas",13.794185,-88.89653,41.87194,12.56738,5615
2023,"SLV",222,"MEX",484,"Americas",13.794185,-88.89653,23.634501,-102.552784,30544
2023,"SLV",222,"USA",840,"Americas",13.794185,-88.89653,37.09024,-95.712891,147531
2023,"SOM",706,"AUT",40,"Africa",5.152149,46.199616,47.516231,14.550072,12133
2023,"SOM",706,"DEU",276,"Africa",5.152149,46.199616,51.165691,10.451526,42971
2023,"SOM",706,"DJI",262,"Africa",5.152149,46.199616,11.825138,42.590275,13523
2023,"SOM",706,"EGY",818,"Africa",5.152149,46.199616,26.820553,30.802498,7372
2023,"SOM",706,"ETH",231,"Africa",5.152149,46.199616,9.145,40.489673,353685
2023,"SOM",706,"FRA",250,"Africa",5.152149,46.199616,46.227638,2.213749,14949
2023,"SOM",706,"GRC",300,"Africa",5.152149,46.199616,39.074208,21.824312,7982
2023,"SOM",706,"ITA",380,"Africa",5.152149,46.199616,41.87194,12.56738,8809
2023,"SOM",706,"KEN",404,"Africa",5.152149,46.199616,-0.023559,37.906193,371919
2023,"SOM",706,"NLD",528,"Africa",5.152149,46.199616,52.132633,5.291266,5978
2023,"SOM",706,"SWE",752,"Africa",5.152149,46.199616,60.128161,18.643501,6537
2023,"SOM",706,"UGA",800,"Africa",5.152149,46.199616,1.373333,32.290275,51845
2023,"SOM",706,"YEM",887,"Africa",5.152149,46.199616,15.552727,48.516388,44491
2023,"SOM",706,"ZAF",710,"Africa",5.152149,46.199616,-30.559482,22.937506,25148
2023,"SRB",688,"DEU",276,"Europe",44.016521,21.005859,51.165691,10.451526,8252
2023,"SRB",688,"FRA",250,"Europe",44.016521,21.005859,46.227638,2.213749,18762
2023,"SYR",760,"ARE",784,"Asia",34.802075,38.996815,23.424076,53.847818,6927
2023,"SYR",760,"AUT",40,"Asia",34.802075,38.996815,47.516231,14.550072,104907
2023,"SYR",760,"BEL",56,"Asia",34.802075,38.996815,50.503887,4.469936,22309
2023,"SYR",760,"BGR",100,"Asia",34.802075,38.996815,42.733883,25.48583,34140
2023,"SYR",760,"BRA",76,"Asia",34.802075,38.996815,-14.235004,-51.92528,6061
2023,"SYR",760,"CHE",756,"Asia",34.802075,38.996815,46.818188,8.227512,21037
2023,"SYR",760,"CYP",196,"Asia",34.802075,38.996815,35.126413,33.429859,25885
2023,"SYR",760,"DEU",276,"Asia",34.802075,38.996815,51.165691,10.451526,778454
2023,"SYR",760,"DNK",208,"Asia",34.802075,38.996815,56.26392,9.501785,18439
2023,"SYR",760,"DZA",12,"Asia",34.802075,38.996815,28.033886,1.659626,7785
2023,"SYR",760,"EGY",818,"Asia",34.802075,38.996815,26.820553,30.802498,153756
2023,"SYR",760,"ESP",724,"Asia",34.802075,38.996815,40.463667,-3.74922,17893
2023,"SYR",760,"FRA",250,"Asia",34.802075,38.996815,46.227638,2.213749,44590
2023,"SYR",760,"GBR",826,"Asia",34.802075,38.996815,55.378051,-3.435973,22133
2023,"SYR",760,"GRC",300,"Asia",34.802075,38.996815,39.074208,21.824312,55000
2023,"SYR",760,"IRQ",368,"Asia",34.802075,38.996815,33.223191,43.679291,271997
2023,"SYR",760,"JOR",400,"Asia",34.802075,38.996815,30.585164,36.238414,649091
2023,"SYR",760,"LBN",422,"Asia",34.802075,38.996815,33.854721,35.862285,784884
2023,"SYR",760,"LBY",434,"Asia",34.802075,38.996815,26.3351,17.228331,11983
2023,"SYR",760,"MAR",504,"Asia",34.802075,38.996815,31.791702,-7.09262,5782
2023,"SYR",760,"NLD",528,"Asia",34.802075,38.996815,52.132633,5.291266,74110
2023,"SYR",760,"NOR",578,"Asia",34.802075,38.996815,60.472024,8.468946,17247
2023,"SYR",760,"SDN",729,"Asia",34.802075,38.996815,12.862807,30.217636,26582
2023,"SYR",760,"SWE",752,"Asia",34.802075,38.996815,60.128161,18.643501,95729
2023,"SYR",760,"TUR",792,"Asia",34.802075,38.996815,38.963745,35.243322,3214780
2023,"SYR",760,"USA",840,"Asia",34.802075,38.996815,37.09024,-95.712891,11913
2023,"TCD",148,"CAF",140,"Africa",15.454166,18.732207,6.611111,20.939444,33660
2023,"TUR",792,"AUT",40,"Asia",38.963745,35.243322,47.516231,14.550072,5286
2023,"TUR",792,"BEL",56,"Asia",38.963745,35.243322,50.503887,4.469936,6412
2023,"TUR",792,"CAN",124,"Asia",38.963745,35.243322,56.130366,-106.346771,17558
2023,"TUR",792,"CHE",756,"Asia",38.963745,35.243322,46.818188,8.227512,17623
2023,"TUR",792,"DEU",276,"Asia",38.963745,35.243322,51.165691,10.451526,122222
2023,"TUR",792,"FRA",250,"Asia",38.963745,35.243322,46.227638,2.213749,28570
2023,"TUR",792,"GBR",826,"Asia",38.963745,35.243322,55.378051,-3.435973,10288
2023,"TUR",792,"IRQ",368,"Asia",38.963745,35.243322,33.223191,43.679291,7552
2023,"TUR",792,"NLD",528,"Asia",38.963745,35.243322,52.132633,5.291266,14353
2023,"TUR",792,"USA",840,"Asia",38.963745,35.243322,37.09024,-95.712891,28734
2023,"UGA",800,"USA",840,"Africa",1.373333,32.290275,37.09024,-95.712891,6330
2023,"UKR",804,"AUS",36,"Europe",48.379433,31.16558,-25.274398,133.775136,8281
2023,"UKR",804,"AUT",40,"Europe",48.379433,31.16558,47.516231,14.550072,83816
2023,"UKR",804,"BEL",56,"Europe",48.379433,31.16558,50.503887,4.469936,75260
2023,"UKR",804,"BGR",100,"Europe",48.379433,31.16558,42.733883,25.48583,68281
2023,"UKR",804,"BLR",112,"Europe",48.379433,31.16558,53.709807,27.953389,39927
2023,"UKR",804,"CAN",124,"Europe",48.379433,31.16558,56.130366,-106.346771,75246
2023,"UKR",804,"CHE",756,"Europe",48.379433,31.16558,46.818188,8.227512,66644
2023,"UKR",804,"CYP",196,"Europe",48.379433,31.16558,35.126413,33.429859,19130
2023,"UKR",804,"CZE",203,"Europe",48.379433,31.16558,49.817492,15.472962,374347
2023,"UKR",804,"DEU",276,"Europe",48.379433,31.16558,51.165691,10.451526,1099143
2023,"UKR",804,"DNK",208,"Europe",48.379433,31.16558,56.26392,9.501785,36689
2023,"UKR",804,"ESP",724,"Europe",48.379433,31.16558,40.463667,-3.74922,192472
2023,"UKR",804,"EST",233,"Europe",48.379433,31.16558,58.595272,25.013607,41757
2023,"UKR",804,"FIN",246,"Europe",48.379433,31.16558,61.92411,25.748151,63830
2023,"UKR",804,"FRA",250,"Europe",48.379433,31.16558,46.227638,2.213749,70047
2023,"UKR",804,"GBR",826,"Europe",48.379433,31.16558,55.378051,-3.435973,225824
2023,"UKR",804,"GEO",268,"Europe",48.379433,31.16558,42.315407,43.356892,24781
2023,"UKR",804,"GRC",300,"Europe",48.379433,31.16558,39.074208,21.824312,27113
2023,"UKR",804,"HRV",191,"Europe",48.379433,31.16558,45.1,15.2,23733
2023,"UKR",804,"HUN",348,"Europe",48.379433,31.16558,47.162494,19.503304,57401
2023,"UKR",804,"IRL",372,"Europe",48.379433,31.16558,53.41291,-8.24389,100836
2023,"UKR",804,"ISL",352,"Europe",48.379433,31.16558,64.963051,-19.020835,5450
2023,"UKR",804,"ITA",380,"Europe",48.379433,31.16558,41.87194,12.56738,165998
2023,"UKR",804,"LTU",440,"Europe",48.379433,31.16558,55.169438,23.881275,77345
2023,"UKR",804,"LUX",442,"Europe",48.379433,31.16558,49.815273,6.129583,5405
2023,"UKR",804,"LVA",428,"Europe",48.379433,31.16558,56.879635,24.603189,44312
2023,"UKR",804,"MDA",498,"Europe",48.379433,31.16558,47.411631,28.369885,120695
2023,"UKR",804,"MKD",807,"Europe",48.379433,31.16558,41.608635,21.745275,18703
2023,"UKR",804,"MNE",499,"Europe",48.379433,31.16558,42.708678,19.37439,64640
2023,"UKR",804,"NLD",528,"Europe",48.379433,31.16558,52.132633,5.291266,106628
2023,"UKR",804,"NOR",578,"Europe",48.379433,31.16558,60.472024,8.468946,67398
2023,"UKR",804,"POL",616,"Europe",48.379433,31.16558,51.919438,19.145136,956896
2023,"UKR",804,"PRT",620,"Europe",48.379433,31.16558,39.399872,-8.224454,51583
2023,"UKR",804,"ROU",642,"Europe",48.379433,31.16558,45.943161,24.96676,81499
2023,"UKR",804,"RUS",643,"Europe",48.379433,31.16558,61.52401,105.318756,1227811
2023,"UKR",804,"SVK",703,"Europe",48.379433,31.16558,48.669026,19.699024,124962
2023,"UKR",804,"SVN",705,"Europe",48.379433,31.16558,46.151241,14.995463,9514
2023,"UKR",804,"SWE",752,"Europe",48.379433,31.16558,60.128161,18.643501,44578
2023,"UKR",804,"USA",840,"Europe",48.379433,31.16558,37.09024,-95.712891,21072
2023,"UZB",860,"USA",840,"Asia",41.377491,64.585262,37.09024,-95.712891,16042
2023,"VEN",862,"BRA",76,"Americas",6.42375,-66.58973,-14.235004,-51.92528,147418
2023,"VEN",862,"CHL",152,"Americas",6.42375,-66.58973,-35.675147,-71.542969,8695
2023,"VEN",862,"COL",170,"Americas",6.42375,-66.58973,4.570868,-74.297333,24583
2023,"VEN",862,"CRI",188,"Americas",6.42375,-66.58973,9.748917,-83.753428,13526
2023,"VEN",862,"DEU",276,"Americas",6.42375,-66.58973,51.165691,10.451526,6678
2023,"VEN",862,"ECU",218,"Americas",6.42375,-66.58973,-1.831239,-78.183406,5504
2023,"VEN",862,"ESP",724,"Americas",6.42375,-66.58973,40.463667,-3.74922,188209
2023,"VEN",862,"ITA",380,"Americas",6.42375,-66.58973,41.87194,12.56738,5773
2023,"VEN",862,"MEX",484,"Americas",6.42375,-66.58973,23.634501,-102.552784,39355
2023,"VEN",862,"PER",604,"Americas",6.42375,-66.58973,-9.189967,-75.015152,498382
2023,"VEN",862,"PRY",600,"Americas",6.42375,-66.58973,-23.442503,-58.443832,5394
2023,"VEN",862,"TTO",780,"Americas",6.42375,-66.58973,10.691803,-61.222503,28312
2023,"VEN",862,"USA",840,"Americas",6.42375,-66.58973,37.09024,-95.712891,550169
2023,"VNM",704,"FRA",250,"Asia",14.058324,108.277199,46.227638,2.213749,7772
2023,"VNM",704,"GBR",826,"Asia",14.058324,108.277199,55.378051,-3.435973,6704
2023,"YEM",887,"DEU",276,"Asia",15.552727,48.516388,51.165691,10.451526,6871
2023,"YEM",887,"EGY",818,"Asia",15.552727,48.516388,26.820553,30.802498,8445
2023,"YEM",887,"JOR",400,"Asia",15.552727,48.516388,30.585164,36.238414,12795
2023,"YEM",887,"NLD",528,"Asia",15.552727,48.516388,52.132633,5.291266,9411
2023,"YEM",887,"SOM",706,"Asia",15.552727,48.516388,5.152149,46.199616,10995
2023,"ZWE",716,"ZAF",710,"Africa",-19.015438,29.154857,-30.559482,22.937506,6738
2024,"AFG",4,"AUS",36,"Asia",33.93911,67.709953,-25.274398,133.775136,6335
2024,"AFG",4,"AUT",40,"Asia",33.93911,67.709953,47.516231,14.550072,49022
2024,"AFG",4,"BEL",56,"Asia",33.93911,67.709953,50.503887,4.469936,15952
2024,"AFG",4,"BRA",76,"Asia",33.93911,67.709953,-14.235004,-51.92528,7267
2024,"AFG",4,"CAN",124,"Asia",33.93911,67.709953,56.130366,-106.346771,6147
2024,"AFG",4,"CHE",756,"Asia",33.93911,67.709953,46.818188,8.227512,23715
2024,"AFG",4,"DEU",276,"Asia",33.93911,67.709953,51.165691,10.451526,324396
2024,"AFG",4,"DNK",208,"Asia",33.93911,67.709953,56.26392,9.501785,5327
2024,"AFG",4,"ESP",724,"Asia",33.93911,67.709953,40.463667,-3.74922,5530
2024,"AFG",4,"FRA",250,"Asia",33.93911,67.709953,46.227638,2.213749,99882
2024,"AFG",4,"GBR",826,"Asia",33.93911,67.709953,55.378051,-3.435973,65907
2024,"AFG",4,"GRC",300,"Asia",33.93911,67.709953,39.074208,21.824312,29240
2024,"AFG",4,"IDN",360,"Asia",33.93911,67.709953,-0.789275,113.921327,5198
2024,"AFG",4,"IND",356,"Asia",33.93911,67.709953,20.593684,78.96288,9764
2024,"AFG",4,"IRN",364,"Asia",33.93911,67.709953,32.427908,53.688046,3477082
2024,"AFG",4,"ITA",380,"Asia",33.93911,67.709953,41.87194,12.56738,20879
2024,"AFG",4,"NLD",528,"Asia",33.93911,67.709953,52.132633,5.291266,9421
2024,"AFG",4,"PAK",586,"Asia",33.93911,67.709953,30.375321,69.345116,1758574
2024,"AFG",4,"SWE",752,"Asia",33.93911,67.709953,60.128161,18.643501,25911
2024,"AFG",4,"TJK",762,"Asia",33.93911,67.709953,38.861034,71.276093,12931
2024,"AFG",4,"TUR",792,"Asia",33.93911,67.709953,38.963745,35.243322,83629
2024,"AFG",4,"USA",840,"Asia",33.93911,67.709953,37.09024,-95.712891,57034
2024,"AFG",4,"UZB",860,"Asia",33.93911,67.709953,41.377491,64.585262,8505
2024,"AGO",24,"FRA",250,"Africa",-11.202692,17.873887,46.227638,2.213749,9268
2024,"AGO",24,"USA",840,"Africa",-11.202692,17.873887,37.09024,-95.712891,10461
2024,"ALB",8,"FRA",250,"Europe",41.153332,20.168331,46.227638,2.213749,12676
2024,"ALB",8,"GBR",826,"Europe",41.153332,20.168331,55.378051,-3.435973,8904
2024,"ARM",51,"DEU",276,"Asia",40.069099,45.038189,51.165691,10.451526,8176
2024,"ARM",51,"FRA",250,"Asia",40.069099,45.038189,46.227638,2.213749,7827
2024,"ARM",51,"USA",840,"Asia",40.069099,45.038189,37.09024,-95.712891,15723
2024,"AZE",31,"ARM",51,"Asia",40.143105,47.576927,40.069099,45.038189,137152
2024,"AZE",31,"DEU",276,"Asia",40.143105,47.576927,51.165691,10.451526,9870
2024,"AZE",31,"FRA",250,"Asia",40.143105,47.576927,46.227638,2.213749,5205
2024,"BDI",108,"BEL",56,"Africa",-3.373056,29.918886,50.503887,4.469936,5588
2024,"BDI",108,"COD",180,"Africa",-3.373056,29.918886,-4.038333,21.758664,50878
2024,"BDI",108,"KEN",404,"Africa",-3.373056,29.918886,-0.023559,37.906193,32380
2024,"BDI",108,"MOZ",508,"Africa",-3.373056,29.918886,-18.665695,35.529562,8559
2024,"BDI",108,"MWI",454,"Africa",-3.373056,29.918886,-13.254308,34.301525,12413
2024,"BDI",108,"RWA",646,"Africa",-3.373056,29.918886,-1.940278,29.873888,49629
2024,"BDI",108,"TZA",834,"Africa",-3.373056,29.918886,-6.369028,34.888822,142495
2024,"BDI",108,"UGA",800,"Africa",-3.373056,29.918886,1.373333,32.290275,42970
2024,"BDI",108,"ZAF",710,"Africa",-3.373056,29.918886,-30.559482,22.937506,8175
2024,"BDI",108,"ZMB",894,"Africa",-3.373056,29.918886,-13.133897,27.849332,14071
2024,"BFA",854,"BEN",204,"Africa",12.238333,-1.561593,9.30769,2.315834,13761
2024,"BFA",854,"CIV",384,"Africa",12.238333,-1.561593,7.539989,-5.54708,64486
2024,"BFA",854,"GHA",288,"Africa",12.238333,-1.561593,7.946527,-1.023194,9443
2024,"BFA",854,"ITA",380,"Africa",12.238333,-1.561593,41.87194,12.56738,10325
2024,"BFA",854,"MLI",466,"Africa",12.238333,-1.561593,17.570692,-3.996166,93445
2024,"BFA",854,"NER",562,"Africa",12.238333,-1.561593,17.607789,8.081666,38262
2024,"BFA",854,"TGO",768,"Africa",12.238333,-1.561593,8.619543,0.824782,39504
2024,"BFA",854,"USA",840,"Africa",12.238333,-1.561593,37.09024,-95.712891,5923
2024,"BGD",50,"CAN",124,"Asia",23.684994,90.356331,56.130366,-106.346771,21961
2024,"BGD",50,"FRA",250,"Asia",23.684994,90.356331,46.227638,2.213749,16855
2024,"BGD",50,"GBR",826,"Asia",23.684994,90.356331,55.378051,-3.435973,11704
2024,"BGD",50,"ITA",380,"Asia",23.684994,90.356331,41.87194,12.56738,44026
2024,"BGD",50,"USA",840,"Asia",23.684994,90.356331,37.09024,-95.712891,22815
2024,"BGD",50,"ZAF",710,"Asia",23.684994,90.356331,-30.559482,22.937506,9571
2024,"BIH",70,"DNK",208,"Europe",43.915886,17.679076,56.26392,9.501785,5734
2024,"BIH",70,"FRA",250,"Europe",43.915886,17.679076,46.227638,2.213749,6919
2024,"BIH",70,"SRB",688,"Europe",43.915886,17.679076,44.016521,21.005859,7810
2024,"BLR",112,"POL",616,"Europe",53.709807,27.953389,51.919438,19.145136,12120
2024,"BLR",112,"USA",840,"Europe",53.709807,27.953389,37.09024,-95.712891,9236
2024,"BOL",68,"USA",840,"Americas",-16.290154,-63.588653,37.09024,-95.712891,6100
2024,"BRA",76,"MEX",484,"Americas",-14.235004,-51.92528,23.634501,-102.552784,8430
2024,"BRA",76,"USA",840,"Americas",-14.235004,-51.92528,37.09024,-95.712891,73127
2024,"BTN",64,"NPL",524,"Asia",27.514162,90.433601,28.394857,84.124008,6365
2024,"CAF",140,"CMR",120,"Africa",6.611111,20.939444,7.369722,12.354722,297618
2024,"CAF",140,"COD",180,"Africa",6.611111,20.939444,-4.038333,21.758664,206254
2024,"CAF",140,"COG",178,"Africa",6.611111,20.939444,-0.228021,15.827659,35221
2024,"CAF",140,"FRA",250,"Africa",6.611111,20.939444,46.227638,2.213749,7370
2024,"CAF",140,"SDN",729,"Africa",6.611111,20.939444,12.862807,30.217636,10058
2024,"CAF",140,"TCD",148,"Africa",6.611111,20.939444,15.454166,18.732207,141794
2024,"CHL",152,"MEX",484,"Americas",-35.675147,-71.542969,23.634501,-102.552784,8489
2024,"CHL",152,"USA",840,"Americas",-35.675147,-71.542969,37.09024,-95.712891,12800
2024,"CHN",156,"AUS",36,"Asia",35.86166,104.195397,-25.274398,133.775136,14850
2024,"CHN",156,"CAN",124,"Asia",35.86166,104.195397,56.130366,-106.346771,9917
2024,"CHN",156,"FRA",250,"Asia",35.86166,104.195397,46.227638,2.213749,14669
2024,"CHN",156,"IND",356,"Asia",35.86166,104.195397,20.593684,78.96288,63169
2024,"CHN",156,"USA",840,"Asia",35.86166,104.195397,37.09024,-95.712891,207953
2024,"CIV",384,"AGO",24,"Africa",7.539989,-5.54708,-11.202692,17.873887,6357
2024,"CIV",384,"FRA",250,"Africa",7.539989,-5.54708,46.227638,2.213749,25986
2024,"CIV",384,"ITA",380,"Africa",7.539989,-5.54708,41.87194,12.56738,7453
2024,"CMR",120,"FRA",250,"Africa",7.369722,12.354722,46.227638,2.213749,5722
2024,"CMR",120,"NGA",566,"Africa",7.369722,12.354722,9.081999,8.675277,106726
2024,"CMR",120,"TCD",148,"Africa",7.369722,12.354722,15.454166,18.732207,9127
2024,"CMR",120,"USA",840,"Africa",7.369722,12.354722,37.09024,-95.712891,16167
2024,"COD",180,"AGO",24,"Africa",-4.038333,21.758664,-11.202692,17.873887,22906
2024,"COD",180,"BDI",108,"Africa",-4.038333,21.758664,-3.373056,29.918886,90145
2024,"COD",180,"CAF",140,"Africa",-4.038333,21.758664,6.611111,20.939444,6793
2024,"COD",180,"CAN",124,"Africa",-4.038333,21.758664,56.130366,-106.346771,12224
2024,"COD",180,"COG",178,"Africa",-4.038333,21.758664,-0.228021,15.827659,30446
2024,"COD",180,"FRA",250,"Africa",-4.038333,21.758664,46.227638,2.213749,45526
2024,"COD",180,"KEN",404,"Africa",-4.038333,21.758664,-0.023559,37.906193,63203
2024,"COD",180,"MOZ",508,"Africa",-4.038333,21.758664,-18.665695,35.529562,9340
2024,"COD",180,"MWI",454,"Africa",-4.038333,21.758664,-13.254308,34.301525,36777
2024,"COD",180,"NAM",516,"Africa",-4.038333,21.758664,-22.95764,18.49041,5863
2024,"COD",180,"NOR",578,"Africa",-4.038333,21.758664,60.472024,8.468946,5210
2024,"COD",180,"RWA",646,"Africa",-4.038333,21.758664,-1.940278,29.873888,77876
2024,"COD",180,"SWE",752,"Africa",-4.038333,21.758664,60.128161,18.643501,5570
2024,"COD",180,"TZA",834,"Africa",-4.038333,21.758664,-6.369028,34.888822,75035
2024,"COD",180,"UGA",800,"Africa",-4.038333,21.758664,1.373333,32.290275,561880
2024,"COD",180,"USA",840,"Africa",-4.038333,21.758664,37.09024,-95.712891,6358
2024,"COD",180,"ZAF",710,"Africa",-4.038333,21.758664,-30.559482,22.937506,46378
2024,"COD",180,"ZMB",894,"Africa",-4.038333,21.758664,-13.133897,27.849332,67524
2024,"COD",180,"ZWE",716,"Africa",-4.038333,21.758664,-19.015438,29.154857,12147
2024,"COG",178,"FRA",250,"Africa",-0.228021,15.827659,46.227638,2.213749,7308
2024,"COG",178,"USA",840,"Africa",-0.228021,15.827659,37.09024,-95.712891,5056
2024,"COG",178,"ZAF",710,"Africa",-0.228021,15.827659,-30.559482,22.937506,8137
2024,"COL",170,"CAN",124,"Americas",4.570868,-74.297333,56.130366,-106.346771,21847
2024,"COL",170,"CRI",188,"Americas",4.570868,-74.297333,9.748917,-83.753428,11680
2024,"COL",170,"DEU",276,"Americas",4.570868,-74.297333,51.165691,10.451526,6435
2024,"COL",170,"ECU",218,"Americas",4.570868,-74.297333,-1.831239,-78.183406,23336
2024,"COL",170,"ESP",724,"Americas",4.570868,-74.297333,40.463667,-3.74922,96523
2024,"COL",170,"ITA",380,"Americas",4.570868,-74.297333,41.87194,12.56738,6241
2024,"COL",170,"MEX",484,"Americas",4.570868,-74.297333,23.634501,-102.552784,5841
2024,"COL",170,"PER",604,"Americas",4.570868,-74.297333,-9.189967,-75.015152,5633
2024,"COL",170,"USA",840,"Americas",4.570868,-74.297333,37.09024,-95.712891,255102
2024,"COL",170,"VEN",862,"Americas",4.570868,-74.297333,6.42375,-66.58973,20745
2024,"CUB",192,"BRA",76,"Americas",21.521757,-77.781167,-14.235004,-51.92528,34950
2024,"CUB",192,"CRI",188,"Americas",21.521757,-77.781167,9.748917,-83.753428,8260
2024,"CUB",192,"ESP",724,"Americas",21.521757,-77.781167,40.463667,-3.74922,6902
2024,"CUB",192,"MEX",484,"Americas",21.521757,-77.781167,23.634501,-102.552784,49016
2024,"CUB",192,"PER",604,"Americas",21.521757,-77.781167,-9.189967,-75.015152,8186
2024,"CUB",192,"URY",858,"Americas",21.521757,-77.781167,-32.522779,-55.765835,23872
2024,"CUB",192,"USA",840,"Americas",21.521757,-77.781167,37.09024,-95.712891,222552
2024,"DOM",214,"USA",840,"Americas",18.735693,-70.162651,37.09024,-95.712891,10719
2024,"DZA",12,"CAN",124,"Africa",28.033886,1.659626,56.130366,-106.346771,5731
2024,"ECU",218,"USA",840,"Americas",-1.831239,-78.183406,37.09024,-95.712891,99588
2024,"EGY",818,"ITA",380,"Africa",26.820553,30.802498,41.87194,12.56738,25024
2024,"EGY",818,"USA",840,"Africa",26.820553,30.802498,37.09024,-95.712891,28363
2024,"ERI",232,"BEL",56,"Africa",15.179384,39.782334,50.503887,4.469936,9447
2024,"ERI",232,"CHE",756,"Africa",15.179384,39.782334,46.818188,8.227512,38608
2024,"ERI",232,"DEU",276,"Africa",15.179384,39.782334,51.165691,10.451526,71351
2024,"ERI",232,"DNK",208,"Africa",15.179384,39.782334,56.26392,9.501785,5479
2024,"ERI",232,"EGY",818,"Africa",15.179384,39.782334,26.820553,30.802498,39260
2024,"ERI",232,"ETH",231,"Africa",15.179384,39.782334,9.145,40.489673,179117
2024,"ERI",232,"FRA",250,"Africa",15.179384,39.782334,46.227638,2.213749,14749
2024,"ERI",232,"GBR",826,"Africa",15.179384,39.782334,55.378051,-3.435973,28271
2024,"ERI",232,"ISR",376,"Africa",15.179384,39.782334,31.046051,34.851612,6909
2024,"ERI",232,"LBY",434,"Africa",15.179384,39.782334,26.3351,17.228331,7840
2024,"ERI",232,"NLD",528,"Africa",15.179384,39.782334,52.132633,5.291266,13623
2024,"ERI",232,"SDN",729,"Africa",15.179384,39.782334,12.862807,30.217636,132013
2024,"ERI",232,"SWE",752,"Africa",15.179384,39.782334,60.128161,18.643501,14769
2024,"ERI",232,"UGA",800,"Africa",15.179384,39.782334,1.373333,32.290275,59480
2024,"ERI",232,"USA",840,"Africa",15.179384,39.782334,37.09024,-95.712891,7602
2024,"ESH",732,"DZA",12,"Africa",24.215527,-12.885834,28.033886,1.659626,173600
2024,"ETH",231,"CAN",124,"Africa",9.145,40.489673,56.130366,-106.346771,5289
2024,"ETH",231,"DEU",276,"Africa",9.145,40.489673,51.165691,10.451526,10013
2024,"ETH",231,"DJI",262,"Africa",9.145,40.489673,11.825138,42.590275,13796
2024,"ETH",231,"EGY",818,"Africa",9.145,40.489673,26.820553,30.802498,18019
2024,"ETH",231,"FRA",250,"Africa",9.145,40.489673,46.227638,2.213749,5005
2024,"ETH",231,"KEN",404,"Africa",9.145,40.489673,-0.023559,37.906193,42227
2024,"ETH",231,"SDN",729,"Africa",9.145,40.489673,12.862807,30.217636,69895
2024,"ETH",231,"SOM",706,"Africa",9.145,40.489673,5.152149,46.199616,27041
2024,"ETH",231,"UGA",800,"Africa",9.145,40.489673,1.373333,32.290275,14834
2024,"ETH",231,"USA",840,"Africa",9.145,40.489673,37.09024,-95.712891,22356
2024,"ETH",231,"YEM",887,"Africa",9.145,40.489673,15.552727,48.516388,16055
2024,"ETH",231,"ZAF",710,"Africa",9.145,40.489673,-30.559482,22.937506,46873
2024,"GEO",268,"DEU",276,"Asia",42.315407,43.356892,51.165691,10.451526,7411
2024,"GEO",268,"FRA",250,"Asia",42.315407,43.356892,46.227638,2.213749,9013
2024,"GEO",268,"ITA",380,"Asia",42.315407,43.356892,41.87194,12.56738,5922
2024,"GEO",268,"USA",840,"Asia",42.315407,43.356892,37.09024,-95.712891,17041
2024,"GHA",288,"CAN",124,"Africa",7.946527,-1.023194,56.130366,-106.346771,9894
2024,"GHA",288,"TGO",768,"Africa",7.946527,-1.023194,8.619543,0.824782,8437
2024,"GHA",288,"USA",840,"Africa",7.946527,-1.023194,37.09024,-95.712891,6556
2024,"GIN",324,"AGO",24,"Africa",9.945587,-9.696645,-11.202692,17.873887,9272
2024,"GIN",324,"DEU",276,"Africa",9.945587,-9.696645,51.165691,10.451526,10824
2024,"GIN",324,"FRA",250,"Africa",9.945587,-9.696645,46.227638,2.213749,36126
2024,"GIN",324,"ITA",380,"Africa",9.945587,-9.696645,41.87194,12.56738,5299
2024,"GIN",324,"USA",840,"Africa",9.945587,-9.696645,37.09024,-95.712891,16946
2024,"GTM",320,"MEX",484,"Americas",15.783471,-90.230759,23.634501,-102.552784,15899
2024,"GTM",320,"USA",840,"Americas",15.783471,-90.230759,37.09024,-95.712891,212466
2024,"HND",340,"ESP",724,"Americas",15.199999,-86.241905,40.463667,-3.74922,7988
2024,"HND",340,"MEX",484,"Americas",15.199999,-86.241905,23.634501,-102.552784,135754
2024,"HND",340,"USA",840,"Americas",15.199999,-86.241905,37.09024,-95.712891,187263
2024,"HRV",191,"SRB",688,"Europe",45.1,15.2,44.016521,21.005859,17052
2024,"HTI",332,"BRA",76,"Americas",18.971187,-72.285215,-14.235004,-51.92528,94321
2024,"HTI",332,"CAN",124,"Americas",18.971187,-72.285215,56.130366,-106.346771,33761
2024,"HTI",332,"FRA",250,"Americas",18.971187,-72.285215,46.227638,2.213749,19753
2024,"HTI",332,"MEX",484,"Americas",18.971187,-72.285215,23.634501,-102.552784,87725
2024,"HTI",332,"USA",840,"Americas",18.971187,-72.285215,37.09024,-95.712891,184546
2024,"IDN",360,"PNG",598,"Asia",-0.789275,113.921327,-6.314993,143.95555,10930
2024,"IDN",360,"USA",840,"Asia",-0.789275,113.921327,37.09024,-95.712891,11286
2024,"IND",356,"AUS",36,"Asia",20.593684,78.96288,-25.274398,133.775136,12400
2024,"IND",356,"CAN",124,"Asia",20.593684,78.96288,56.130366,-106.346771,61470
2024,"IND",356,"GBR",826,"Asia",20.593684,78.96288,55.378051,-3.435973,6036
2024,"IND",356,"ITA",380,"Asia",20.593684,78.96288,41.87194,12.56738,6662
2024,"IND",356,"USA",840,"Asia",20.593684,78.96288,37.09024,-95.712891,140959
2024,"IRN",364,"AUS",36,"Asia",32.427908,53.688046,-25.274398,133.775136,9948
2024,"IRN",364,"AUT",40,"Asia",32.427908,53.688046,47.516231,14.550072,8118
2024,"IRN",364,"CAN",124,"Asia",32.427908,53.688046,56.130366,-106.346771,19781
2024,"IRN",364,"DEU",276,"Asia",32.427908,53.688046,51.165691,10.451526,62361
2024,"IRN",364,"FRA",250,"Asia",32.427908,53.688046,46.227638,2.213749,5420
2024,"IRN",364,"GBR",826,"Asia",32.427908,53.688046,55.378051,-3.435973,46731
2024,"IRN",364,"IRQ",368,"Asia",32.427908,53.688046,33.223191,43.679291,9439
2024,"IRN",364,"NLD",528,"Asia",32.427908,53.688046,52.132633,5.291266,6352
2024,"IRN",364,"SWE",752,"Asia",32.427908,53.688046,60.128161,18.643501,5315
2024,"IRN",364,"TUR",792,"Asia",32.427908,53.688046,38.963745,35.243322,13314
2024,"IRN",364,"USA",840,"Asia",32.427908,53.688046,37.09024,-95.712891,9950
2024,"IRQ",368,"AUT",40,"Asia",33.223191,43.679291,47.516231,14.550072,10590
2024,"IRQ",368,"DEU",276,"Asia",33.223191,43.679291,51.165691,10.451526,164440
2024,"IRQ",368,"FIN",246,"Asia",33.223191,43.679291,61.92411,25.748151,8735
2024,"IRQ",368,"FRA",250,"Asia",33.223191,43.679291,46.227638,2.213749,14389
2024,"IRQ",368,"GBR",826,"Asia",33.223191,43.679291,55.378051,-3.435973,19995
2024,"IRQ",368,"GRC",300,"Asia",33.223191,43.679291,39.074208,21.824312,10052
2024,"IRQ",368,"IRN",364,"Asia",33.223191,43.679291,32.427908,53.688046,12175
2024,"IRQ",368,"ITA",380,"Asia",33.223191,43.679291,41.87194,12.56738,7194
2024,"IRQ",368,"JOR",400,"Asia",33.223191,43.679291,30.585164,36.238414,46460
2024,"IRQ",368,"NLD",528,"Asia",33.223191,43.679291,52.132633,5.291266,7799
2024,"IRQ",368,"SWE",752,"Asia",33.223191,43.679291,60.128161,18.643501,5658
2024,"IRQ",368,"SYR",760,"Asia",33.223191,43.679291,34.802075,38.996815,12460
2024,"IRQ",368,"TUR",792,"Asia",33.223191,43.679291,38.963745,35.243322,87597
2024,"IRQ",368,"USA",840,"Asia",33.223191,43.679291,37.09024,-95.712891,9221
2024,"JAM",388,"USA",840,"Americas",18.109581,-77.297508,37.09024,-95.712891,8473
2024,"JOR",400,"USA",840,"Asia",30.585164,36.238414,37.09024,-95.712891,7272
2024,"KAZ",398,"USA",840,"Asia",48.019573,66.923684,37.09024,-95.712891,9100
2024,"KEN",404,"CAN",124,"Africa",-0.023559,37.906193,56.130366,-106.346771,8043
2024,"KEN",404,"ETH",231,"Africa",-0.023559,37.906193,9.145,40.489673,5649
2024,"KEN",404,"USA",840,"Africa",-0.023559,37.906193,37.09024,-95.712891,12059
2024,"KGZ",417,"USA",840,"Asia",41.20438,74.766098,37.09024,-95.712891,11239
2024,"KHM",116,"FRA",250,"Asia",12.565679,104.990963,46.227638,2.213749,10613
2024,"LAO",418,"FRA",250,"Asia",19.85627,102.495496,46.227638,2.213749,6199
2024,"LBN",422,"DEU",276,"Asia",33.854721,35.862285,51.165691,10.451526,5915
2024,"LBY",434,"GBR",826,"Africa",26.3351,17.228331,55.378051,-3.435973,6791
2024,"LKA",144,"CAN",124,"Asia",7.873054,80.771797,56.130366,-106.346771,14612
2024,"LKA",144,"CHE",756,"Asia",7.873054,80.771797,46.818188,8.227512,6186
2024,"LKA",144,"FRA",250,"Asia",7.873054,80.771797,46.227638,2.213749,36954
2024,"LKA",144,"GBR",826,"Asia",7.873054,80.771797,55.378051,-3.435973,7839
2024,"LKA",144,"IND",356,"Asia",7.873054,80.771797,20.593684,78.96288,90365
2024,"LKA",144,"ITA",380,"Asia",7.873054,80.771797,41.87194,12.56738,5709
2024,"MAR",504,"ITA",380,"Africa",31.791702,-7.09262,41.87194,12.56738,10253
2024,"MEX",484,"CAN",124,"Americas",23.634501,-102.552784,56.130366,-106.346771,55161
2024,"MEX",484,"USA",840,"Americas",23.634501,-102.552784,37.09024,-95.712891,187410
2024,"MLI",466,"BFA",854,"Africa",17.570692,-3.996166,12.238333,-1.561593,39306
2024,"MLI",466,"ESP",724,"Africa",17.570692,-3.996166,40.463667,-3.74922,12907
2024,"MLI",466,"FRA",250,"Africa",17.570692,-3.996166,46.227638,2.213749,10671
2024,"MLI",466,"ITA",380,"Africa",17.570692,-3.996166,41.87194,12.56738,18377
2024,"MLI",466,"MRT",478,"Africa",17.570692,-3.996166,21.00789,-10.940835,158129
2024,"MLI",466,"NER",562,"Africa",17.570692,-3.996166,17.607789,8.081666,122475
2024,"MMR",104,"BGD",50,"Asia",21.913965,95.956223,23.684994,90.356331,1005596
2024,"MMR",104,"IND",356,"Asia",21.913965,95.956223,20.593684,78.96288,81682
2024,"MMR",104,"JPN",392,"Asia",21.913965,95.956223,36.204824,138.252924,24761
2024,"MMR",104,"MYS",458,"Asia",21.913965,95.956223,4.210484,101.975766,170534
2024,"MMR",104,"THA",764,"Asia",21.913965,95.956223,15.870032,100.992541,81005
2024,"MMR",104,"USA",840,"Asia",21.913965,95.956223,37.09024,-95.712891,10989
2024,"MOZ",508,"ZWE",716,"Africa",-18.665695,35.529562,-19.015438,29.154857,8455
2024,"MRT",478,"AGO",24,"Africa",21.00789,-10.940835,-11.202692,17.873887,5725
2024,"MRT",478,"FRA",250,"Africa",21.00789,-10.940835,46.227638,2.213749,10231
2024,"MRT",478,"MLI",466,"Africa",21.00789,-10.940835,17.570692,-3.996166,15010
2024,"MRT",478,"SEN",686,"Africa",21.00789,-10.940835,14.497401,-14.452362,11574
2024,"MRT",478,"USA",840,"Africa",21.00789,-10.940835,37.09024,-95.712891,19756
2024,"MYS",458,"AUS",36,"Asia",4.210484,101.975766,-25.274398,133.775136,10407
2024,"NER",562,"CMR",120,"Africa",17.607789,8.081666,7.369722,12.354722,6490
2024,"NER",562,"MLI",466,"Africa",17.607789,8.081666,17.570692,-3.996166,25162
2024,"NER",562,"NGA",566,"Africa",17.607789,8.081666,9.081999,8.675277,14976
2024,"NGA",566,"CAN",124,"Africa",9.081999,8.675277,56.130366,-106.346771,28788
2024,"NGA",566,"CMR",120,"Africa",9.081999,8.675277,7.369722,12.354722,132509
2024,"NGA",566,"DEU",276,"Africa",9.081999,8.675277,51.165691,10.451526,19372
2024,"NGA",566,"FRA",250,"Africa",9.081999,8.675277,46.227638,2.213749,10335
2024,"NGA",566,"GBR",826,"Africa",9.081999,8.675277,55.378051,-3.435973,7678
2024,"NGA",566,"IRL",372,"Africa",9.081999,8.675277,53.41291,-8.24389,7464
2024,"NGA",566,"ITA",380,"Africa",9.081999,8.675277,41.87194,12.56738,23971
2024,"NGA",566,"NER",562,"Africa",9.081999,8.675277,17.607789,8.081666,245883
2024,"NGA",566,"TCD",148,"Africa",9.081999,8.675277,15.454166,18.732207,21882
2024,"NGA",566,"USA",840,"Africa",9.081999,8.675277,37.09024,-95.712891,37855
2024,"NIC",558,"CRI",188,"Americas",12.865416,-85.207229,9.748917,-83.753428,205364
2024,"NIC",558,"ESP",724,"Americas",12.865416,-85.207229,40.463667,-3.74922,8648
2024,"NIC",558,"MEX",484,"Americas",12.865416,-85.207229,23.634501,-102.552784,11655
2024,"NIC",558,"PAN",591,"Americas",12.865416,-85.207229,8.537981,-80.782127,5001
2024,"NIC",558,"USA",840,"Americas",12.865416,-85.207229,37.09024,-95.712891,150709
2024,"NPL",524,"USA",840,"Asia",28.394857,84.124008,37.09024,-95.712891,19280
2024,"PAK",586,"AFG",4,"Asia",30.375321,69.345116,33.93911,67.709953,21126
2024,"PAK",586,"CAN",124,"Asia",30.375321,69.345116,56.130366,-106.346771,15513
2024,"PAK",586,"DEU",276,"Asia",30.375321,69.345116,51.165691,10.451526,12933
2024,"PAK",586,"GBR",826,"Asia",30.375321,69.345116,55.378051,-3.435973,22165
2024,"PAK",586,"ITA",380,"Asia",30.375321,69.345116,41.87194,12.56738,40008
2024,"PAK",586,"MYS",458,"Asia",30.375321,69.345116,4.210484,101.975766,5709
2024,"PAK",586,"USA",840,"Asia",30.375321,69.345116,37.09024,-95.712891,18174
2024,"PER",604,"ESP",724,"Americas",-9.189967,-75.015152,40.463667,-3.74922,24531
2024,"PER",604,"ITA",380,"Americas",-9.189967,-75.015152,41.87194,12.56738,22185
2024,"PER",604,"USA",840,"Americas",-9.189967,-75.015152,37.09024,-95.712891,70641
2024,"PSE",275,"BEL",56,"Asia",31.952162,35.233154,50.503887,4.469936,14620
2024,"PSE",275,"GRC",300,"Asia",31.952162,35.233154,39.074208,21.824312,12121
2024,"PSE",275,"IRQ",368,"Asia",31.952162,35.233154,33.223191,43.679291,7174
2024,"ROU",642,"USA",840,"Europe",45.943161,24.96676,37.09024,-95.712891,6923
2024,"RUS",643,"AUT",40,"Europe",61.52401,105.318756,47.516231,14.550072,5326
2024,"RUS",643,"DEU",276,"Europe",61.52401,105.318756,51.165691,10.451526,29347
2024,"RUS",643,"ESP",724,"Europe",61.52401,105.318756,40.463667,-3.74922,6217
2024,"RUS",643,"FRA",250,"Europe",61.52401,105.318756,46.227638,2.213749,38460
2024,"RUS",643,"KOR",410,"Europe",61.52401,105.318756,35.907757,127.766922,8689
2024,"RUS",643,"POL",616,"Europe",61.52401,105.318756,51.919438,19.145136,5973
2024,"RUS",643,"USA",840,"Europe",61.52401,105.318756,37.09024,-95.712891,95763
2024,"RWA",646,"COD",180,"Africa",-1.940278,29.873888,-4.038333,21.758664,204359
2024,"RWA",646,"FRA",250,"Africa",-1.940278,29.873888,46.227638,2.213749,5182
2024,"RWA",646,"MWI",454,"Africa",-1.940278,29.873888,-13.254308,34.301525,7052
2024,"RWA",646,"UGA",800,"Africa",-1.940278,29.873888,1.373333,32.290275,24215
2024,"SDN",729,"CAF",140,"Africa",12.862807,30.217636,6.611111,20.939444,30025
2024,"SDN",729,"DEU",276,"Africa",12.862807,30.217636,51.165691,10.451526,5485
2024,"SDN",729,"EGY",818,"Africa",12.862807,30.217636,26.820553,30.802498,602702
2024,"SDN",729,"ETH",231,"Africa",12.862807,30.217636,9.145,40.489673,90820
2024,"SDN",729,"FRA",250,"Africa",12.862807,30.217636,46.227638,2.213749,33310
2024,"SDN",729,"GBR",826,"Africa",12.862807,30.217636,55.378051,-3.435973,23373
2024,"SDN",729,"ISR",376,"Africa",12.862807,30.217636,31.046051,34.851612,5004
2024,"SDN",729,"KEN",404,"Africa",12.862807,30.217636,-0.023559,37.906193,12169
2024,"SDN",729,"LBY",434,"Africa",12.862807,30.217636,26.3351,17.228331,255648
2024,"SDN",729,"TCD",148,"Africa",12.862807,30.217636,15.454166,18.732207,1112461
2024,"SDN",729,"TUN",788,"Africa",12.862807,30.217636,33.886917,9.537499,6047
2024,"SDN",729,"UGA",800,"Africa",12.862807,30.217636,1.373333,32.290275,65535
2024,"SEN",686,"ESP",724,"Africa",14.497401,-14.452362,40.463667,-3.74922,7093
2024,"SEN",686,"USA",840,"Africa",14.497401,-14.452362,37.09024,-95.712891,21352
2024,"SLV",222,"ITA",380,"Americas",13.794185,-88.89653,41.87194,12.56738,6592
2024,"SLV",222,"MEX",484,"Americas",13.794185,-88.89653,23.634501,-102.552784,33072
2024,"SLV",222,"USA",840,"Americas",13.794185,-88.89653,37.09024,-95.712891,151226
2024,"SOM",706,"AUT",40,"Africa",5.152149,46.199616,47.516231,14.550072,12783
2024,"SOM",706,"DEU",276,"Africa",5.152149,46.199616,51.165691,10.451526,47399
2024,"SOM",706,"DJI",262,"Africa",5.152149,46.199616,11.825138,42.590275,13661
2024,"SOM",706,"EGY",818,"Africa",5.152149,46.199616,26.820553,30.802498,7895
2024,"SOM",706,"ETH",231,"Africa",5.152149,46.199616,9.145,40.489673,361934
2024,"SOM",706,"FRA",250,"Africa",5.152149,46.199616,46.227638,2.213749,16501
2024,"SOM",706,"ITA",380,"Africa",5.152149,46.199616,41.87194,12.56738,8351
2024,"SOM",706,"KEN",404,"Africa",5.152149,46.199616,-0.023559,37.906193,468507
2024,"SOM",706,"NLD",528,"Africa",5.152149,46.199616,52.132633,5.291266,6384
2024,"SOM",706,"SWE",752,"Africa",5.152149,46.199616,60.128161,18.643501,7453
2024,"SOM",706,"UGA",800,"Africa",5.152149,46.199616,1.373333,32.290275,50832
2024,"SOM",706,"USA",840,"Africa",5.152149,46.199616,37.09024,-95.712891,5300
2024,"SOM",706,"YEM",887,"Africa",5.152149,46.199616,15.552727,48.516388,38372
2024,"SOM",706,"ZAF",710,"Africa",5.152149,46.199616,-30.559482,22.937506,27294
2024,"SOM",706,"ZMB",894,"Africa",5.152149,46.199616,-13.133897,27.849332,5030
2024,"SRB",688,"DEU",276,"Europe",44.016521,21.005859,51.165691,10.451526,7312
2024,"SRB",688,"FRA",250,"Europe",44.016521,21.005859,46.227638,2.213749,19861
2024,"SYR",760,"ARE",784,"Asia",34.802075,38.996815,23.424076,53.847818,6306
2024,"SYR",760,"AUT",40,"Asia",34.802075,38.996815,47.516231,14.550072,117905
2024,"SYR",760,"BEL",56,"Asia",34.802075,38.996815,50.503887,4.469936,24806
2024,"SYR",760,"BGR",100,"Asia",34.802075,38.996815,42.733883,25.48583,35913
2024,"SYR",760,"BRA",76,"Asia",34.802075,38.996815,-14.235004,-51.92528,6597
2024,"SYR",760,"CHE",756,"Asia",34.802075,38.996815,46.818188,8.227512,20681
2024,"SYR",760,"CYP",196,"Asia",34.802075,38.996815,35.126413,33.429859,28409
2024,"SYR",760,"DEU",276,"Asia",34.802075,38.996815,51.165691,10.451526,788061
2024,"SYR",760,"DNK",208,"Asia",34.802075,38.996815,56.26392,9.501785,21586
2024,"SYR",760,"DZA",12,"Asia",34.802075,38.996815,28.033886,1.659626,8837
2024,"SYR",760,"EGY",818,"Asia",34.802075,38.996815,26.820553,30.802498,147797
2024,"SYR",760,"ESP",724,"Asia",34.802075,38.996815,40.463667,-3.74922,18586
2024,"SYR",760,"FRA",250,"Asia",34.802075,38.996815,46.227638,2.213749,46334
2024,"SYR",760,"GBR",826,"Asia",34.802075,38.996815,55.378051,-3.435973,26643
2024,"SYR",760,"GRC",300,"Asia",34.802075,38.996815,39.074208,21.824312,25609
2024,"SYR",760,"IRQ",368,"Asia",34.802075,38.996815,33.223191,43.679291,303611
2024,"SYR",760,"JOR",400,"Asia",34.802075,38.996815,30.585164,36.238414,611473
2024,"SYR",760,"LBN",422,"Asia",34.802075,38.996815,33.854721,35.862285,755426
2024,"SYR",760,"LBY",434,"Asia",34.802075,38.996815,26.3351,17.228331,8578
2024,"SYR",760,"MAR",504,"Asia",34.802075,38.996815,31.791702,-7.09262,5448
2024,"SYR",760,"NLD",528,"Asia",34.802075,38.996815,52.132633,5.291266,85847
2024,"SYR",760,"NOR",578,"Asia",34.802075,38.996815,60.472024,8.468946,19979
2024,"SYR",760,"SDN",729,"Asia",34.802075,38.996815,12.862807,30.217636,9860
2024,"SYR",760,"SWE",752,"Asia",34.802075,38.996815,60.128161,18.643501,26359
2024,"SYR",760,"TUR",792,"Asia",34.802075,38.996815,38.963745,35.243322,2901478
2024,"SYR",760,"USA",840,"Asia",34.802075,38.996815,37.09024,-95.712891,12062
2024,"TCD",148,"CAF",140,"Africa",15.454166,18.732207,6.611111,20.939444,12815
2024,"TCD",148,"NER",562,"Africa",15.454166,18.732207,17.607789,8.081666,12042
2024,"TUN",788,"ITA",380,"Africa",33.886917,9.537499,41.87194,12.56738,7040
2024,"TUR",792,"BEL",56,"Asia",38.963745,35.243322,50.503887,4.469936,7389
2024,"TUR",792,"CAN",124,"Asia",38.963745,35.243322,56.130366,-106.346771,20218
2024,"TUR",792,"CHE",756,"Asia",38.963745,35.243322,46.818188,8.227512,18256
2024,"TUR",792,"DEU",276,"Asia",38.963745,35.243322,51.165691,10.451526,127865
2024,"TUR",792,"FRA",250,"Asia",38.963745,35.243322,46.227638,2.213749,28950
2024,"TUR",792,"GBR",826,"Asia",38.963745,35.243322,55.378051,-3.435973,10208
2024,"TUR",792,"IRQ",368,"Asia",38.963745,35.243322,33.223191,43.679291,7803
2024,"TUR",792,"NLD",528,"Asia",38.963745,35.243322,52.132633,5.291266,14412
2024,"TUR",792,"USA",840,"Asia",38.963745,35.243322,37.09024,-95.712891,36374
2024,"UGA",800,"CAN",124,"Africa",1.373333,32.290275,56.130366,-106.346771,7064
2024,"UGA",800,"USA",840,"Africa",1.373333,32.290275,37.09024,-95.712891,6812
2024,"UKR",804,"ALB",8,"Europe",48.379433,31.16558,41.153332,20.168331,9250
2024,"UKR",804,"AUT",40,"Europe",48.379433,31.16558,47.516231,14.550072,85043
2024,"UKR",804,"AZE",31,"Europe",48.379433,31.16558,40.143105,47.576927,5112
2024,"UKR",804,"BEL",56,"Europe",48.379433,31.16558,50.503887,4.469936,86522
2024,"UKR",804,"BGR",100,"Europe",48.379433,31.16558,42.733883,25.48583,74327
2024,"UKR",804,"BLR",112,"Europe",48.379433,31.16558,53.709807,27.953389,44313
2024,"UKR",804,"CAN",124,"Europe",48.379433,31.16558,56.130366,-106.346771,76045
2024,"UKR",804,"CHE",756,"Europe",48.379433,31.16558,46.818188,8.227512,67533
2024,"UKR",804,"CYP",196,"Europe",48.379433,31.16558,35.126413,33.429859,21960
2024,"UKR",804,"CZE",203,"Europe",48.379433,31.16558,49.817492,15.472962,388514
2024,"UKR",804,"DEU",276,"Europe",48.379433,31.16558,51.165691,10.451526,1207559
2024,"UKR",804,"DNK",208,"Europe",48.379433,31.16558,56.26392,9.501785,36698
2024,"UKR",804,"ESP",724,"Europe",48.379433,31.16558,40.463667,-3.74922,223554
2024,"UKR",804,"EST",233,"Europe",48.379433,31.16558,58.595272,25.013607,41827
2024,"UKR",804,"FIN",246,"Europe",48.379433,31.16558,61.92411,25.748151,68786
2024,"UKR",804,"FRA",250,"Europe",48.379433,31.16558,46.227638,2.213749,75225
2024,"UKR",804,"GBR",826,"Europe",48.379433,31.16558,55.378051,-3.435973,256086
2024,"UKR",804,"GEO",268,"Europe",48.379433,31.16558,42.315407,43.356892,29999
2024,"UKR",804,"GRC",300,"Europe",48.379433,31.16558,39.074208,21.824312,32891
2024,"UKR",804,"HRV",191,"Europe",48.379433,31.16558,45.1,15.2,27267
2024,"UKR",804,"HUN",348,"Europe",48.379433,31.16558,47.162494,19.503304,62987
2024,"UKR",804,"IRL",372,"Europe",48.379433,31.16558,53.41291,-8.24389,109532
2024,"UKR",804,"ITA",380,"Europe",48.379433,31.16558,41.87194,12.56738,169655
2024,"UKR",804,"LTU",440,"Europe",48.379433,31.16558,55.169438,23.881275,50651
2024,"UKR",804,"LVA",428,"Europe",48.379433,31.16558,56.879635,24.603189,47692
2024,"UKR",804,"MDA",498,"Europe",48.379433,31.16558,47.411631,28.369885,135861
2024,"UKR",804,"MKD",807,"Europe",48.379433,31.16558,41.608635,21.745275,20741
2024,"UKR",804,"MNE",499,"Europe",48.379433,31.16558,42.708678,19.37439,18558
2024,"UKR",804,"NLD",528,"Europe",48.379433,31.16558,52.132633,5.291266,119538
2024,"UKR",804,"NOR",578,"Europe",48.379433,31.16558,60.472024,8.468946,79989
2024,"UKR",804,"POL",616,"Europe",48.379433,31.16558,51.919438,19.145136,994671
2024,"UKR",804,"PRT",620,"Europe",48.379433,31.16558,39.399872,-8.224454,57157
2024,"UKR",804,"ROU",642,"Europe",48.379433,31.16558,45.943161,24.96676,178001
2024,"UKR",804,"RUS",643,"Europe",48.379433,31.16558,61.52401,105.318756,7043
2024,"UKR",804,"SRB",688,"Europe",48.379433,31.16558,44.016521,21.005859,10719
2024,"UKR",804,"SVK",703,"Europe",48.379433,31.16558,48.669026,19.699024,142182
2024,"UKR",804,"SVN",705,"Europe",48.379433,31.16558,46.151241,14.995463,11423
2024,"UKR",804,"SWE",752,"Europe",48.379433,31.16558,60.128161,18.643501,46144
2024,"UKR",804,"USA",840,"Europe",48.379433,31.16558,37.09024,-95.712891,22055
2024,"UZB",860,"USA",840,"Asia",41.377491,64.585262,37.09024,-95.712891,21548
2024,"VEN",862,"BRA",76,"Americas",6.42375,-66.58973,-14.235004,-51.92528,162463
2024,"VEN",862,"CAN",124,"Americas",6.42375,-66.58973,56.130366,-106.346771,6859
2024,"VEN",862,"CHL",152,"Americas",6.42375,-66.58973,-35.675147,-71.542969,8988
2024,"VEN",862,"COL",170,"Americas",6.42375,-66.58973,4.570868,-74.297333,29364
2024,"VEN",862,"CRI",188,"Americas",6.42375,-66.58973,9.748917,-83.753428,16061
2024,"VEN",862,"DEU",276,"Americas",6.42375,-66.58973,51.165691,10.451526,8380
2024,"VEN",862,"ECU",218,"Americas",6.42375,-66.58973,-1.831239,-78.183406,5681
2024,"VEN",862,"ESP",724,"Americas",6.42375,-66.58973,40.463667,-3.74922,221390
2024,"VEN",862,"ITA",380,"Americas",6.42375,-66.58973,41.87194,12.56738,7682
2024,"VEN",862,"MEX",484,"Americas",6.42375,-66.58973,23.634501,-102.552784,41668
2024,"VEN",862,"PER",604,"Americas",6.42375,-66.58973,-9.189967,-75.015152,527674
2024,"VEN",862,"PRY",600,"Americas",6.42375,-66.58973,-23.442503,-58.443832,5580
2024,"VEN",862,"TTO",780,"Americas",6.42375,-66.58973,10.691803,-61.222503,21573
2024,"VEN",862,"URY",858,"Americas",6.42375,-66.58973,-32.522779,-55.765835,5215
2024,"VEN",862,"USA",840,"Americas",6.42375,-66.58973,37.09024,-95.712891,648202
2024,"VNM",704,"AUS",36,"Asia",14.058324,108.277199,-25.274398,133.775136,7635
2024,"VNM",704,"FRA",250,"Asia",14.058324,108.277199,46.227638,2.213749,7684
2024,"VNM",704,"GBR",826,"Asia",14.058324,108.277199,55.378051,-3.435973,8712
2024,"VNM",704,"USA",840,"Asia",14.058324,108.277199,37.09024,-95.712891,8047
2024,"YEM",887,"DEU",276,"Asia",15.552727,48.516388,51.165691,10.451526,7237
2024,"YEM",887,"EGY",818,"Asia",15.552727,48.516388,26.820553,30.802498,8144
2024,"YEM",887,"JOR",400,"Asia",15.552727,48.516388,30.585164,36.238414,11413
2024,"YEM",887,"NLD",528,"Asia",15.552727,48.516388,52.132633,5.291266,10047
2024,"YEM",887,"SOM",706,"Asia",15.552727,48.516388,5.152149,46.199616,12332
2024,"ZWE",716,"ZAF",710,"Africa",-19.015438,29.154857,-30.559482,22.937506,7079
2025,"AFG",4,"AUT",40,"Asia",33.93911,67.709953,47.516231,14.550072,49310
2025,"AFG",4,"BEL",56,"Asia",33.93911,67.709953,50.503887,4.469936,16826
2025,"AFG",4,"BRA",76,"Asia",33.93911,67.709953,-14.235004,-51.92528,7683
2025,"AFG",4,"CAN",124,"Asia",33.93911,67.709953,56.130366,-106.346771,5965
2025,"AFG",4,"CHE",756,"Asia",33.93911,67.709953,46.818188,8.227512,30159
2025,"AFG",4,"DEU",276,"Asia",33.93911,67.709953,51.165691,10.451526,331536
2025,"AFG",4,"ESP",724,"Asia",33.93911,67.709953,40.463667,-3.74922,6032
2025,"AFG",4,"FRA",250,"Asia",33.93911,67.709953,46.227638,2.213749,110175
2025,"AFG",4,"GBR",826,"Asia",33.93911,67.709953,55.378051,-3.435973,68463
2025,"AFG",4,"GRC",300,"Asia",33.93911,67.709953,39.074208,21.824312,37239
2025,"AFG",4,"IND",356,"Asia",33.93911,67.709953,20.593684,78.96288,8377
2025,"AFG",4,"IRN",364,"Asia",33.93911,67.709953,32.427908,53.688046,758339
2025,"AFG",4,"IRQ",368,"Asia",33.93911,67.709953,33.223191,43.679291,10321
2025,"AFG",4,"ITA",380,"Asia",33.93911,67.709953,41.87194,12.56738,19097
2025,"AFG",4,"NLD",528,"Asia",33.93911,67.709953,52.132633,5.291266,9624
2025,"AFG",4,"PAK",586,"Asia",33.93911,67.709953,30.375321,69.345116,1277789
2025,"AFG",4,"SWE",752,"Asia",33.93911,67.709953,60.128161,18.643501,21255
2025,"AFG",4,"TJK",762,"Asia",33.93911,67.709953,38.861034,71.276093,11843
2025,"AFG",4,"TUR",792,"Asia",33.93911,67.709953,38.963745,35.243322,62488
2025,"AFG",4,"USA",840,"Asia",33.93911,67.709953,37.09024,-95.712891,51675
2025,"AGO",24,"FRA",250,"Africa",-11.202692,17.873887,46.227638,2.213749,10634
2025,"AGO",24,"USA",840,"Africa",-11.202692,17.873887,37.09024,-95.712891,7624
2025,"ALB",8,"FRA",250,"Europe",41.153332,20.168331,46.227638,2.213749,12814
2025,"ALB",8,"GBR",826,"Europe",41.153332,20.168331,55.378051,-3.435973,6705
2025,"ARM",51,"DEU",276,"Asia",40.069099,45.038189,51.165691,10.451526,7042
2025,"ARM",51,"FRA",250,"Asia",40.069099,45.038189,46.227638,2.213749,7549
2025,"ARM",51,"USA",840,"Asia",40.069099,45.038189,37.09024,-95.712891,11123
2025,"AZE",31,"ARM",51,"Asia",40.143105,47.576927,40.069099,45.038189,115351
2025,"AZE",31,"DEU",276,"Asia",40.143105,47.576927,51.165691,10.451526,9010
2025,"AZE",31,"FRA",250,"Asia",40.143105,47.576927,46.227638,2.213749,5424
2025,"BDI",108,"BEL",56,"Africa",-3.373056,29.918886,50.503887,4.469936,6879
2025,"BDI",108,"COD",180,"Africa",-3.373056,29.918886,-4.038333,21.758664,47099
2025,"BDI",108,"KEN",404,"Africa",-3.373056,29.918886,-0.023559,37.906193,34585
2025,"BDI",108,"MOZ",508,"Africa",-3.373056,29.918886,-18.665695,35.529562,8498
2025,"BDI",108,"MWI",454,"Africa",-3.373056,29.918886,-13.254308,34.301525,13288
2025,"BDI",108,"RWA",646,"Africa",-3.373056,29.918886,-1.940278,29.873888,50774
2025,"BDI",108,"TZA",834,"Africa",-3.373056,29.918886,-6.369028,34.888822,136697
2025,"BDI",108,"UGA",800,"Africa",-3.373056,29.918886,1.373333,32.290275,46726
2025,"BDI",108,"ZAF",710,"Africa",-3.373056,29.918886,-30.559482,22.937506,7076
2025,"BDI",108,"ZMB",894,"Africa",-3.373056,29.918886,-13.133897,27.849332,16170
2025,"BFA",854,"BEN",204,"Africa",12.238333,-1.561593,9.30769,2.315834,16174
2025,"BFA",854,"CIV",384,"Africa",12.238333,-1.561593,7.539989,-5.54708,75424
2025,"BFA",854,"GHA",288,"Africa",12.238333,-1.561593,7.946527,-1.023194,13319
2025,"BFA",854,"ITA",380,"Africa",12.238333,-1.561593,41.87194,12.56738,9085
2025,"BFA",854,"MLI",466,"Africa",12.238333,-1.561593,17.570692,-3.996166,200776
2025,"BFA",854,"NER",562,"Africa",12.238333,-1.561593,17.607789,8.081666,47578
2025,"BFA",854,"TGO",768,"Africa",12.238333,-1.561593,8.619543,0.824782,49088
2025,"BGD",50,"CAN",124,"Asia",23.684994,90.356331,56.130366,-106.346771,25520
2025,"BGD",50,"FRA",250,"Asia",23.684994,90.356331,46.227638,2.213749,16930
2025,"BGD",50,"GBR",826,"Asia",23.684994,90.356331,55.378051,-3.435973,9047
2025,"BGD",50,"ITA",380,"Asia",23.684994,90.356331,41.87194,12.56738,39595
2025,"BGD",50,"USA",840,"Asia",23.684994,90.356331,37.09024,-95.712891,15118
2025,"BGD",50,"ZAF",710,"Asia",23.684994,90.356331,-30.559482,22.937506,6663
2025,"BIH",70,"FRA",250,"Europe",43.915886,17.679076,46.227638,2.213749,6900
2025,"BIH",70,"SRB",688,"Europe",43.915886,17.679076,44.016521,21.005859,7697
2025,"BLR",112,"POL",616,"Europe",53.709807,27.953389,51.919438,19.145136,14308
2025,"BOL",68,"USA",840,"Americas",-16.290154,-63.588653,37.09024,-95.712891,5716
2025,"BRA",76,"MEX",484,"Americas",-14.235004,-51.92528,23.634501,-102.552784,5519
2025,"BRA",76,"USA",840,"Americas",-14.235004,-51.92528,37.09024,-95.712891,57791
2025,"BTN",64,"NPL",524,"Asia",27.514162,90.433601,28.394857,84.124008,6365
2025,"CAF",140,"CMR",120,"Africa",6.611111,20.939444,7.369722,12.354722,282068
2025,"CAF",140,"COD",180,"Africa",6.611111,20.939444,-4.038333,21.758664,266404
2025,"CAF",140,"COG",178,"Africa",6.611111,20.939444,-0.228021,15.827659,35543
2025,"CAF",140,"FRA",250,"Africa",6.611111,20.939444,46.227638,2.213749,7999
2025,"CAF",140,"SDN",729,"Africa",6.611111,20.939444,12.862807,30.217636,6429
2025,"CAF",140,"TCD",148,"Africa",6.611111,20.939444,15.454166,18.732207,144896
2025,"CHL",152,"MEX",484,"Americas",-35.675147,-71.542969,23.634501,-102.552784,6207
2025,"CHL",152,"USA",840,"Americas",-35.675147,-71.542969,37.09024,-95.712891,13908
2025,"CHN",156,"AUS",36,"Asia",35.86166,104.195397,-25.274398,133.775136,9638
2025,"CHN",156,"CAN",124,"Asia",35.86166,104.195397,56.130366,-106.346771,13685
2025,"CHN",156,"FRA",250,"Asia",35.86166,104.195397,46.227638,2.213749,17097
2025,"CHN",156,"IND",356,"Asia",35.86166,104.195397,20.593684,78.96288,63169
2025,"CHN",156,"ITA",380,"Asia",35.86166,104.195397,41.87194,12.56738,6145
2025,"CHN",156,"USA",840,"Asia",35.86166,104.195397,37.09024,-95.712891,124767
2025,"CIV",384,"AGO",24,"Africa",7.539989,-5.54708,-11.202692,17.873887,6357
2025,"CIV",384,"FRA",250,"Africa",7.539989,-5.54708,46.227638,2.213749,28974
2025,"CIV",384,"ITA",380,"Africa",7.539989,-5.54708,41.87194,12.56738,5598
2025,"CMR",120,"CAN",124,"Africa",7.369722,12.354722,56.130366,-106.346771,6000
2025,"CMR",120,"FRA",250,"Africa",7.369722,12.354722,46.227638,2.213749,6324
2025,"CMR",120,"NGA",566,"Africa",7.369722,12.354722,9.081999,8.675277,119521
2025,"CMR",120,"TCD",148,"Africa",7.369722,12.354722,15.454166,18.732207,7793
2025,"CMR",120,"USA",840,"Africa",7.369722,12.354722,37.09024,-95.712891,12213
2025,"COD",180,"AGO",24,"Africa",-4.038333,21.758664,-11.202692,17.873887,23028
2025,"COD",180,"BDI",108,"Africa",-4.038333,21.758664,-3.373056,29.918886,111192
2025,"COD",180,"CAF",140,"Africa",-4.038333,21.758664,6.611111,20.939444,6715
2025,"COD",180,"CAN",124,"Africa",-4.038333,21.758664,56.130366,-106.346771,13940
2025,"COD",180,"COG",178,"Africa",-4.038333,21.758664,-0.228021,15.827659,30953
2025,"COD",180,"FRA",250,"Africa",-4.038333,21.758664,46.227638,2.213749,51898
2025,"COD",180,"KEN",404,"Africa",-4.038333,21.758664,-0.023559,37.906193,66043
2025,"COD",180,"MOZ",508,"Africa",-4.038333,21.758664,-18.665695,35.529562,9179
2025,"COD",180,"MWI",454,"Africa",-4.038333,21.758664,-13.254308,34.301525,39290
2025,"COD",180,"NAM",516,"Africa",-4.038333,21.758664,-22.95764,18.49041,6032
2025,"COD",180,"NOR",578,"Africa",-4.038333,21.758664,60.472024,8.468946,5137
2025,"COD",180,"RWA",646,"Africa",-4.038333,21.758664,-1.940278,29.873888,79391
2025,"COD",180,"SWE",752,"Africa",-4.038333,21.758664,60.128161,18.643501,5838
2025,"COD",180,"TZA",834,"Africa",-4.038333,21.758664,-6.369028,34.888822,77036
2025,"COD",180,"UGA",800,"Africa",-4.038333,21.758664,1.373333,32.290275,649072
2025,"COD",180,"ZAF",710,"Africa",-4.038333,21.758664,-30.559482,22.937506,39261
2025,"COD",180,"ZMB",894,"Africa",-4.038333,21.758664,-13.133897,27.849332,72248
2025,"COD",180,"ZWE",716,"Africa",-4.038333,21.758664,-19.015438,29.154857,10094
2025,"COG",178,"FRA",250,"Africa",-0.228021,15.827659,46.227638,2.213749,7841
2025,"COG",178,"ZAF",710,"Africa",-0.228021,15.827659,-30.559482,22.937506,6026
2025,"COL",170,"CAN",124,"Americas",4.570868,-74.297333,56.130366,-106.346771,21957
2025,"COL",170,"CRI",188,"Americas",4.570868,-74.297333,9.748917,-83.753428,9099
2025,"COL",170,"DEU",276,"Americas",4.570868,-74.297333,51.165691,10.451526,5101
2025,"COL",170,"ECU",218,"Americas",4.570868,-74.297333,-1.831239,-78.183406,25413
2025,"COL",170,"ESP",724,"Americas",4.570868,-74.297333,40.463667,-3.74922,71335
2025,"COL",170,"ITA",380,"Americas",4.570868,-74.297333,41.87194,12.56738,8053
2025,"COL",170,"PER",604,"Americas",4.570868,-74.297333,-9.189967,-75.015152,6180
2025,"COL",170,"USA",840,"Americas",4.570868,-74.297333,37.09024,-95.712891,195674
2025,"COL",170,"VEN",862,"Americas",4.570868,-74.297333,6.42375,-66.58973,15744
2025,"CUB",192,"BRA",76,"Americas",21.521757,-77.781167,-14.235004,-51.92528,67068
2025,"CUB",192,"CRI",188,"Americas",21.521757,-77.781167,9.748917,-83.753428,10621
2025,"CUB",192,"ESP",724,"Americas",21.521757,-77.781167,40.463667,-3.74922,5520
2025,"CUB",192,"MEX",484,"Americas",21.521757,-77.781167,23.634501,-102.552784,59260
2025,"CUB",192,"PER",604,"Americas",21.521757,-77.781167,-9.189967,-75.015152,8490
2025,"CUB",192,"URY",858,"Americas",21.521757,-77.781167,-32.522779,-55.765835,23766
2025,"CUB",192,"USA",840,"Americas",21.521757,-77.781167,37.09024,-95.712891,127560
2025,"DOM",214,"USA",840,"Americas",18.735693,-70.162651,37.09024,-95.712891,15679
2025,"DZA",12,"CAN",124,"Africa",28.033886,1.659626,56.130366,-106.346771,7547
2025,"ECU",218,"USA",840,"Americas",-1.831239,-78.183406,37.09024,-95.712891,117991
2025,"EGY",818,"GRC",300,"Africa",26.820553,30.802498,39.074208,21.824312,6563
2025,"EGY",818,"ITA",380,"Africa",26.820553,30.802498,41.87194,12.56738,26068
2025,"EGY",818,"USA",840,"Africa",26.820553,30.802498,37.09024,-95.712891,16660
2025,"ERI",232,"BEL",56,"Africa",15.179384,39.782334,50.503887,4.469936,10668
2025,"ERI",232,"CHE",756,"Africa",15.179384,39.782334,46.818188,8.227512,39582
2025,"ERI",232,"DEU",276,"Africa",15.179384,39.782334,51.165691,10.451526,69885
2025,"ERI",232,"EGY",818,"Africa",15.179384,39.782334,26.820553,30.802498,44461
2025,"ERI",232,"ETH",231,"Africa",15.179384,39.782334,9.145,40.489673,169635
2025,"ERI",232,"FRA",250,"Africa",15.179384,39.782334,46.227638,2.213749,15859
2025,"ERI",232,"GBR",826,"Africa",15.179384,39.782334,55.378051,-3.435973,33739
2025,"ERI",232,"ISR",376,"Africa",15.179384,39.782334,31.046051,34.851612,6943
2025,"ERI",232,"KEN",404,"Africa",15.179384,39.782334,-0.023559,37.906193,7839
2025,"ERI",232,"LBY",434,"Africa",15.179384,39.782334,26.3351,17.228331,8480
2025,"ERI",232,"NLD",528,"Africa",15.179384,39.782334,52.132633,5.291266,14923
2025,"ERI",232,"SDN",729,"Africa",15.179384,39.782334,12.862807,30.217636,137475
2025,"ERI",232,"SWE",752,"Africa",15.179384,39.782334,60.128161,18.643501,13106
2025,"ERI",232,"UGA",800,"Africa",15.179384,39.782334,1.373333,32.290275,56301
2025,"ERI",232,"USA",840,"Africa",15.179384,39.782334,37.09024,-95.712891,7125
2025,"ESH",732,"DZA",12,"Africa",24.215527,-12.885834,28.033886,1.659626,173600
2025,"ETH",231,"CAN",124,"Africa",9.145,40.489673,56.130366,-106.346771,5830
2025,"ETH",231,"DEU",276,"Africa",9.145,40.489673,51.165691,10.451526,9508
2025,"ETH",231,"DJI",262,"Africa",9.145,40.489673,11.825138,42.590275,15315
2025,"ETH",231,"EGY",818,"Africa",9.145,40.489673,26.820553,30.802498,18993
2025,"ETH",231,"FRA",250,"Africa",9.145,40.489673,46.227638,2.213749,5886
2025,"ETH",231,"GBR",826,"Africa",9.145,40.489673,55.378051,-3.435973,5556
2025,"ETH",231,"KEN",404,"Africa",9.145,40.489673,-0.023559,37.906193,42897
2025,"ETH",231,"SDN",729,"Africa",9.145,40.489673,12.862807,30.217636,68237
2025,"ETH",231,"SOM",706,"Africa",9.145,40.489673,5.152149,46.199616,30290
2025,"ETH",231,"UGA",800,"Africa",9.145,40.489673,1.373333,32.290275,15980
2025,"ETH",231,"USA",840,"Africa",9.145,40.489673,37.09024,-95.712891,10641
2025,"ETH",231,"YEM",887,"Africa",9.145,40.489673,15.552727,48.516388,16542
2025,"ETH",231,"ZAF",710,"Africa",9.145,40.489673,-30.559482,22.937506,38619
2025,"GEO",268,"DEU",276,"Asia",42.315407,43.356892,51.165691,10.451526,5751
2025,"GEO",268,"FRA",250,"Asia",42.315407,43.356892,46.227638,2.213749,9353
2025,"GEO",268,"ITA",380,"Asia",42.315407,43.356892,41.87194,12.56738,8454
2025,"GEO",268,"USA",840,"Asia",42.315407,43.356892,37.09024,-95.712891,12239
2025,"GHA",288,"CAN",124,"Africa",7.946527,-1.023194,56.130366,-106.346771,12759
2025,"GHA",288,"TGO",768,"Africa",7.946527,-1.023194,8.619543,0.824782,8437
2025,"GHA",288,"USA",840,"Africa",7.946527,-1.023194,37.09024,-95.712891,6132
2025,"GIN",324,"AGO",24,"Africa",9.945587,-9.696645,-11.202692,17.873887,9272
2025,"GIN",324,"BEL",56,"Africa",9.945587,-9.696645,50.503887,4.469936,5360
2025,"GIN",324,"CAN",124,"Africa",9.945587,-9.696645,56.130366,-106.346771,5701
2025,"GIN",324,"DEU",276,"Africa",9.945587,-9.696645,51.165691,10.451526,11104
2025,"GIN",324,"FRA",250,"Africa",9.945587,-9.696645,46.227638,2.213749,39004
2025,"GIN",324,"USA",840,"Africa",9.945587,-9.696645,37.09024,-95.712891,19420
2025,"GTM",320,"MEX",484,"Americas",15.783471,-90.230759,23.634501,-102.552784,10800
2025,"GTM",320,"USA",840,"Americas",15.783471,-90.230759,37.09024,-95.712891,159491
2025,"HND",340,"MEX",484,"Americas",15.199999,-86.241905,23.634501,-102.552784,88014
2025,"HND",340,"USA",840,"Americas",15.199999,-86.241905,37.09024,-95.712891,163117
2025,"HRV",191,"SRB",688,"Europe",45.1,15.2,44.016521,21.005859,16510
2025,"HTI",332,"BRA",76,"Americas",18.971187,-72.285215,-14.235004,-51.92528,105874
2025,"HTI",332,"CAN",124,"Americas",18.971187,-72.285215,56.130366,-106.346771,48842
2025,"HTI",332,"FRA",250,"Americas",18.971187,-72.285215,46.227638,2.213749,31578
2025,"HTI",332,"MEX",484,"Americas",18.971187,-72.285215,23.634501,-102.552784,62908
2025,"HTI",332,"USA",840,"Americas",18.971187,-72.285215,37.09024,-95.712891,165115
2025,"IDN",360,"PNG",598,"Asia",-0.789275,113.921327,-6.314993,143.95555,10800
2025,"IND",356,"AUS",36,"Asia",20.593684,78.96288,-25.274398,133.775136,8037
2025,"IND",356,"CAN",124,"Asia",20.593684,78.96288,56.130366,-106.346771,71341
2025,"IND",356,"ITA",380,"Asia",20.593684,78.96288,41.87194,12.56738,12916
2025,"IND",356,"USA",840,"Asia",20.593684,78.96288,37.09024,-95.712891,113770
2025,"IRN",364,"AUS",36,"Asia",32.427908,53.688046,-25.274398,133.775136,6205
2025,"IRN",364,"AUT",40,"Asia",32.427908,53.688046,47.516231,14.550072,7961
2025,"IRN",364,"CAN",124,"Asia",32.427908,53.688046,56.130366,-106.346771,25147
2025,"IRN",364,"DEU",276,"Asia",32.427908,53.688046,51.165691,10.451526,57858
2025,"IRN",364,"FRA",250,"Asia",32.427908,53.688046,46.227638,2.213749,5802
2025,"IRN",364,"GBR",826,"Asia",32.427908,53.688046,55.378051,-3.435973,46891
2025,"IRN",364,"IRQ",368,"Asia",32.427908,53.688046,33.223191,43.679291,9097
2025,"IRN",364,"NLD",528,"Asia",32.427908,53.688046,52.132633,5.291266,5347
2025,"IRN",364,"TUR",792,"Asia",32.427908,53.688046,38.963745,35.243322,9948
2025,"IRN",364,"USA",840,"Asia",32.427908,53.688046,37.09024,-95.712891,6903
2025,"IRQ",368,"AUT",40,"Asia",33.223191,43.679291,47.516231,14.550072,9607
2025,"IRQ",368,"DEU",276,"Asia",33.223191,43.679291,51.165691,10.451526,147415
2025,"IRQ",368,"FIN",246,"Asia",33.223191,43.679291,61.92411,25.748151,8048
2025,"IRQ",368,"FRA",250,"Asia",33.223191,43.679291,46.227638,2.213749,14347
2025,"IRQ",368,"GBR",826,"Asia",33.223191,43.679291,55.378051,-3.435973,18074
2025,"IRQ",368,"GRC",300,"Asia",33.223191,43.679291,39.074208,21.824312,9677
2025,"IRQ",368,"IRN",364,"Asia",33.223191,43.679291,32.427908,53.688046,12175
2025,"IRQ",368,"ITA",380,"Asia",33.223191,43.679291,41.87194,12.56738,7039
2025,"IRQ",368,"JOR",400,"Asia",33.223191,43.679291,30.585164,36.238414,12413
2025,"IRQ",368,"NLD",528,"Asia",33.223191,43.679291,52.132633,5.291266,7432
2025,"IRQ",368,"SYR",760,"Asia",33.223191,43.679291,34.802075,38.996815,10838
2025,"IRQ",368,"TUR",792,"Asia",33.223191,43.679291,38.963745,35.243322,65453
2025,"IRQ",368,"USA",840,"Asia",33.223191,43.679291,37.09024,-95.712891,5306
2025,"JAM",388,"USA",840,"Americas",18.109581,-77.297508,37.09024,-95.712891,6210
2025,"KEN",404,"CAN",124,"Africa",-0.023559,37.906193,56.130366,-106.346771,8331
2025,"KEN",404,"ETH",231,"Africa",-0.023559,37.906193,9.145,40.489673,5649
2025,"KGZ",417,"USA",840,"Asia",41.20438,74.766098,37.09024,-95.712891,7828
2025,"KHM",116,"FRA",250,"Asia",12.565679,104.990963,46.227638,2.213749,10495
2025,"LAO",418,"FRA",250,"Asia",19.85627,102.495496,46.227638,2.213749,6145
2025,"LBN",422,"DEU",276,"Asia",33.854721,35.862285,51.165691,10.451526,5451
2025,"LBY",434,"GBR",826,"Africa",26.3351,17.228331,55.378051,-3.435973,6605
2025,"LKA",144,"CAN",124,"Asia",7.873054,80.771797,56.130366,-106.346771,16631
2025,"LKA",144,"CHE",756,"Asia",7.873054,80.771797,46.818188,8.227512,5829
2025,"LKA",144,"FRA",250,"Asia",7.873054,80.771797,46.227638,2.213749,37157
2025,"LKA",144,"GBR",826,"Asia",7.873054,80.771797,55.378051,-3.435973,5922
2025,"LKA",144,"IND",356,"Asia",7.873054,80.771797,20.593684,78.96288,89507
2025,"LKA",144,"ITA",380,"Asia",7.873054,80.771797,41.87194,12.56738,7707
2025,"MAR",504,"ITA",380,"Africa",31.791702,-7.09262,41.87194,12.56738,13188
2025,"MEX",484,"CAN",124,"Americas",23.634501,-102.552784,56.130366,-106.346771,53062
2025,"MEX",484,"USA",840,"Americas",23.634501,-102.552784,37.09024,-95.712891,223646
2025,"MLI",466,"BFA",854,"Africa",17.570692,-3.996166,12.238333,-1.561593,40515
2025,"MLI",466,"ESP",724,"Africa",17.570692,-3.996166,40.463667,-3.74922,34278
2025,"MLI",466,"FRA",250,"Africa",17.570692,-3.996166,46.227638,2.213749,11659
2025,"MLI",466,"ITA",380,"Africa",17.570692,-3.996166,41.87194,12.56738,15720
2025,"MLI",466,"MRT",478,"Africa",17.570692,-3.996166,21.00789,-10.940835,303874
2025,"MLI",466,"NER",562,"Africa",17.570692,-3.996166,17.607789,8.081666,126125
2025,"MMR",104,"BGD",50,"Asia",21.913965,95.956223,23.684994,90.356331,1178036
2025,"MMR",104,"IND",356,"Asia",21.913965,95.956223,20.593684,78.96288,87022
2025,"MMR",104,"JPN",392,"Asia",21.913965,95.956223,36.204824,138.252924,37561
2025,"MMR",104,"MYS",458,"Asia",21.913965,95.956223,4.210484,101.975766,192481
2025,"MMR",104,"THA",764,"Asia",21.913965,95.956223,15.870032,100.992541,80411
2025,"MOZ",508,"ZWE",716,"Africa",-18.665695,35.529562,-19.015438,29.154857,6736
2025,"MRT",478,"AGO",24,"Africa",21.00789,-10.940835,-11.202692,17.873887,5725
2025,"MRT",478,"FRA",250,"Africa",21.00789,-10.940835,46.227638,2.213749,10877
2025,"MRT",478,"MLI",466,"Africa",21.00789,-10.940835,17.570692,-3.996166,15044
2025,"MRT",478,"SEN",686,"Africa",21.00789,-10.940835,14.497401,-14.452362,16704
2025,"MRT",478,"USA",840,"Africa",21.00789,-10.940835,37.09024,-95.712891,18874
2025,"NER",562,"BEN",204,"Africa",17.607789,8.081666,9.30769,2.315834,5026
2025,"NER",562,"CMR",120,"Africa",17.607789,8.081666,7.369722,12.354722,9587
2025,"NER",562,"MLI",466,"Africa",17.607789,8.081666,17.570692,-3.996166,68967
2025,"NER",562,"NGA",566,"Africa",17.607789,8.081666,9.081999,8.675277,17104
2025,"NGA",566,"CAN",124,"Africa",9.081999,8.675277,56.130366,-106.346771,34125
2025,"NGA",566,"CMR",120,"Africa",9.081999,8.675277,7.369722,12.354722,127858
2025,"NGA",566,"DEU",276,"Africa",9.081999,8.675277,51.165691,10.451526,17411
2025,"NGA",566,"FRA",250,"Africa",9.081999,8.675277,46.227638,2.213749,10856
2025,"NGA",566,"GBR",826,"Africa",9.081999,8.675277,55.378051,-3.435973,7018
2025,"NGA",566,"IRL",372,"Africa",9.081999,8.675277,53.41291,-8.24389,8725
2025,"NGA",566,"ITA",380,"Africa",9.081999,8.675277,41.87194,12.56738,22186
2025,"NGA",566,"NER",562,"Africa",9.081999,8.675277,17.607789,8.081666,258402
2025,"NGA",566,"TCD",148,"Africa",9.081999,8.675277,15.454166,18.732207,22811
2025,"NGA",566,"USA",840,"Africa",9.081999,8.675277,37.09024,-95.712891,7384
2025,"NIC",558,"CRI",188,"Americas",12.865416,-85.207229,9.748917,-83.753428,178871
2025,"NIC",558,"ESP",724,"Americas",12.865416,-85.207229,40.463667,-3.74922,8618
2025,"NIC",558,"MEX",484,"Americas",12.865416,-85.207229,23.634501,-102.552784,9199
2025,"NIC",558,"USA",840,"Americas",12.865416,-85.207229,37.09024,-95.712891,99922
2025,"NPL",524,"USA",840,"Asia",28.394857,84.124008,37.09024,-95.712891,12083
2025,"PAK",586,"AFG",4,"Asia",30.375321,69.345116,33.93911,67.709953,21146
2025,"PAK",586,"CAN",124,"Asia",30.375321,69.345116,56.130366,-106.346771,18081
2025,"PAK",586,"DEU",276,"Asia",30.375321,69.345116,51.165691,10.451526,12007
2025,"PAK",586,"GBR",826,"Asia",30.375321,69.345116,55.378051,-3.435973,19742
2025,"PAK",586,"ITA",380,"Asia",30.375321,69.345116,41.87194,12.56738,37038
2025,"PAK",586,"MYS",458,"Asia",30.375321,69.345116,4.210484,101.975766,5773
2025,"PAK",586,"USA",840,"Asia",30.375321,69.345116,37.09024,-95.712891,7822
2025,"PER",604,"ESP",724,"Americas",-9.189967,-75.015152,40.463667,-3.74922,12918
2025,"PER",604,"ITA",380,"Americas",-9.189967,-75.015152,41.87194,12.56738,32287
2025,"PER",604,"USA",840,"Americas",-9.189967,-75.015152,37.09024,-95.712891,68387
2025,"PSE",275,"BEL",56,"Asia",31.952162,35.233154,50.503887,4.469936,15142
2025,"PSE",275,"GRC",300,"Asia",31.952162,35.233154,39.074208,21.824312,11470
2025,"PSE",275,"IRQ",368,"Asia",31.952162,35.233154,33.223191,43.679291,7361
2025,"ROU",642,"USA",840,"Europe",45.943161,24.96676,37.09024,-95.712891,6276
2025,"RUS",643,"DEU",276,"Europe",61.52401,105.318756,51.165691,10.451526,28859
2025,"RUS",643,"ESP",724,"Europe",61.52401,105.318756,40.463667,-3.74922,6309
2025,"RUS",643,"FRA",250,"Europe",61.52401,105.318756,46.227638,2.213749,38914
2025,"RUS",643,"KOR",410,"Europe",61.52401,105.318756,35.907757,127.766922,7855
2025,"RUS",643,"POL",616,"Europe",61.52401,105.318756,51.919438,19.145136,5587
2025,"RUS",643,"USA",840,"Europe",61.52401,105.318756,37.09024,-95.712891,63552
2025,"RWA",646,"CAN",124,"Africa",-1.940278,29.873888,56.130366,-106.346771,5217
2025,"RWA",646,"COD",180,"Africa",-1.940278,29.873888,-4.038333,21.758664,198265
2025,"RWA",646,"FRA",250,"Africa",-1.940278,29.873888,46.227638,2.213749,5426
2025,"RWA",646,"MWI",454,"Africa",-1.940278,29.873888,-13.254308,34.301525,7421
2025,"RWA",646,"UGA",800,"Africa",-1.940278,29.873888,1.373333,32.290275,25229
2025,"SDN",729,"CAF",140,"Africa",12.862807,30.217636,6.611111,20.939444,40323
2025,"SDN",729,"DEU",276,"Africa",12.862807,30.217636,51.165691,10.451526,5777
2025,"SDN",729,"EGY",818,"Africa",12.862807,30.217636,26.820553,30.802498,834201
2025,"SDN",729,"ETH",231,"Africa",12.862807,30.217636,9.145,40.489673,98924
2025,"SDN",729,"FRA",250,"Africa",12.862807,30.217636,46.227638,2.213749,36036
2025,"SDN",729,"GBR",826,"Africa",12.862807,30.217636,55.378051,-3.435973,26120
2025,"SDN",729,"GRC",300,"Africa",12.862807,30.217636,39.074208,21.824312,9455
2025,"SDN",729,"ISR",376,"Africa",12.862807,30.217636,31.046051,34.851612,5386
2025,"SDN",729,"KEN",404,"Africa",12.862807,30.217636,-0.023559,37.906193,13349
2025,"SDN",729,"LBY",434,"Africa",12.862807,30.217636,26.3351,17.228331,639166
2025,"SDN",729,"MAR",504,"Africa",12.862807,30.217636,31.791702,-7.09262,5291
2025,"SDN",729,"TCD",148,"Africa",12.862807,30.217636,15.454166,18.732207,1334595
2025,"SDN",729,"UGA",800,"Africa",12.862807,30.217636,1.373333,32.290275,92889
2025,"SEN",686,"FRA",250,"Africa",14.497401,-14.452362,46.227638,2.213749,5457
2025,"SEN",686,"USA",840,"Africa",14.497401,-14.452362,37.09024,-95.712891,22672
2025,"SLV",222,"ITA",380,"Americas",13.794185,-88.89653,41.87194,12.56738,6956
2025,"SLV",222,"MEX",484,"Americas",13.794185,-88.89653,23.634501,-102.552784,24563
2025,"SLV",222,"USA",840,"Americas",13.794185,-88.89653,37.09024,-95.712891,130297
2025,"SOM",706,"AUT",40,"Africa",5.152149,46.199616,47.516231,14.550072,12380
2025,"SOM",706,"CHE",756,"Africa",5.152149,46.199616,46.818188,8.227512,5664
2025,"SOM",706,"DEU",276,"Africa",5.152149,46.199616,51.165691,10.451526,47024
2025,"SOM",706,"DJI",262,"Africa",5.152149,46.199616,11.825138,42.590275,14061
2025,"SOM",706,"EGY",818,"Africa",5.152149,46.199616,26.820553,30.802498,12797
2025,"SOM",706,"ETH",231,"Africa",5.152149,46.199616,9.145,40.489673,361872
2025,"SOM",706,"FRA",250,"Africa",5.152149,46.199616,46.227638,2.213749,18797
2025,"SOM",706,"GBR",826,"Africa",5.152149,46.199616,55.378051,-3.435973,6397
2025,"SOM",706,"IRL",372,"Africa",5.152149,46.199616,53.41291,-8.24389,5545
2025,"SOM",706,"ITA",380,"Africa",5.152149,46.199616,41.87194,12.56738,7411
2025,"SOM",706,"KEN",404,"Africa",5.152149,46.199616,-0.023559,37.906193,459131
2025,"SOM",706,"NLD",528,"Africa",5.152149,46.199616,52.132633,5.291266,7127
2025,"SOM",706,"SWE",752,"Africa",5.152149,46.199616,60.128161,18.643501,5884
2025,"SOM",706,"UGA",800,"Africa",5.152149,46.199616,1.373333,32.290275,49932
2025,"SOM",706,"USA",840,"Africa",5.152149,46.199616,37.09024,-95.712891,5168
2025,"SOM",706,"YEM",887,"Africa",5.152149,46.199616,15.552727,48.516388,40537
2025,"SOM",706,"ZAF",710,"Africa",5.152149,46.199616,-30.559482,22.937506,21836
2025,"SOM",706,"ZMB",894,"Africa",5.152149,46.199616,-13.133897,27.849332,5338
2025,"SRB",688,"DEU",276,"Europe",44.016521,21.005859,51.165691,10.451526,6177
2025,"SRB",688,"FRA",250,"Europe",44.016521,21.005859,46.227638,2.213749,19615
2025,"SYR",760,"ARE",784,"Asia",34.802075,38.996815,23.424076,53.847818,6306
2025,"SYR",760,"AUT",40,"Asia",34.802075,38.996815,47.516231,14.550072,111205
2025,"SYR",760,"BEL",56,"Asia",34.802075,38.996815,50.503887,4.469936,22964
2025,"SYR",760,"BGR",100,"Asia",34.802075,38.996815,42.733883,25.48583,21819
2025,"SYR",760,"BRA",76,"Asia",34.802075,38.996815,-14.235004,-51.92528,7118
2025,"SYR",760,"CHE",756,"Asia",34.802075,38.996815,46.818188,8.227512,20419
2025,"SYR",760,"CYP",196,"Asia",34.802075,38.996815,35.126413,33.429859,25098
2025,"SYR",760,"DEU",276,"Asia",34.802075,38.996815,51.165691,10.451526,734158
2025,"SYR",760,"DNK",208,"Asia",34.802075,38.996815,56.26392,9.501785,16880
2025,"SYR",760,"DZA",12,"Asia",34.802075,38.996815,28.033886,1.659626,5879
2025,"SYR",760,"EGY",818,"Asia",34.802075,38.996815,26.820553,30.802498,117364
2025,"SYR",760,"ESP",724,"Asia",34.802075,38.996815,40.463667,-3.74922,17728
2025,"SYR",760,"FRA",250,"Asia",34.802075,38.996815,46.227638,2.213749,47400
2025,"SYR",760,"GBR",826,"Asia",34.802075,38.996815,55.378051,-3.435973,25093
2025,"SYR",760,"GRC",300,"Asia",34.802075,38.996815,39.074208,21.824312,21835
2025,"SYR",760,"IRQ",368,"Asia",34.802075,38.996815,33.223191,43.679291,308226
2025,"SYR",760,"JOR",400,"Asia",34.802075,38.996815,30.585164,36.238414,420835
2025,"SYR",760,"LBN",422,"Asia",34.802075,38.996815,33.854721,35.862285,532357
2025,"SYR",760,"MAR",504,"Asia",34.802075,38.996815,31.791702,-7.09262,5216
2025,"SYR",760,"NLD",528,"Asia",34.802075,38.996815,52.132633,5.291266,92283
2025,"SYR",760,"NOR",578,"Asia",34.802075,38.996815,60.472024,8.468946,15884
2025,"SYR",760,"SDN",729,"Asia",34.802075,38.996815,12.862807,30.217636,9813
2025,"SYR",760,"SWE",752,"Asia",34.802075,38.996815,60.128161,18.643501,20558
2025,"SYR",760,"TUR",792,"Asia",34.802075,38.996815,38.963745,35.243322,2347756
2025,"SYR",760,"USA",840,"Asia",34.802075,38.996815,37.09024,-95.712891,8810
2025,"TCD",148,"CAF",140,"Africa",15.454166,18.732207,6.611111,20.939444,12899
2025,"TCD",148,"FRA",250,"Africa",15.454166,18.732207,46.227638,2.213749,5019
2025,"TUN",788,"ITA",380,"Africa",33.886917,9.537499,41.87194,12.56738,7046
2025,"TUR",792,"BEL",56,"Asia",38.963745,35.243322,50.503887,4.469936,8212
2025,"TUR",792,"CAN",124,"Asia",38.963745,35.243322,56.130366,-106.346771,19665
2025,"TUR",792,"CHE",756,"Asia",38.963745,35.243322,46.818188,8.227512,19036
2025,"TUR",792,"DEU",276,"Asia",38.963745,35.243322,51.165691,10.451526,110456
2025,"TUR",792,"FRA",250,"Asia",38.963745,35.243322,46.227638,2.213749,30312
2025,"TUR",792,"GBR",826,"Asia",38.963745,35.243322,55.378051,-3.435973,7243
2025,"TUR",792,"IRQ",368,"Asia",38.963745,35.243322,33.223191,43.679291,6769
2025,"TUR",792,"ITA",380,"Asia",38.963745,35.243322,41.87194,12.56738,5157
2025,"TUR",792,"NLD",528,"Asia",38.963745,35.243322,52.132633,5.291266,13961
2025,"TUR",792,"USA",840,"Asia",38.963745,35.243322,37.09024,-95.712891,28069
2025,"UGA",800,"CAN",124,"Africa",1.373333,32.290275,56.130366,-106.346771,7118
2025,"UKR",804,"AUS",36,"Europe",48.379433,31.16558,-25.274398,133.775136,5473
2025,"UKR",804,"AUT",40,"Europe",48.379433,31.16558,47.516231,14.550072,91922
2025,"UKR",804,"AZE",31,"Europe",48.379433,31.16558,40.143105,47.576927,5043
2025,"UKR",804,"BEL",56,"Europe",48.379433,31.16558,50.503887,4.469936,92486
2025,"UKR",804,"BGR",100,"Europe",48.379433,31.16558,42.733883,25.48583,82460
2025,"UKR",804,"BLR",112,"Europe",48.379433,31.16558,53.709807,27.953389,42021
2025,"UKR",804,"CAN",124,"Europe",48.379433,31.16558,56.130366,-106.346771,174308
2025,"UKR",804,"CHE",756,"Europe",48.379433,31.16558,46.818188,8.227512,70732
2025,"UKR",804,"CYP",196,"Europe",48.379433,31.16558,35.126413,33.429859,25021
2025,"UKR",804,"CZE",203,"Europe",48.379433,31.16558,49.817492,15.472962,393080
2025,"UKR",804,"DEU",276,"Europe",48.379433,31.16558,51.165691,10.451526,1174908
2025,"UKR",804,"DNK",208,"Europe",48.379433,31.16558,56.26392,9.501785,48829
2025,"UKR",804,"ESP",724,"Europe",48.379433,31.16558,40.463667,-3.74922,252231
2025,"UKR",804,"EST",233,"Europe",48.379433,31.16558,58.595272,25.013607,41054
2025,"UKR",804,"FIN",246,"Europe",48.379433,31.16558,61.92411,25.748151,77565
2025,"UKR",804,"FRA",250,"Europe",48.379433,31.16558,46.227638,2.213749,79460
2025,"UKR",804,"GBR",826,"Europe",48.379433,31.16558,55.378051,-3.435973,270860
2025,"UKR",804,"GEO",268,"Europe",48.379433,31.16558,42.315407,43.356892,25996
2025,"UKR",804,"GRC",300,"Europe",48.379433,31.16558,39.074208,21.824312,38497
2025,"UKR",804,"HRV",191,"Europe",48.379433,31.16558,45.1,15.2,28332
2025,"UKR",804,"HUN",348,"Europe",48.379433,31.16558,47.162494,19.503304,64841
2025,"UKR",804,"IRL",372,"Europe",48.379433,31.16558,53.41291,-8.24389,118725
2025,"UKR",804,"ITA",380,"Europe",48.379433,31.16558,41.87194,12.56738,66817
2025,"UKR",804,"LTU",440,"Europe",48.379433,31.16558,55.169438,23.881275,51326
2025,"UKR",804,"LVA",428,"Europe",48.379433,31.16558,56.879635,24.603189,31003
2025,"UKR",804,"MDA",498,"Europe",48.379433,31.16558,47.411631,28.369885,148995
2025,"UKR",804,"MKD",807,"Europe",48.379433,31.16558,41.608635,21.745275,20741
2025,"UKR",804,"MNE",499,"Europe",48.379433,31.16558,42.708678,19.37439,12191
2025,"UKR",804,"NLD",528,"Europe",48.379433,31.16558,52.132633,5.291266,132229
2025,"UKR",804,"NOR",578,"Europe",48.379433,31.16558,60.472024,8.468946,84600
2025,"UKR",804,"POL",616,"Europe",48.379433,31.16558,51.919438,19.145136,977492
2025,"UKR",804,"PRT",620,"Europe",48.379433,31.16558,39.399872,-8.224454,59833
2025,"UKR",804,"ROU",642,"Europe",48.379433,31.16558,45.943161,24.96676,199469
2025,"UKR",804,"RUS",643,"Europe",48.379433,31.16558,61.52401,105.318756,5737
2025,"UKR",804,"SRB",688,"Europe",48.379433,31.16558,44.016521,21.005859,16142
2025,"UKR",804,"SVK",703,"Europe",48.379433,31.16558,48.669026,19.699024,138855
2025,"UKR",804,"SVN",705,"Europe",48.379433,31.16558,46.151241,14.995463,11501
2025,"UKR",804,"SWE",752,"Europe",48.379433,31.16558,60.128161,18.643501,49351
2025,"UKR",804,"USA",840,"Europe",48.379433,31.16558,37.09024,-95.712891,5275
2025,"USA",840,"CAN",124,"Americas",37.09024,-95.712891,56.130366,-106.346771,5237
2025,"UZB",860,"USA",840,"Asia",41.377491,64.585262,37.09024,-95.712891,16483
2025,"VEN",862,"BRA",76,"Americas",6.42375,-66.58973,-14.235004,-51.92528,182738
2025,"VEN",862,"CAN",124,"Americas",6.42375,-66.58973,56.130366,-106.346771,7436
2025,"VEN",862,"CHL",152,"Americas",6.42375,-66.58973,-35.675147,-71.542969,6904
2025,"VEN",862,"COL",170,"Americas",6.42375,-66.58973,4.570868,-74.297333,17417
2025,"VEN",862,"CRI",188,"Americas",6.42375,-66.58973,9.748917,-83.753428,10373
2025,"VEN",862,"DEU",276,"Americas",6.42375,-66.58973,51.165691,10.451526,8672
2025,"VEN",862,"ECU",218,"Americas",6.42375,-66.58973,-1.831239,-78.183406,8175
2025,"VEN",862,"ESP",724,"Americas",6.42375,-66.58973,40.463667,-3.74922,283741
2025,"VEN",862,"ITA",380,"Americas",6.42375,-66.58973,41.87194,12.56738,9021
2025,"VEN",862,"MEX",484,"Americas",6.42375,-66.58973,23.634501,-102.552784,41855
2025,"VEN",862,"PER",604,"Americas",6.42375,-66.58973,-9.189967,-75.015152,543291
2025,"VEN",862,"TTO",780,"Americas",6.42375,-66.58973,10.691803,-61.222503,22576
2025,"VEN",862,"USA",840,"Americas",6.42375,-66.58973,37.09024,-95.712891,435298
2025,"VNM",704,"FRA",250,"Asia",14.058324,108.277199,46.227638,2.213749,7610
2025,"VNM",704,"GBR",826,"Asia",14.058324,108.277199,55.378051,-3.435973,6499
2025,"VNM",704,"USA",840,"Asia",14.058324,108.277199,37.09024,-95.712891,9038
2025,"YEM",887,"DEU",276,"Asia",15.552727,48.516388,51.165691,10.451526,6071
2025,"YEM",887,"EGY",818,"Asia",15.552727,48.516388,26.820553,30.802498,10324
2025,"YEM",887,"GBR",826,"Asia",15.552727,48.516388,55.378051,-3.435973,6255
2025,"YEM",887,"JOR",400,"Asia",15.552727,48.516388,30.585164,36.238414,6077
2025,"YEM",887,"NLD",528,"Asia",15.552727,48.516388,52.132633,5.291266,10539
2025,"YEM",887,"SOM",706,"Asia",15.552727,48.516388,5.152149,46.199616,13496
